"season","game_id","game_date","상대팀","홈원정","period","남은초","팀마진직전","슛","성공","클러치","레버리지_LI","기대초과","기여"
"2023_24","S43G01N100",20231216,"안양 정관장","원정",2,429,5,"3점",0,FALSE,1.25,-0.325,-1.218
"2023_24","S43G01N100",20231216,"안양 정관장","원정",2,338,2,"3점",0,FALSE,1.38,-0.325,-1.351
"2023_24","S43G01N100",20231216,"안양 정관장","원정",2,187,-0,"3점",0,FALSE,1.5,-0.325,-1.46
"2023_24","S43G01N100",20231216,"안양 정관장","원정",4,377,-15,"2점",0,FALSE,0.19,-0.521,-0.202
"2023_24","S43G01N104",20231217,"창원 LG","원정",2,560,-8,"3점",0,FALSE,1.2,-0.325,-1.171
"2023_24","S43G01N104",20231217,"창원 LG","원정",3,440,-15,"3점",1,FALSE,0.81,0.675,1.632
"2023_24","S43G01N104",20231217,"창원 LG","원정",3,362,-16,"3점",1,FALSE,0.69,0.675,1.406
"2023_24","S43G01N104",20231217,"창원 LG","원정",3,125,-15,"3점",1,FALSE,0.69,0.675,1.403
"2023_24","S43G01N104",20231217,"창원 LG","원정",4,497,-13,"3점",0,FALSE,0.78,-0.325,-0.764
"2023_24","S43G01N104",20231217,"창원 LG","원정",4,351,-16,"3점",0,FALSE,0.22,-0.325,-0.218
"2023_24","S43G01N104",20231217,"창원 LG","원정",4,259,-16,"3점",0,FALSE,0.11,-0.325,-0.103
"2023_24","S43G01N11",20231027,"고양 소노","홈",1,538,2,"3점",0,FALSE,1.14,-0.325,-1.108
"2023_24","S43G01N11",20231027,"서울 삼성","원정",1,520,-4,"2점",1,FALSE,0.75,0.479,0.714
"2023_24","S43G01N11",20231027,"서울 삼성","원정",1,161,-2,"2점",1,FALSE,0.82,0.479,0.789
"2023_24","S43G01N11",20231027,"서울 삼성","원정",1,120,-0,"2점",0,FALSE,0.83,-0.521,-0.869
"2023_24","S43G01N11",20231027,"서울 삼성","원정",1,28,-0,"2점",0,FALSE,0.85,-0.521,-0.891
"2023_24","S43G01N11",20231027,"서울 삼성","원정",2,201,1,"2점",1,FALSE,0.97,0.479,0.926
"2023_24","S43G01N11",20231027,"서울 삼성","원정",2,88,4,"3점",0,FALSE,1.42,-0.325,-1.384
"2023_24","S43G01N11",20231027,"고양 소노","홈",2,2,-2,"3점",1,FALSE,1.61,0.675,3.265
"2023_24","S43G01N11",20231027,"서울 삼성","원정",3,554,-3,"2점",1,FALSE,1.06,0.479,1.014
"2023_24","S43G01N11",20231027,"고양 소노","홈",3,515,1,"3점",0,FALSE,1.64,-0.325,-1.602
"2023_24","S43G01N11",20231027,"고양 소노","홈",3,419,-3,"2점",1,FALSE,1.12,0.479,1.076
"2023_24","S43G01N11",20231027,"고양 소노","홈",3,346,-1,"2점",0,FALSE,1.19,-0.521,-1.239
"2023_24","S43G01N11",20231027,"고양 소노","홈",3,333,-1,"2점",0,FALSE,1.2,-0.521,-1.248
"2023_24","S43G01N11",20231027,"서울 삼성","원정",3,144,-6,"3점",0,FALSE,1.81,-0.325,-1.767
"2023_24","S43G01N11",20231027,"서울 삼성","원정",3,33,-7,"2점",0,FALSE,1.12,-0.521,-1.172
"2023_24","S43G01N11",20231027,"서울 삼성","원정",4,247,-16,"3점",1,FALSE,0.09,0.675,0.185
"2023_24","S43G01N11",20231027,"서울 삼성","원정",4,23,-20,"3점",0,FALSE,0,-0.325,-0
"2023_24","S43G01N115",20231223,"대구 한국가스공사","원정",1,480,-1,"2점",0,FALSE,0.77,-0.521,-0.799
"2023_24","S43G01N115",20231223,"대구 한국가스공사","원정",1,409,-5,"3점",1,FALSE,1.16,0.675,2.353
"2023_24","S43G01N115",20231223,"대구 한국가스공사","원정",1,285,-6,"2점",0,FALSE,0.76,-0.521,-0.791
"2023_24","S43G01N115",20231223,"대구 한국가스공사","원정",2,373,-14,"3점",1,FALSE,0.91,0.675,1.849
"2023_24","S43G01N115",20231223,"대구 한국가스공사","원정",2,319,-10,"3점",0,FALSE,1.16,-0.325,-1.136
"2023_24","S43G01N115",20231223,"대구 한국가스공사","원정",3,521,-15,"2점",0,FALSE,0.51,-0.521,-0.528
"2023_24","S43G01N115",20231223,"대구 한국가스공사","원정",3,200,-25,"3점",0,FALSE,0.1,-0.325,-0.097
"2023_24","S43G01N115",20231223,"대구 한국가스공사","원정",4,476,-35,"3점",1,FALSE,0,0.675,0
"2023_24","S43G01N120",20231225,"서울 SK","원정",1,510,-3,"3점",1,FALSE,1.16,0.675,2.35
"2023_24","S43G01N120",20231225,"서울 SK","원정",1,486,-0,"2점",1,FALSE,0.76,0.479,0.732
"2023_24","S43G01N120",20231225,"서울 SK","원정",1,420,-0,"2점",0,FALSE,0.78,-0.521,-0.809
"2023_24","S43G01N120",20231225,"서울 SK","원정",1,407,-0,"3점",0,FALSE,1.19,-0.325,-1.161
"2023_24","S43G01N120",20231225,"서울 SK","원정",1,99,-9,"2점",1,FALSE,0.72,0.479,0.692
"2023_24","S43G01N120",20231225,"서울 SK","원정",2,586,-7,"3점",0,FALSE,1.23,-0.325,-1.199
"2023_24","S43G01N120",20231225,"서울 SK","원정",2,367,-14,"2점",0,FALSE,0.58,-0.521,-0.599
"2023_24","S43G01N120",20231225,"서울 SK","원정",2,7,-12,"3점",1,FALSE,1.08,0.675,2.182
"2023_24","S43G01N120",20231225,"서울 SK","원정",3,538,-11,"3점",0,FALSE,1.17,-0.325,-1.141
"2023_24","S43G01N120",20231225,"서울 SK","원정",3,491,-9,"2점",0,FALSE,0.85,-0.521,-0.889
"2023_24","S43G01N120",20231225,"서울 SK","원정",3,396,-9,"3점",0,FALSE,1.38,-0.325,-1.346
"2023_24","S43G01N120",20231225,"서울 SK","원정",3,161,-12,"2점",1,FALSE,0.66,0.479,0.629
"2023_24","S43G01N120",20231225,"서울 SK","원정",4,311,-17,"3점",0,FALSE,0.11,-0.325,-0.11
"2023_24","S43G01N125",20231228,"울산 현대모비스","원정",1,562,-1,"2점",0,FALSE,0.75,-0.521,-0.785
"2023_24","S43G01N125",20231228,"울산 현대모비스","원정",1,464,1,"2점",1,FALSE,0.76,0.479,0.732
"2023_24","S43G01N125",20231228,"울산 현대모비스","원정",1,323,3,"2점",0,FALSE,0.77,-0.521,-0.803
"2023_24","S43G01N125",20231228,"울산 현대모비스","원정",2,437,-2,"3점",1,FALSE,1.38,0.675,2.801
"2023_24","S43G01N125",20231228,"울산 현대모비스","원정",2,401,-1,"3점",0,FALSE,1.4,-0.325,-1.366
"2023_24","S43G01N125",20231228,"울산 현대모비스","원정",2,313,-1,"2점",0,FALSE,0.94,-0.521,-0.981
"2023_24","S43G01N125",20231228,"울산 현대모비스","원정",4,552,-8,"3점",0,FALSE,1.69,-0.325,-1.649
"2023_24","S43G01N125",20231228,"울산 현대모비스","원정",4,487,-13,"3점",1,FALSE,0.77,0.675,1.564
"2023_24","S43G01N125",20231228,"울산 현대모비스","원정",4,344,-13,"2점",0,FALSE,0.31,-0.521,-0.327
"2023_24","S43G01N127",20231230,"고양 소노","원정",1,468,5,"3점",0,FALSE,1.09,-0.325,-1.064
"2023_24","S43G01N127",20231230,"고양 소노","원정",1,315,2,"3점",0,FALSE,1.19,-0.325,-1.163
"2023_24","S43G01N127",20231230,"고양 소노","원정",1,44,4,"2점",1,FALSE,0.81,0.479,0.772
"2023_24","S43G01N127",20231230,"고양 소노","원정",2,530,8,"2점",1,FALSE,0.72,0.479,0.693
"2023_24","S43G01N127",20231230,"고양 소노","원정",2,455,12,"3점",0,FALSE,0.87,-0.325,-0.846
"2023_24","S43G01N127",20231230,"고양 소노","원정",2,287,10,"2점",0,FALSE,0.67,-0.521,-0.704
"2023_24","S43G01N127",20231230,"고양 소노","원정",3,580,13,"3점",0,FALSE,0.77,-0.325,-0.752
"2023_24","S43G01N127",20231230,"고양 소노","원정",3,530,13,"2점",1,FALSE,0.52,0.479,0.502
"2023_24","S43G01N127",20231230,"고양 소노","원정",3,439,17,"3점",0,FALSE,0.43,-0.325,-0.422
"2023_24","S43G01N127",20231230,"고양 소노","원정",3,390,19,"2점",1,FALSE,0.21,0.479,0.201
"2023_24","S43G01N127",20231230,"고양 소노","원정",3,353,21,"2점",1,FALSE,0.14,0.479,0.132
"2023_24","S43G01N127",20231230,"고양 소노","원정",4,476,29,"2점",0,FALSE,0,-0.521,-0.001
"2023_24","S43G01N134",20240101,"서울 SK","홈",1,448,2,"2점",0,FALSE,0.76,-0.521,-0.792
"2023_24","S43G01N134",20240101,"서울 SK","홈",1,312,0,"3점",0,FALSE,1.22,-0.325,-1.186
"2023_24","S43G01N134",20240101,"서울 SK","홈",2,467,-4,"3점",1,FALSE,1.35,0.675,2.729
"2023_24","S43G01N134",20240101,"서울 SK","홈",2,379,-3,"3점",1,FALSE,1.4,0.675,2.834
"2023_24","S43G01N134",20240101,"서울 SK","홈",2,271,-2,"3점",0,FALSE,1.46,-0.325,-1.424
"2023_24","S43G01N134",20240101,"서울 SK","홈",2,236,0,"3점",1,FALSE,1.47,0.675,2.977
"2023_24","S43G01N134",20240101,"서울 SK","홈",3,587,-9,"3점",1,FALSE,1.32,0.675,2.664
"2023_24","S43G01N134",20240101,"서울 SK","홈",3,484,-6,"3점",1,FALSE,1.56,0.675,3.161
"2023_24","S43G01N134",20240101,"서울 SK","홈",3,411,-7,"3점",0,FALSE,1.54,-0.325,-1.501
"2023_24","S43G01N134",20240101,"서울 SK","홈",3,327,-5,"3점",0,FALSE,1.73,-0.325,-1.687
"2023_24","S43G01N134",20240101,"서울 SK","홈",3,291,-8,"3점",0,FALSE,1.52,-0.325,-1.48
"2023_24","S43G01N134",20240101,"서울 SK","홈",4,315,1,"3점",0,FALSE,2.91,-0.325,-2.838
"2023_24","S43G01N134",20240101,"서울 SK","홈",4,61,-6,"3점",0,FALSE,1.72,-0.325,-1.676
"2023_24","S43G01N134",20240101,"서울 SK","홈",4,12,-5,"2점",0,TRUE,0.06,-0.521,-0.058
"2023_24","S43G01N139",20240104,"수원 KT","홈",1,328,0,"2점",1,FALSE,0.79,0.479,0.759
"2023_24","S43G01N139",20240104,"수원 KT","홈",1,288,0,"2점",0,FALSE,0.8,-0.521,-0.834
"2023_24","S43G01N139",20240104,"수원 KT","홈",2,584,-9,"3점",0,FALSE,1.15,-0.325,-1.125
"2023_24","S43G01N139",20240104,"수원 KT","홈",2,306,-20,"3점",0,FALSE,0.54,-0.325,-0.523
"2023_24","S43G01N139",20240104,"수원 KT","홈",4,555,-38,"2점",1,FALSE,0,0.479,0
"2023_24","S43G01N139",20240104,"수원 KT","홈",4,364,-36,"3점",0,FALSE,0,-0.325,-0
"2023_24","S43G01N140",20240105,"서울 SK","원정",1,358,-10,"2점",1,FALSE,0.67,0.479,0.638
"2023_24","S43G01N140",20240105,"서울 SK","원정",1,249,-6,"3점",0,FALSE,1.18,-0.325,-1.155
"2023_24","S43G01N140",20240105,"서울 SK","원정",1,238,-6,"2점",1,FALSE,0.77,0.479,0.734
"2023_24","S43G01N140",20240105,"서울 SK","원정",1,187,-6,"3점",0,FALSE,1.2,-0.325,-1.171
"2023_24","S43G01N140",20240105,"서울 SK","원정",2,510,-14,"3점",0,FALSE,0.91,-0.325,-0.885
"2023_24","S43G01N140",20240105,"서울 SK","원정",2,349,-18,"3점",0,FALSE,0.66,-0.325,-0.645
"2023_24","S43G01N140",20240105,"서울 SK","원정",3,566,-16,"3점",0,FALSE,0.75,-0.325,-0.727
"2023_24","S43G01N140",20240105,"서울 SK","원정",3,552,-16,"2점",1,FALSE,0.46,0.479,0.438
"2023_24","S43G01N140",20240105,"서울 SK","원정",3,523,-14,"3점",0,FALSE,0.91,-0.325,-0.886
"2023_24","S43G01N140",20240105,"서울 SK","원정",4,378,-26,"3점",0,FALSE,0,-0.325,-0.003
"2023_24","S43G01N140",20240105,"서울 SK","원정",4,319,-26,"3점",0,FALSE,0,-0.325,-0.001
"2023_24","S43G01N140",20240105,"서울 SK","원정",4,243,-26,"2점",1,FALSE,0,0.479,0
"2023_24","S43G01N140",20240105,"서울 SK","원정",4,185,-27,"2점",0,FALSE,0,-0.521,-0
"2023_24","S43G01N140",20240105,"서울 SK","원정",4,42,-28,"3점",0,FALSE,0,-0.325,-0
"2023_24","S43G01N143",20240106,"원주 DB","홈",1,122,4,"3점",0,FALSE,1.2,-0.325,-1.17
"2023_24","S43G01N143",20240106,"원주 DB","홈",1,117,4,"2점",1,FALSE,0.79,0.479,0.759
"2023_24","S43G01N143",20240106,"원주 DB","홈",2,517,3,"2점",0,FALSE,0.85,-0.521,-0.887
"2023_24","S43G01N143",20240106,"원주 DB","홈",2,513,3,"3점",0,FALSE,1.29,-0.325,-1.26
"2023_24","S43G01N143",20240106,"원주 DB","홈",2,482,0,"3점",0,FALSE,1.36,-0.325,-1.327
"2023_24","S43G01N143",20240106,"원주 DB","홈",2,112,-6,"2점",0,FALSE,0.93,-0.521,-0.965
"2023_24","S43G01N143",20240106,"원주 DB","홈",3,488,-4,"3점",0,FALSE,1.65,-0.325,-1.611
"2023_24","S43G01N143",20240106,"원주 DB","홈",3,231,-5,"2점",1,FALSE,1.16,0.479,1.111
"2023_24","S43G01N145",20240107,"부산 KCC","원정",1,509,2,"2점",0,FALSE,0.75,-0.521,-0.782
"2023_24","S43G01N145",20240107,"부산 KCC","원정",1,258,7,"2점",1,FALSE,0.71,0.479,0.679
"2023_24","S43G01N145",20240107,"부산 KCC","원정",1,231,9,"2점",0,FALSE,0.66,-0.521,-0.689
"2023_24","S43G01N145",20240107,"부산 KCC","원정",2,355,3,"3점",0,FALSE,1.35,-0.325,-1.316
"2023_24","S43G01N145",20240107,"부산 KCC","원정",2,289,3,"2점",1,FALSE,0.91,0.479,0.87
"2023_24","S43G01N145",20240107,"부산 KCC","원정",2,149,3,"2점",1,FALSE,0.95,0.479,0.91
"2023_24","S43G01N145",20240107,"부산 KCC","원정",2,55,5,"2점",0,FALSE,0.92,-0.521,-0.957
"2023_24","S43G01N145",20240107,"부산 KCC","원정",3,564,-0,"2점",0,FALSE,1.07,-0.521,-1.115
"2023_24","S43G01N145",20240107,"부산 KCC","원정",3,378,-0,"3점",0,FALSE,1.78,-0.325,-1.733
"2023_24","S43G01N145",20240107,"부산 KCC","원정",3,95,-10,"3점",0,FALSE,1.34,-0.325,-1.307
"2023_24","S43G01N145",20240107,"부산 KCC","원정",3,13,-10,"3점",0,FALSE,1.34,-0.325,-1.309
"2023_24","S43G01N145",20240107,"부산 KCC","원정",4,556,-11,"3점",1,FALSE,1.16,0.675,2.349
"2023_24","S43G01N145",20240107,"부산 KCC","원정",4,502,-10,"2점",1,FALSE,0.8,0.479,0.764
"2023_24","S43G01N145",20240107,"부산 KCC","원정",4,435,-8,"2점",1,FALSE,1.06,0.479,1.014
"2023_24","S43G01N145",20240107,"부산 KCC","원정",4,401,-8,"2점",0,FALSE,1.06,-0.521,-1.101
"2023_24","S43G01N145",20240107,"부산 KCC","원정",4,357,-8,"3점",0,FALSE,1.74,-0.325,-1.702
"2023_24","S43G01N145",20240107,"부산 KCC","원정",4,312,-8,"3점",0,FALSE,1.73,-0.325,-1.689
"2023_24","S43G01N145",20240107,"부산 KCC","원정",4,200,-6,"2점",1,FALSE,1.46,0.479,1.402
"2023_24","S43G01N145",20240107,"부산 KCC","원정",4,89,-6,"3점",1,FALSE,2.17,0.675,4.388
"2023_24","S43G01N145",20240107,"부산 KCC","원정",4,56,-6,"3점",0,FALSE,1.6,-0.325,-1.559
"2023_24","S43G01N145",20240107,"부산 KCC","원정",4,44,-7,"2점",0,FALSE,0.16,-0.521,-0.17
"2023_24","S43G01N148",20240108,"대구 한국가스공사","원정",1,6,-4,"3점",0,FALSE,1.3,-0.325,-1.266
"2023_24","S43G01N148",20240108,"대구 한국가스공사","원정",2,446,-7,"2점",0,FALSE,0.82,-0.521,-0.852
"2023_24","S43G01N148",20240108,"대구 한국가스공사","원정",2,115,-3,"3점",1,FALSE,1.53,0.675,3.1
"2023_24","S43G01N148",20240108,"대구 한국가스공사","원정",3,485,-2,"3점",0,FALSE,1.7,-0.325,-1.656
"2023_24","S43G01N148",20240108,"대구 한국가스공사","원정",3,91,4,"2점",1,FALSE,1.2,0.479,1.15
"2023_24","S43G01N148",20240108,"대구 한국가스공사","원정",3,59,7,"3점",0,FALSE,1.39,-0.325,-1.352
"2023_24","S43G01N148",20240108,"대구 한국가스공사","원정",4,333,1,"2점",1,FALSE,1.91,0.479,1.832
"2023_24","S43G01N148",20240108,"대구 한국가스공사","원정",4,264,-1,"3점",0,TRUE,3.41,-0.325,-3.327
"2023_24","S43G01N148",20240108,"대구 한국가스공사","원정",4,191,1,"3점",0,TRUE,3.54,-0.325,-3.457
"2023_24","S43G01N148",20240108,"대구 한국가스공사","원정",4,140,-5,"3점",1,TRUE,3.14,0.675,6.355
"2023_24","S43G01N148",20240108,"대구 한국가스공사","원정",4,99,-2,"3점",0,TRUE,5.38,-0.325,-5.252
"2023_24","S43G01N15",20231029,"창원 LG","홈",1,405,0,"3점",0,FALSE,1.19,-0.325,-1.161
"2023_24","S43G01N15",20231029,"창원 LG","홈",1,321,-1,"3점",1,FALSE,1.22,0.675,2.464
"2023_24","S43G01N15",20231029,"창원 LG","홈",1,286,0,"3점",0,FALSE,1.22,-0.325,-1.193
"2023_24","S43G01N15",20231029,"창원 LG","홈",1,65,-4,"3점",0,FALSE,1.28,-0.325,-1.246
"2023_24","S43G01N15",20231029,"창원 LG","홈",2,424,-10,"2점",0,FALSE,0.73,-0.521,-0.758
"2023_24","S43G01N15",20231029,"창원 LG","홈",2,250,-10,"2점",0,FALSE,0.75,-0.521,-0.781
"2023_24","S43G01N15",20231029,"창원 LG","홈",3,493,-15,"2점",1,FALSE,0.5,0.479,0.482
"2023_24","S43G01N15",20231029,"창원 LG","홈",3,460,-15,"3점",0,FALSE,0.81,-0.325,-0.791
"2023_24","S43G01N15",20231029,"창원 LG","홈",4,462,-17,"3점",0,FALSE,0.27,-0.325,-0.266
"2023_24","S43G01N153",20240117,"안양 정관장","홈",1,559,2,"2점",0,FALSE,0.74,-0.521,-0.774
"2023_24","S43G01N153",20240117,"안양 정관장","홈",1,246,9,"2점",0,FALSE,0.66,-0.521,-0.688
"2023_24","S43G01N153",20240117,"안양 정관장","홈",2,564,-5,"2점",1,FALSE,0.84,0.479,0.8
"2023_24","S43G01N153",20240117,"안양 정관장","홈",2,476,-7,"2점",0,FALSE,0.81,-0.521,-0.846
"2023_24","S43G01N153",20240117,"안양 정관장","홈",2,294,-1,"2점",1,FALSE,0.95,0.479,0.906
"2023_24","S43G01N153",20240117,"안양 정관장","홈",2,226,-3,"3점",1,FALSE,1.47,0.675,2.979
"2023_24","S43G01N153",20240117,"안양 정관장","홈",2,118,-5,"3점",1,FALSE,1.48,0.675,2.991
"2023_24","S43G01N153",20240117,"안양 정관장","홈",3,539,-3,"2점",0,FALSE,1.07,-0.521,-1.11
"2023_24","S43G01N153",20240117,"안양 정관장","홈",3,479,-1,"3점",0,FALSE,1.7,-0.325,-1.662
"2023_24","S43G01N153",20240117,"안양 정관장","홈",3,407,-1,"3점",1,FALSE,1.76,0.675,3.569
"2023_24","S43G01N153",20240117,"안양 정관장","홈",3,369,-1,"3점",0,FALSE,1.8,-0.325,-1.754
"2023_24","S43G01N153",20240117,"안양 정관장","홈",3,270,-5,"3점",0,FALSE,1.78,-0.325,-1.734
"2023_24","S43G01N153",20240117,"안양 정관장","홈",3,240,-5,"3점",1,FALSE,1.8,0.675,3.652
"2023_24","S43G01N153",20240117,"안양 정관장","홈",3,180,-3,"3점",0,FALSE,1.97,-0.325,-1.925
"2023_24","S43G01N153",20240117,"안양 정관장","홈",3,126,-1,"2점",1,FALSE,1.36,0.479,1.299
"2023_24","S43G01N153",20240117,"안양 정관장","홈",3,82,1,"2점",0,FALSE,1.37,-0.521,-1.428
"2023_24","S43G01N153",20240117,"안양 정관장","홈",3,22,-4,"2점",1,FALSE,1.37,0.479,1.31
"2023_24","S43G01N153",20240117,"안양 정관장","홈",4,522,-3,"3점",1,FALSE,2.39,0.675,4.838
"2023_24","S43G01N153",20240117,"안양 정관장","홈",4,326,-3,"3점",1,FALSE,2.97,0.675,6.021
"2023_24","S43G01N153",20240117,"안양 정관장","홈",4,133,4,"2점",0,TRUE,1.49,-0.521,-1.552
"2023_24","S43G01N153",20240117,"안양 정관장","홈",4,50,3,"2점",0,TRUE,1.5,-0.521,-1.564
"2023_24","S43G01N153",20240117,"안양 정관장","홈",4,26,2,"3점",1,TRUE,2.21,0.675,4.475
"2023_24","S43G01N157",20240119,"안양 정관장","원정",1,525,-1,"3점",0,FALSE,1.16,-0.325,-1.135
"2023_24","S43G01N157",20240119,"안양 정관장","원정",1,493,1,"2점",1,FALSE,0.76,0.479,0.727
"2023_24","S43G01N157",20240119,"안양 정관장","원정",2,530,-2,"2점",0,FALSE,0.88,-0.521,-0.914
"2023_24","S43G01N157",20240119,"안양 정관장","원정",2,489,-5,"2점",1,FALSE,0.85,0.479,0.816
"2023_24","S43G01N157",20240119,"안양 정관장","원정",2,349,-6,"2점",0,FALSE,0.86,-0.521,-0.9
"2023_24","S43G01N157",20240119,"안양 정관장","원정",2,198,-9,"3점",0,FALSE,1.25,-0.325,-1.222
"2023_24","S43G01N157",20240119,"안양 정관장","원정",3,563,-11,"3점",1,FALSE,1.17,0.675,2.359
"2023_24","S43G01N157",20240119,"안양 정관장","원정",3,520,-10,"3점",1,FALSE,1.26,0.675,2.544
"2023_24","S43G01N157",20240119,"안양 정관장","원정",3,493,-7,"2점",0,FALSE,0.95,-0.521,-0.994
"2023_24","S43G01N157",20240119,"안양 정관장","원정",3,452,-8,"3점",0,FALSE,1.44,-0.325,-1.407
"2023_24","S43G01N157",20240119,"안양 정관장","원정",4,531,-15,"3점",0,FALSE,0.54,-0.325,-0.531
"2023_24","S43G01N157",20240119,"안양 정관장","원정",4,464,-17,"3점",1,FALSE,0.27,0.675,0.556
"2023_24","S43G01N157",20240119,"안양 정관장","원정",4,388,-10,"2점",0,FALSE,0.74,-0.521,-0.767
"2023_24","S43G01N157",20240119,"안양 정관장","원정",4,269,-10,"3점",0,FALSE,1.05,-0.325,-1.024
"2023_24","S43G01N157",20240119,"안양 정관장","원정",4,142,-10,"2점",1,FALSE,0.25,0.479,0.241
"2023_24","S43G01N157",20240119,"안양 정관장","원정",4,110,-8,"3점",1,FALSE,1.01,0.675,2.049
"2023_24","S43G01N160",20240120,"수원 KT","홈",1,472,-5,"3점",1,FALSE,1.15,0.675,2.322
"2023_24","S43G01N160",20240120,"수원 KT","홈",1,278,-5,"2점",1,FALSE,0.77,0.479,0.742
"2023_24","S43G01N160",20240120,"수원 KT","홈",1,231,-2,"3점",0,FALSE,1.24,-0.325,-1.213
"2023_24","S43G01N160",20240120,"수원 KT","홈",1,151,-7,"2점",1,FALSE,0.76,0.479,0.73
"2023_24","S43G01N160",20240120,"수원 KT","홈",1,109,-7,"3점",0,FALSE,1.19,-0.325,-1.165
"2023_24","S43G01N160",20240120,"수원 KT","홈",1,75,-10,"2점",1,FALSE,0.7,0.479,0.668
"2023_24","S43G01N160",20240120,"수원 KT","홈",2,136,-10,"3점",0,FALSE,1.21,-0.325,-1.176
"2023_24","S43G01N160",20240120,"수원 KT","홈",2,86,-13,"2점",0,FALSE,0.62,-0.521,-0.649
"2023_24","S43G01N160",20240120,"수원 KT","홈",2,39,-11,"2점",1,FALSE,0.73,0.479,0.696
"2023_24","S43G01N160",20240120,"수원 KT","홈",2,1,-12,"2점",0,FALSE,0.68,-0.521,-0.705
"2023_24","S43G01N160",20240120,"수원 KT","홈",3,284,-10,"3점",0,FALSE,1.31,-0.325,-1.279
"2023_24","S43G01N160",20240120,"수원 KT","홈",3,258,-10,"2점",1,FALSE,0.82,0.479,0.786
"2023_24","S43G01N160",20240120,"수원 KT","홈",4,588,-6,"2점",0,FALSE,1.24,-0.521,-1.295
"2023_24","S43G01N160",20240120,"수원 KT","홈",4,449,-5,"3점",0,FALSE,2.32,-0.325,-2.265
"2023_24","S43G01N160",20240120,"수원 KT","홈",4,371,-7,"2점",0,FALSE,1.23,-0.521,-1.277
"2023_24","S43G01N160",20240120,"수원 KT","홈",4,182,-15,"2점",0,FALSE,0.03,-0.521,-0.026
"2023_24","S43G01N162",20240121,"부산 KCC","홈",1,520,-5,"2점",1,FALSE,0.74,0.479,0.705
"2023_24","S43G01N162",20240121,"부산 KCC","홈",1,441,-5,"3점",0,FALSE,1.15,-0.325,-1.127
"2023_24","S43G01N162",20240121,"부산 KCC","홈",1,419,-7,"3점",0,FALSE,1.12,-0.325,-1.092
"2023_24","S43G01N162",20240121,"부산 KCC","홈",1,279,-2,"2점",1,FALSE,0.8,0.479,0.767
"2023_24","S43G01N162",20240121,"부산 KCC","홈",2,338,-2,"3점",0,FALSE,1.43,-0.325,-1.393
"2023_24","S43G01N162",20240121,"부산 KCC","홈",2,226,-3,"2점",0,FALSE,0.96,-0.521,-0.996
"2023_24","S43G01N162",20240121,"부산 KCC","홈",2,104,5,"2점",1,FALSE,0.9,0.479,0.867
"2023_24","S43G01N162",20240121,"부산 KCC","홈",2,66,4,"2점",0,FALSE,0.95,-0.521,-0.989
"2023_24","S43G01N162",20240121,"부산 KCC","홈",3,529,7,"2점",0,FALSE,0.86,-0.521,-0.897
"2023_24","S43G01N162",20240121,"부산 KCC","홈",3,405,3,"3점",0,FALSE,1.63,-0.325,-1.589
"2023_24","S43G01N162",20240121,"부산 KCC","홈",3,337,1,"3점",1,FALSE,1.78,0.675,3.608
"2023_24","S43G01N162",20240121,"부산 KCC","홈",3,300,4,"3점",0,FALSE,1.63,-0.325,-1.588
"2023_24","S43G01N162",20240121,"부산 KCC","홈",3,138,-6,"3점",0,FALSE,1.82,-0.325,-1.773
"2023_24","S43G01N162",20240121,"부산 KCC","홈",4,462,-7,"2점",0,FALSE,1.2,-0.521,-1.247
"2023_24","S43G01N162",20240121,"부산 KCC","홈",4,255,-13,"3점",0,FALSE,0.37,-0.325,-0.361
"2023_24","S43G01N162",20240121,"부산 KCC","홈",4,139,-13,"3점",0,FALSE,0.08,-0.325,-0.081
"2023_24","S43G01N166",20240123,"서울 삼성","홈",1,577,0,"2점",0,FALSE,0.75,-0.521,-0.782
"2023_24","S43G01N166",20240123,"서울 삼성","홈",1,537,2,"3점",0,FALSE,1.14,-0.325,-1.109
"2023_24","S43G01N166",20240123,"서울 삼성","홈",1,528,2,"3점",1,FALSE,1.14,0.675,2.304
"2023_24","S43G01N166",20240123,"고양 소노","원정",1,483,-5,"3점",0,FALSE,1.14,-0.325,-1.117
"2023_24","S43G01N166",20240123,"서울 삼성","홈",1,358,6,"2점",0,FALSE,0.72,-0.521,-0.748
"2023_24","S43G01N166",20240123,"서울 삼성","홈",1,314,6,"3점",1,FALSE,1.09,0.675,2.211
"2023_24","S43G01N166",20240123,"서울 삼성","홈",1,224,9,"3점",0,FALSE,0.99,-0.325,-0.968
"2023_24","S43G01N166",20240123,"서울 삼성","홈",2,480,1,"3점",0,FALSE,1.35,-0.325,-1.316
"2023_24","S43G01N166",20240123,"고양 소노","원정",2,454,-1,"3점",0,FALSE,1.38,-0.325,-1.344
"2023_24","S43G01N166",20240123,"서울 삼성","홈",2,119,8,"3점",1,FALSE,1.16,0.675,2.349
"2023_24","S43G01N166",20240123,"서울 삼성","홈",2,87,9,"3점",0,FALSE,1.09,-0.325,-1.066
"2023_24","S43G01N166",20240123,"서울 삼성","홈",3,568,2,"2점",0,FALSE,1.04,-0.521,-1.083
"2023_24","S43G01N166",20240123,"서울 삼성","홈",3,465,5,"2점",1,FALSE,0.98,0.479,0.935
"2023_24","S43G01N166",20240123,"서울 삼성","홈",3,347,8,"3점",0,FALSE,1.22,-0.325,-1.195
"2023_24","S43G01N166",20240123,"고양 소노","원정",3,309,-8,"3점",0,FALSE,1.51,-0.325,-1.471
"2023_24","S43G01N166",20240123,"서울 삼성","홈",3,198,10,"2점",0,FALSE,0.69,-0.521,-0.716
"2023_24","S43G01N166",20240123,"서울 삼성","홈",3,68,11,"2점",0,FALSE,0.57,-0.521,-0.598
"2023_24","S43G01N166",20240123,"서울 삼성","홈",4,441,6,"3점",0,FALSE,1.58,-0.325,-1.538
"2023_24","S43G01N166",20240123,"서울 삼성","홈",4,415,4,"3점",1,FALSE,2.04,0.675,4.13
"2023_24","S43G01N166",20240123,"서울 삼성","홈",4,327,2,"3점",0,FALSE,2.66,-0.325,-2.595
"2023_24","S43G01N166",20240123,"고양 소노","원정",4,305,-4,"2점",0,FALSE,1.82,-0.521,-1.894
"2023_24","S43G01N166",20240123,"서울 삼성","홈",4,283,4,"2점",1,TRUE,1.52,0.479,1.455
"2023_24","S43G01N166",20240123,"서울 삼성","홈",4,155,6,"3점",0,FALSE,1.04,-0.325,-1.016
"2023_24","S43G01N166",20240123,"고양 소노","원정",4,108,-8,"3점",0,FALSE,0.99,-0.325,-0.968
"2023_24","S43G01N166",20240123,"서울 삼성","홈",4,32,4,"2점",1,TRUE,0.33,0.479,0.32
"2023_24","S43G01N169",20240126,"창원 LG","원정",1,259,-0,"2점",0,FALSE,0.81,-0.521,-0.84
"2023_24","S43G01N169",20240126,"창원 LG","원정",1,58,-8,"3점",0,FALSE,1.17,-0.325,-1.146
"2023_24","S43G01N169",20240126,"창원 LG","원정",3,466,-20,"2점",0,FALSE,0.26,-0.521,-0.266
"2023_24","S43G01N169",20240126,"창원 LG","원정",3,405,-18,"2점",0,FALSE,0.33,-0.521,-0.342
"2023_24","S43G01N169",20240126,"창원 LG","원정",3,347,-20,"2점",0,FALSE,0.23,-0.521,-0.235
"2023_24","S43G01N17",20231029,"울산 현대모비스","홈",1,540,0,"2점",1,FALSE,0.76,0.479,0.724
"2023_24","S43G01N17",20231029,"울산 현대모비스","홈",1,225,-1,"3점",1,FALSE,1.25,0.675,2.521
"2023_24","S43G01N17",20231029,"울산 현대모비스","홈",1,146,2,"2점",1,FALSE,0.81,0.479,0.78
"2023_24","S43G01N17",20231029,"울산 현대모비스","홈",1,8,3,"3점",1,FALSE,1.26,0.675,2.551
"2023_24","S43G01N17",20231029,"울산 현대모비스","홈",2,545,0,"3점",1,FALSE,1.34,0.675,2.704
"2023_24","S43G01N17",20231029,"울산 현대모비스","홈",2,421,2,"3점",1,FALSE,1.35,0.675,2.735
"2023_24","S43G01N17",20231029,"울산 현대모비스","홈",2,318,5,"2점",0,FALSE,0.85,-0.521,-0.888
"2023_24","S43G01N17",20231029,"울산 현대모비스","홈",3,325,-1,"3점",1,FALSE,1.84,0.675,3.723
"2023_24","S43G01N17",20231029,"울산 현대모비스","홈",4,431,2,"3점",1,FALSE,2.4,0.675,4.865
"2023_24","S43G01N17",20231029,"울산 현대모비스","홈",4,383,5,"3점",1,FALSE,1.82,0.675,3.684
"2023_24","S43G01N170",20240126,"울산 현대모비스","원정",1,307,-1,"3점",0,FALSE,1.22,-0.325,-1.192
"2023_24","S43G01N170",20240126,"울산 현대모비스","원정",1,266,1,"3점",0,FALSE,1.22,-0.325,-1.19
"2023_24","S43G01N170",20240126,"울산 현대모비스","원정",1,256,1,"2점",0,FALSE,0.8,-0.521,-0.835
"2023_24","S43G01N170",20240126,"울산 현대모비스","원정",2,405,-13,"2점",0,FALSE,0.61,-0.521,-0.641
"2023_24","S43G01N170",20240126,"울산 현대모비스","원정",2,330,-18,"3점",0,FALSE,0.66,-0.325,-0.643
"2023_24","S43G01N170",20240126,"울산 현대모비스","원정",2,272,-15,"3점",1,FALSE,0.85,0.675,1.718
"2023_24","S43G01N170",20240126,"울산 현대모비스","원정",2,151,-11,"2점",1,FALSE,0.72,0.479,0.687
"2023_24","S43G01N170",20240126,"울산 현대모비스","원정",2,76,-8,"3점",0,FALSE,1.35,-0.325,-1.319
"2023_24","S43G01N170",20240126,"울산 현대모비스","원정",2,46,-8,"3점",0,FALSE,1.36,-0.325,-1.33
"2023_24","S43G01N170",20240126,"울산 현대모비스","원정",3,258,-5,"2점",1,FALSE,1.15,0.479,1.097
"2023_24","S43G01N170",20240126,"울산 현대모비스","원정",3,20,-9,"2점",1,FALSE,0.93,0.479,0.888
"2023_24","S43G01N170",20240126,"울산 현대모비스","원정",4,566,-7,"2점",1,FALSE,1.15,0.479,1.104
"2023_24","S43G01N170",20240126,"울산 현대모비스","원정",4,517,-10,"3점",1,FALSE,1.33,0.675,2.685
"2023_24","S43G01N170",20240126,"울산 현대모비스","원정",4,287,-13,"3점",0,FALSE,0.45,-0.325,-0.436
"2023_24","S43G01N170",20240126,"울산 현대모비스","원정",4,73,-8,"2점",1,FALSE,0.23,0.479,0.219
"2023_24","S43G01N170",20240126,"울산 현대모비스","원정",4,44,-8,"3점",0,FALSE,0.17,-0.325,-0.17
"2023_24","S43G01N175",20240128,"울산 현대모비스","원정",1,168,-13,"3점",0,FALSE,0.94,-0.325,-0.917
"2023_24","S43G01N175",20240128,"울산 현대모비스","원정",1,145,-11,"2점",1,FALSE,0.66,0.479,0.633
"2023_24","S43G01N175",20240128,"울산 현대모비스","원정",1,119,-9,"3점",0,FALSE,1.12,-0.325,-1.096
"2023_24","S43G01N175",20240128,"울산 현대모비스","원정",2,518,-10,"2점",0,FALSE,0.72,-0.521,-0.746
"2023_24","S43G01N176",20240128,"대구 한국가스공사","홈",1,562,3,"3점",0,FALSE,1.11,-0.325,-1.088
"2023_24","S43G01N176",20240128,"대구 한국가스공사","홈",1,316,-4,"3점",0,FALSE,1.2,-0.325,-1.173
"2023_24","S43G01N176",20240128,"대구 한국가스공사","홈",1,54,-3,"2점",0,FALSE,0.84,-0.521,-0.877
"2023_24","S43G01N176",20240128,"대구 한국가스공사","홈",2,581,-8,"3점",1,FALSE,1.19,0.675,2.417
"2023_24","S43G01N176",20240128,"대구 한국가스공사","홈",2,523,-5,"3점",0,FALSE,1.31,-0.325,-1.275
"2023_24","S43G01N176",20240128,"대구 한국가스공사","홈",2,381,-5,"2점",0,FALSE,0.88,-0.521,-0.915
"2023_24","S43G01N176",20240128,"대구 한국가스공사","홈",2,352,-7,"2점",1,FALSE,0.84,0.479,0.801
"2023_24","S43G01N176",20240128,"대구 한국가스공사","홈",2,100,-8,"2점",1,FALSE,0.86,0.479,0.821
"2023_24","S43G01N176",20240128,"대구 한국가스공사","홈",2,35,-8,"3점",0,FALSE,1.37,-0.325,-1.334
"2023_24","S43G01N176",20240128,"대구 한국가스공사","홈",3,581,-8,"3점",0,FALSE,1.39,-0.325,-1.355
"2023_24","S43G01N176",20240128,"대구 한국가스공사","홈",3,231,-12,"2점",0,FALSE,0.67,-0.521,-0.695
"2023_24","S43G01N176",20240128,"대구 한국가스공사","홈",3,155,-15,"3점",0,FALSE,0.71,-0.325,-0.692
"2023_24","S43G01N176",20240128,"대구 한국가스공사","홈",4,196,4,"3점",0,TRUE,2.14,-0.325,-2.091
"2023_24","S43G01N176",20240128,"대구 한국가스공사","홈",4,41,2,"2점",0,TRUE,2.49,-0.521,-2.591
"2023_24","S43G01N176",20240128,"대구 한국가스공사","홈",4,15,0,"2점",1,TRUE,7.28,0.479,6.974
"2023_24","S43G01N178",20240130,"창원 LG","홈",1,440,2,"3점",0,FALSE,1.16,-0.325,-1.131
"2023_24","S43G01N178",20240130,"창원 LG","홈",2,572,-3,"2점",0,FALSE,0.86,-0.521,-0.896
"2023_24","S43G01N178",20240130,"창원 LG","홈",2,434,-2,"2점",0,FALSE,0.9,-0.521,-0.94
"2023_24","S43G01N178",20240130,"창원 LG","홈",2,348,-1,"2점",1,FALSE,0.93,0.479,0.891
"2023_24","S43G01N178",20240130,"창원 LG","홈",2,192,-7,"3점",0,FALSE,1.36,-0.325,-1.328
"2023_24","S43G01N178",20240130,"창원 LG","홈",2,43,-12,"2점",0,FALSE,0.67,-0.521,-0.704
"2023_24","S43G01N178",20240130,"창원 LG","홈",3,566,-9,"3점",0,FALSE,1.32,-0.325,-1.291
"2023_24","S43G01N178",20240130,"창원 LG","홈",3,436,-8,"2점",1,FALSE,0.92,0.479,0.88
"2023_24","S43G01N178",20240130,"창원 LG","홈",3,190,-9,"2점",1,FALSE,0.91,0.479,0.868
"2023_24","S43G01N178",20240130,"창원 LG","홈",3,119,-7,"2점",0,FALSE,1.09,-0.521,-1.134
"2023_24","S43G01N178",20240130,"창원 LG","홈",4,554,-8,"2점",1,FALSE,1.05,0.479,1.001
"2023_24","S43G01N178",20240130,"창원 LG","홈",4,333,-8,"2점",0,FALSE,1.04,-0.521,-1.081
"2023_24","S43G01N178",20240130,"창원 LG","홈",4,46,-7,"3점",0,FALSE,0.56,-0.325,-0.542
"2023_24","S43G01N178",20240130,"창원 LG","홈",4,18,-5,"2점",1,TRUE,0.22,0.479,0.209
"2023_24","S43G01N179",20240130,"원주 DB","홈",2,545,0,"2점",0,FALSE,0.87,-0.521,-0.912
"2023_24","S43G01N179",20240130,"원주 DB","홈",2,538,0,"3점",0,FALSE,1.34,-0.325,-1.306
"2023_24","S43G01N179",20240130,"원주 DB","홈",2,306,1,"3점",0,FALSE,1.42,-0.325,-1.387
"2023_24","S43G01N179",20240130,"원주 DB","홈",2,235,-2,"2점",0,FALSE,0.96,-0.521,-1.003
"2023_24","S43G01N179",20240130,"원주 DB","홈",3,484,-12,"2점",1,FALSE,0.68,0.479,0.65
"2023_24","S43G01N179",20240130,"원주 DB","홈",3,431,-12,"2점",1,FALSE,0.68,0.479,0.65
"2023_24","S43G01N179",20240130,"원주 DB","홈",3,322,-13,"3점",1,FALSE,0.98,0.675,1.988
"2023_24","S43G01N179",20240130,"원주 DB","홈",4,443,-31,"2점",0,FALSE,0,-0.521,-0
"2023_24","S43G01N185",20240203,"대구 한국가스공사","원정",1,460,-3,"2점",0,FALSE,0.76,-0.521,-0.796
"2023_24","S43G01N185",20240203,"대구 한국가스공사","원정",1,432,-3,"2점",1,FALSE,0.77,0.479,0.735
"2023_24","S43G01N185",20240203,"대구 한국가스공사","원정",1,342,-5,"2점",1,FALSE,0.76,0.479,0.732
"2023_24","S43G01N185",20240203,"대구 한국가스공사","원정",1,235,-7,"2점",1,FALSE,0.75,0.479,0.717
"2023_24","S43G01N185",20240203,"대구 한국가스공사","원정",1,106,-4,"3점",0,FALSE,1.26,-0.325,-1.233
"2023_24","S43G01N185",20240203,"대구 한국가스공사","원정",1,102,-4,"3점",1,FALSE,1.27,0.675,2.561
"2023_24","S43G01N185",20240203,"대구 한국가스공사","원정",2,515,-6,"2점",0,FALSE,0.83,-0.521,-0.862
"2023_24","S43G01N185",20240203,"대구 한국가스공사","원정",2,358,-4,"3점",0,FALSE,1.39,-0.325,-1.359
"2023_24","S43G01N185",20240203,"대구 한국가스공사","원정",2,292,-5,"3점",0,FALSE,1.4,-0.325,-1.362
"2023_24","S43G01N185",20240203,"대구 한국가스공사","원정",2,141,-6,"3점",0,FALSE,1.43,-0.325,-1.393
"2023_24","S43G01N185",20240203,"대구 한국가스공사","원정",2,89,-6,"2점",1,FALSE,0.93,0.479,0.893
"2023_24","S43G01N185",20240203,"대구 한국가스공사","원정",2,37,-9,"3점",1,FALSE,1.3,0.675,2.632
"2023_24","S43G01N185",20240203,"대구 한국가스공사","원정",3,77,-16,"3점",0,FALSE,0.56,-0.325,-0.542
"2023_24","S43G01N185",20240203,"대구 한국가스공사","원정",4,538,-18,"3점",0,FALSE,0.27,-0.325,-0.262
"2023_24","S43G01N185",20240203,"대구 한국가스공사","원정",4,246,-15,"2점",1,FALSE,0.07,0.479,0.069
"2023_24","S43G01N186",20240203,"창원 LG","홈",1,518,-2,"2점",0,FALSE,0.76,-0.521,-0.791
"2023_24","S43G01N186",20240203,"창원 LG","홈",1,354,-3,"2점",0,FALSE,0.78,-0.521,-0.815
"2023_24","S43G01N186",20240203,"창원 LG","홈",1,231,-1,"3점",0,FALSE,1.24,-0.325,-1.214
"2023_24","S43G01N186",20240203,"창원 LG","홈",1,204,-1,"2점",1,FALSE,0.82,0.479,0.783
"2023_24","S43G01N186",20240203,"창원 LG","홈",1,175,1,"2점",1,FALSE,0.82,0.479,0.783
"2023_24","S43G01N186",20240203,"창원 LG","홈",2,373,7,"3점",0,FALSE,1.17,-0.325,-1.14
"2023_24","S43G01N186",20240203,"창원 LG","홈",2,2,13,"3점",1,FALSE,0.77,0.675,1.568
"2023_24","S43G01N186",20240203,"창원 LG","홈",3,399,9,"2점",0,FALSE,0.76,-0.521,-0.794
"2023_24","S43G01N186",20240203,"창원 LG","홈",4,472,6,"2점",0,FALSE,1.1,-0.521,-1.144
"2023_24","S43G01N186",20240203,"창원 LG","홈",4,279,2,"3점",0,TRUE,2.81,-0.325,-2.737
"2023_24","S43G01N186",20240203,"창원 LG","홈",4,102,3,"3점",0,TRUE,2.54,-0.325,-2.475
"2023_24","S43G01N186",20240203,"창원 LG","홈",4,7,0,"2점",1,TRUE,8.52,0.479,8.156
"2023_24","S43G01N189",20240204,"부산 KCC","홈",1,410,1,"3점",0,FALSE,1.18,-0.325,-1.151
"2023_24","S43G01N189",20240204,"부산 KCC","홈",2,336,-6,"2점",1,FALSE,0.87,0.479,0.83
"2023_24","S43G01N189",20240204,"부산 KCC","홈",2,230,-5,"3점",1,FALSE,1.42,0.675,2.882
"2023_24","S43G01N189",20240204,"부산 KCC","홈",2,6,-4,"2점",1,FALSE,1.02,0.479,0.974
"2023_24","S43G01N189",20240204,"부산 KCC","홈",3,544,0,"3점",0,FALSE,1.64,-0.325,-1.605
"2023_24","S43G01N189",20240204,"부산 KCC","홈",3,509,0,"2점",1,FALSE,1.1,0.479,1.049
"2023_24","S43G01N189",20240204,"부산 KCC","홈",3,478,2,"2점",1,FALSE,1.08,0.479,1.033
"2023_24","S43G01N189",20240204,"부산 KCC","홈",3,346,3,"2점",1,FALSE,1.11,0.479,1.064
"2023_24","S43G01N189",20240204,"부산 KCC","홈",4,573,4,"2점",0,FALSE,1.28,-0.521,-1.334
"2023_24","S43G01N189",20240204,"부산 KCC","홈",4,239,0,"2점",1,TRUE,2.33,0.479,2.227
"2023_24","S43G01N189",20240204,"부산 KCC","홈",4,133,0,"2점",1,TRUE,3.07,0.479,2.942
"2023_24","S43G01N189",20240204,"부산 KCC","홈",5,254,1,"3점",0,TRUE,3.18,-0.325,-3.099
"2023_24","S43G01N190",20240205,"수원 KT","홈",1,573,0,"3점",0,FALSE,1.15,-0.325,-1.12
"2023_24","S43G01N190",20240205,"수원 KT","홈",1,516,-4,"3점",0,FALSE,1.15,-0.325,-1.122
"2023_24","S43G01N190",20240205,"수원 KT","홈",1,145,0,"3점",0,FALSE,1.27,-0.325,-1.235
"2023_24","S43G01N190",20240205,"수원 KT","홈",1,134,0,"2점",1,FALSE,0.83,0.479,0.796
"2023_24","S43G01N190",20240205,"수원 KT","홈",1,48,2,"2점",1,FALSE,0.84,0.479,0.8
"2023_24","S43G01N190",20240205,"수원 KT","홈",2,480,1,"2점",1,FALSE,0.88,0.479,0.847
"2023_24","S43G01N190",20240205,"수원 KT","홈",2,278,7,"2점",0,FALSE,0.8,-0.521,-0.829
"2023_24","S43G01N190",20240205,"수원 KT","홈",2,114,4,"3점",1,FALSE,1.41,0.675,2.849
"2023_24","S43G01N190",20240205,"수원 KT","홈",2,80,4,"3점",0,FALSE,1.42,-0.325,-1.388
"2023_24","S43G01N190",20240205,"수원 KT","홈",3,552,4,"2점",1,FALSE,0.99,0.479,0.945
"2023_24","S43G01N190",20240205,"수원 KT","홈",3,346,4,"3점",0,FALSE,1.6,-0.325,-1.56
"2023_24","S43G01N190",20240205,"수원 KT","홈",3,277,1,"2점",1,FALSE,1.21,0.479,1.163
"2023_24","S43G01N190",20240205,"수원 KT","홈",3,197,2,"2점",0,FALSE,1.24,-0.521,-1.292
"2023_24","S43G01N190",20240205,"수원 KT","홈",3,130,0,"2점",1,FALSE,1.35,0.479,1.29
"2023_24","S43G01N190",20240205,"수원 KT","홈",3,25,-3,"2점",0,FALSE,1.42,-0.521,-1.476
"2023_24","S43G01N190",20240205,"수원 KT","홈",4,482,-5,"3점",1,FALSE,2.26,0.675,4.575
"2023_24","S43G01N190",20240205,"수원 KT","홈",4,246,-8,"2점",1,FALSE,0.96,0.479,0.917
"2023_24","S43G01N190",20240205,"수원 KT","홈",4,138,-9,"2점",0,FALSE,0.4,-0.521,-0.421
"2023_24","S43G01N190",20240205,"수원 KT","홈",4,51,-7,"3점",1,FALSE,0.67,0.675,1.356
"2023_24","S43G01N192",20240206,"대구 한국가스공사","원정",1,541,-0,"2점",1,FALSE,0.76,0.479,0.723
"2023_24","S43G01N192",20240206,"대구 한국가스공사","원정",1,515,2,"2점",1,FALSE,0.75,0.479,0.718
"2023_24","S43G01N192",20240206,"대구 한국가스공사","원정",1,267,-1,"2점",0,FALSE,0.8,-0.521,-0.839
"2023_24","S43G01N192",20240206,"대구 한국가스공사","원정",2,475,-5,"3점",1,FALSE,1.32,0.675,2.679
"2023_24","S43G01N192",20240206,"대구 한국가스공사","원정",3,554,-1,"3점",0,FALSE,1.65,-0.325,-1.608
"2023_24","S43G01N192",20240206,"대구 한국가스공사","원정",3,352,1,"3점",1,FALSE,1.77,0.675,3.581
"2023_24","S43G01N192",20240206,"대구 한국가스공사","원정",3,2,7,"3점",0,FALSE,1.39,-0.325,-1.355
"2023_24","S43G01N192",20240206,"대구 한국가스공사","원정",4,557,4,"3점",1,FALSE,1.9,0.675,3.846
"2023_24","S43G01N192",20240206,"대구 한국가스공사","원정",4,352,4,"3점",0,FALSE,2.1,-0.325,-2.05
"2023_24","S43G01N192",20240206,"대구 한국가스공사","원정",4,179,1,"3점",0,TRUE,3.63,-0.325,-3.539
"2023_24","S43G01N192",20240206,"대구 한국가스공사","원정",4,134,1,"2점",0,TRUE,2.81,-0.521,-2.931
"2023_24","S43G01N196",20240209,"서울 삼성","홈",1,558,-2,"2점",0,FALSE,0.75,-0.521,-0.784
"2023_24","S43G01N196",20240209,"서울 삼성","홈",1,545,-2,"2점",1,FALSE,0.75,0.479,0.722
"2023_24","S43G01N196",20240209,"서울 삼성","홈",1,428,-4,"2점",1,FALSE,0.76,0.479,0.728
"2023_24","S43G01N196",20240209,"고양 소노","원정",1,242,3,"3점",0,FALSE,1.19,-0.325,-1.163
"2023_24","S43G01N196",20240209,"서울 삼성","홈",1,228,-3,"2점",1,FALSE,0.8,0.479,0.771
"2023_24","S43G01N196",20240209,"서울 삼성","홈",1,1,-1,"3점",0,FALSE,1.32,-0.325,-1.289
"2023_24","S43G01N196",20240209,"서울 삼성","홈",2,535,-1,"3점",0,FALSE,1.35,-0.325,-1.313
"2023_24","S43G01N196",20240209,"고양 소노","원정",2,450,-0,"2점",0,FALSE,0.9,-0.521,-0.937
"2023_24","S43G01N196",20240209,"서울 삼성","홈",2,405,0,"3점",1,FALSE,1.39,0.675,2.818
"2023_24","S43G01N196",20240209,"서울 삼성","홈",2,355,1,"2점",1,FALSE,0.92,0.479,0.88
"2023_24","S43G01N196",20240209,"고양 소노","원정",2,272,-7,"2점",1,FALSE,0.85,0.479,0.818
"2023_24","S43G01N196",20240209,"서울 삼성","홈",2,254,5,"3점",0,FALSE,1.3,-0.325,-1.273
"2023_24","S43G01N196",20240209,"고양 소노","원정",2,225,-5,"3점",1,FALSE,1.43,0.675,2.887
"2023_24","S43G01N196",20240209,"서울 삼성","홈",2,139,6,"2점",1,FALSE,0.86,0.479,0.823
"2023_24","S43G01N196",20240209,"서울 삼성","홈",2,105,6,"2점",1,FALSE,0.87,0.479,0.831
"2023_24","S43G01N196",20240209,"고양 소노","원정",3,553,2,"3점",0,FALSE,1.58,-0.325,-1.543
"2023_24","S43G01N196",20240209,"고양 소노","원정",3,409,4,"2점",1,FALSE,1.04,0.479,0.997
"2023_24","S43G01N196",20240209,"서울 삼성","홈",3,262,-10,"3점",0,FALSE,1.31,-0.325,-1.283
"2023_24","S43G01N196",20240209,"서울 삼성","홈",3,43,-15,"2점",1,FALSE,0.38,0.479,0.363
"2023_24","S43G01N196",20240209,"고양 소노","원정",4,527,16,"2점",0,FALSE,0.16,-0.521,-0.165
"2023_24","S43G01N196",20240209,"고양 소노","원정",4,458,14,"3점",1,FALSE,0.29,0.675,0.591
"2023_24","S43G01N196",20240209,"고양 소노","원정",4,422,15,"3점",0,FALSE,0.18,-0.325,-0.179
"2023_24","S43G01N196",20240209,"고양 소노","원정",4,412,15,"2점",0,FALSE,0.13,-0.521,-0.138
"2023_24","S43G01N196",20240209,"서울 삼성","홈",4,207,-13,"3점",1,FALSE,0.25,0.675,0.501
"2023_24","S43G01N196",20240209,"고양 소노","원정",4,178,10,"3점",0,FALSE,0.2,-0.325,-0.197
"2023_24","S43G01N196",20240209,"서울 삼성","홈",4,133,-10,"2점",0,FALSE,0.22,-0.521,-0.229
"2023_24","S43G01N20",20231031,"대구 한국가스공사","홈",1,0,-3,"2점",1,FALSE,0.85,0.479,0.817
"2023_24","S43G01N20",20231031,"대구 한국가스공사","홈",2,571,-1,"2점",1,FALSE,0.87,0.479,0.833
"2023_24","S43G01N20",20231031,"대구 한국가스공사","홈",2,454,-2,"3점",1,FALSE,1.38,0.675,2.787
"2023_24","S43G01N20",20231031,"대구 한국가스공사","홈",2,411,-1,"2점",1,FALSE,0.91,0.479,0.873
"2023_24","S43G01N20",20231031,"대구 한국가스공사","홈",2,377,-1,"3점",1,FALSE,1.41,0.675,2.856
"2023_24","S43G01N20",20231031,"대구 한국가스공사","홈",2,347,0,"3점",0,FALSE,1.42,-0.325,-1.383
"2023_24","S43G01N20",20231031,"대구 한국가스공사","홈",2,339,0,"2점",1,FALSE,0.93,0.479,0.891
"2023_24","S43G01N20",20231031,"대구 한국가스공사","홈",2,288,2,"3점",1,FALSE,1.41,0.675,2.847
"2023_24","S43G01N20",20231031,"대구 한국가스공사","홈",2,254,2,"2점",0,FALSE,0.94,-0.521,-0.976
"2023_24","S43G01N20",20231031,"대구 한국가스공사","홈",3,480,1,"3점",1,FALSE,1.67,0.675,3.374
"2023_24","S43G01N20",20231031,"대구 한국가스공사","홈",3,215,-6,"3점",0,FALSE,1.75,-0.325,-1.707
"2023_24","S43G01N20",20231031,"대구 한국가스공사","홈",3,205,-6,"3점",1,FALSE,1.76,0.675,3.559
"2023_24","S43G01N20",20231031,"대구 한국가스공사","홈",3,121,-3,"2점",1,FALSE,1.32,0.479,1.268
"2023_24","S43G01N20",20231031,"대구 한국가스공사","홈",3,1,0,"3점",0,FALSE,2.25,-0.325,-2.195
"2023_24","S43G01N20",20231031,"대구 한국가스공사","홈",4,121,-3,"3점",1,TRUE,4.54,0.675,9.196
"2023_24","S43G01N200",20240211,"서울 SK","홈",1,164,-1,"3점",0,FALSE,1.26,-0.325,-1.234
"2023_24","S43G01N200",20240211,"서울 SK","홈",2,483,-5,"2점",1,FALSE,0.85,0.479,0.817
"2023_24","S43G01N200",20240211,"서울 SK","홈",2,262,-9,"3점",0,FALSE,1.23,-0.325,-1.205
"2023_24","S43G01N200",20240211,"서울 SK","홈",2,189,-6,"3점",0,FALSE,1.41,-0.325,-1.372
"2023_24","S43G01N200",20240211,"서울 SK","홈",3,544,1,"2점",1,FALSE,1.07,0.479,1.022
"2023_24","S43G01N200",20240211,"서울 SK","홈",3,429,3,"2점",0,FALSE,1.07,-0.521,-1.117
"2023_24","S43G01N200",20240211,"서울 SK","홈",3,234,-3,"3점",0,FALSE,1.91,-0.325,-1.864
"2023_24","S43G01N200",20240211,"서울 SK","홈",3,199,-5,"2점",0,FALSE,1.18,-0.521,-1.229
"2023_24","S43G01N200",20240211,"서울 SK","홈",4,352,-13,"2점",1,FALSE,0.32,0.479,0.31
"2023_24","S43G01N200",20240211,"서울 SK","홈",4,268,-9,"3점",0,FALSE,1.35,-0.325,-1.32
"2023_24","S43G01N202",20240211,"원주 DB","원정",1,355,-3,"2점",1,FALSE,0.78,0.479,0.748
"2023_24","S43G01N202",20240211,"원주 DB","원정",1,254,-4,"3점",1,FALSE,1.22,0.675,2.468
"2023_24","S43G01N202",20240211,"원주 DB","원정",1,116,-7,"2점",0,FALSE,0.77,-0.521,-0.801
"2023_24","S43G01N202",20240211,"원주 DB","원정",1,1,-4,"2점",0,FALSE,0.84,-0.521,-0.878
"2023_24","S43G01N202",20240211,"원주 DB","원정",2,514,-6,"3점",0,FALSE,1.28,-0.325,-1.252
"2023_24","S43G01N202",20240211,"원주 DB","원정",2,485,-6,"2점",0,FALSE,0.83,-0.521,-0.868
"2023_24","S43G01N202",20240211,"원주 DB","원정",2,468,-6,"2점",1,FALSE,0.84,0.479,0.801
"2023_24","S43G01N202",20240211,"원주 DB","원정",2,316,-4,"3점",1,FALSE,1.41,0.675,2.856
"2023_24","S43G01N202",20240211,"원주 DB","원정",2,228,-6,"2점",1,FALSE,0.89,0.479,0.856
"2023_24","S43G01N202",20240211,"원주 DB","원정",3,323,-15,"2점",0,FALSE,0.47,-0.521,-0.494
"2023_24","S43G01N202",20240211,"원주 DB","원정",3,224,-16,"2점",1,FALSE,0.39,0.479,0.369
"2023_24","S43G01N202",20240211,"원주 DB","원정",4,549,-13,"3점",0,FALSE,0.83,-0.325,-0.811
"2023_24","S43G01N202",20240211,"원주 DB","원정",4,164,-15,"3점",1,FALSE,0.04,0.675,0.078
"2023_24","S43G01N206",20240213,"안양 정관장","홈",1,587,0,"2점",1,FALSE,0.75,0.479,0.716
"2023_24","S43G01N206",20240213,"안양 정관장","홈",1,543,0,"3점",0,FALSE,1.15,-0.325,-1.127
"2023_24","S43G01N206",20240213,"안양 정관장","홈",1,250,-1,"2점",1,FALSE,0.81,0.479,0.774
"2023_24","S43G01N206",20240213,"안양 정관장","홈",1,217,1,"2점",0,FALSE,0.81,-0.521,-0.843
"2023_24","S43G01N206",20240213,"안양 정관장","홈",1,171,1,"2점",1,FALSE,0.82,0.479,0.784
"2023_24","S43G01N206",20240213,"안양 정관장","홈",1,115,6,"2점",1,FALSE,0.75,0.479,0.721
"2023_24","S43G01N206",20240213,"안양 정관장","홈",2,410,0,"3점",0,FALSE,1.39,-0.325,-1.356
"2023_24","S43G01N206",20240213,"안양 정관장","홈",2,295,1,"2점",0,FALSE,0.94,-0.521,-0.977
"2023_24","S43G01N206",20240213,"안양 정관장","홈",2,120,1,"3점",0,FALSE,1.51,-0.325,-1.478
"2023_24","S43G01N206",20240213,"안양 정관장","홈",2,0,5,"3점",0,FALSE,1.4,-0.325,-1.366
"2023_24","S43G01N206",20240213,"안양 정관장","홈",4,482,12,"2점",0,FALSE,0.38,-0.521,-0.399
"2023_24","S43G01N208",20240214,"부산 KCC","홈",1,515,1,"2점",1,FALSE,0.76,0.479,0.724
"2023_24","S43G01N208",20240214,"부산 KCC","홈",1,372,0,"2점",0,FALSE,0.78,-0.521,-0.817
"2023_24","S43G01N208",20240214,"부산 KCC","홈",1,240,5,"2점",1,FALSE,0.75,0.479,0.722
"2023_24","S43G01N208",20240214,"부산 KCC","홈",1,208,4,"3점",0,FALSE,1.18,-0.325,-1.148
"2023_24","S43G01N208",20240214,"부산 KCC","홈",1,36,9,"3점",1,FALSE,1.02,0.675,2.061
"2023_24","S43G01N208",20240214,"부산 KCC","홈",1,2,12,"2점",0,FALSE,0.58,-0.521,-0.606
"2023_24","S43G01N208",20240214,"부산 KCC","홈",2,542,12,"2점",1,FALSE,0.58,0.479,0.558
"2023_24","S43G01N208",20240214,"부산 KCC","홈",2,402,20,"2점",1,FALSE,0.28,0.479,0.272
"2023_24","S43G01N208",20240214,"부산 KCC","홈",2,356,21,"3점",0,FALSE,0.36,-0.325,-0.349
"2023_24","S43G01N208",20240214,"부산 KCC","홈",2,301,16,"3점",1,FALSE,0.61,0.675,1.237
"2023_24","S43G01N208",20240214,"부산 KCC","홈",2,209,21,"3점",1,FALSE,0.33,0.675,0.66
"2023_24","S43G01N208",20240214,"부산 KCC","홈",2,167,22,"2점",1,FALSE,0.19,0.479,0.183
"2023_24","S43G01N208",20240214,"부산 KCC","홈",2,59,20,"3점",1,FALSE,0.33,0.675,0.676
"2023_24","S43G01N208",20240214,"부산 KCC","홈",2,1,21,"2점",0,FALSE,0.19,-0.521,-0.199
"2023_24","S43G01N208",20240214,"부산 KCC","홈",3,583,21,"3점",1,FALSE,0.27,0.675,0.539
"2023_24","S43G01N208",20240214,"부산 KCC","홈",3,433,25,"2점",0,FALSE,0.07,-0.521,-0.074
"2023_24","S43G01N208",20240214,"부산 KCC","홈",3,262,25,"2점",1,FALSE,0.04,0.479,0.043
"2023_24","S43G01N208",20240214,"부산 KCC","홈",3,197,24,"3점",0,FALSE,0.06,-0.325,-0.061
"2023_24","S43G01N208",20240214,"부산 KCC","홈",3,159,24,"3점",1,FALSE,0.05,0.675,0.11
"2023_24","S43G01N208",20240214,"부산 KCC","홈",3,119,25,"3점",0,FALSE,0.03,-0.325,-0.033
"2023_24","S43G01N208",20240214,"부산 KCC","홈",3,4,18,"3점",0,FALSE,0.16,-0.325,-0.157
"2023_24","S43G01N208",20240214,"부산 KCC","홈",4,463,21,"3점",0,FALSE,0.03,-0.325,-0.026
"2023_24","S43G01N208",20240214,"부산 KCC","홈",4,391,21,"2점",0,FALSE,0.01,-0.521,-0.01
"2023_24","S43G01N208",20240214,"부산 KCC","홈",4,317,22,"2점",1,FALSE,0,0.479,0.002
"2023_24","S43G01N208",20240214,"부산 KCC","홈",4,279,22,"3점",0,FALSE,0,-0.325,-0.001
"2023_24","S43G01N208",20240214,"부산 KCC","홈",4,162,20,"2점",1,FALSE,0,0.479,0
"2023_24","S43G01N21",20231102,"창원 LG","원정",1,499,-1,"2점",1,FALSE,0.76,0.479,0.731
"2023_24","S43G01N21",20231102,"창원 LG","원정",1,338,1,"3점",0,FALSE,1.2,-0.325,-1.17
"2023_24","S43G01N21",20231102,"창원 LG","원정",1,216,-5,"3점",1,FALSE,1.21,0.675,2.457
"2023_24","S43G01N21",20231102,"창원 LG","원정",1,50,-2,"2점",0,FALSE,0.85,-0.521,-0.884
"2023_24","S43G01N21",20231102,"창원 LG","원정",2,371,-2,"2점",1,FALSE,0.92,0.479,0.881
"2023_24","S43G01N21",20231102,"창원 LG","원정",2,256,1,"3점",1,FALSE,1.44,0.675,2.924
"2023_24","S43G01N21",20231102,"창원 LG","원정",2,184,2,"2점",0,FALSE,0.96,-0.521,-1
"2023_24","S43G01N21",20231102,"창원 LG","원정",2,136,2,"3점",1,FALSE,1.48,0.675,2.992
"2023_24","S43G01N21",20231102,"창원 LG","원정",2,98,3,"3점",0,FALSE,1.46,-0.325,-1.425
"2023_24","S43G01N21",20231102,"창원 LG","원정",2,1,1,"2점",0,FALSE,1.04,-0.521,-1.087
"2023_24","S43G01N21",20231102,"창원 LG","원정",3,519,-3,"3점",1,FALSE,1.66,0.675,3.354
"2023_24","S43G01N21",20231102,"창원 LG","원정",3,343,6,"3점",0,FALSE,1.43,-0.325,-1.391
"2023_24","S43G01N21",20231102,"창원 LG","원정",3,144,3,"2점",0,FALSE,1.23,-0.521,-1.282
"2023_24","S43G01N21",20231102,"창원 LG","원정",3,5,-4,"2점",0,FALSE,1.38,-0.521,-1.444
"2023_24","S43G01N21",20231102,"창원 LG","원정",4,497,-10,"3점",0,FALSE,1.32,-0.325,-1.288
"2023_24","S43G01N21",20231102,"창원 LG","원정",4,333,-14,"3점",1,FALSE,0.4,0.675,0.809
"2023_24","S43G01N212",20240228,"서울 SK","원정",1,141,1,"2점",1,FALSE,0.82,0.479,0.789
"2023_24","S43G01N212",20240228,"서울 SK","원정",2,549,-4,"3점",0,FALSE,1.32,-0.325,-1.286
"2023_24","S43G01N212",20240228,"서울 SK","원정",2,424,-8,"2점",1,FALSE,0.79,0.479,0.759
"2023_24","S43G01N212",20240228,"서울 SK","원정",2,289,-11,"2점",1,FALSE,0.7,0.479,0.674
"2023_24","S43G01N212",20240228,"서울 SK","원정",2,151,-11,"3점",0,FALSE,1.13,-0.325,-1.107
"2023_24","S43G01N212",20240228,"서울 SK","원정",2,89,-12,"2점",1,FALSE,0.67,0.479,0.645
"2023_24","S43G01N212",20240228,"서울 SK","원정",2,47,-14,"2점",0,FALSE,0.57,-0.521,-0.595
"2023_24","S43G01N212",20240228,"서울 SK","원정",3,484,-17,"3점",0,FALSE,0.65,-0.325,-0.631
"2023_24","S43G01N212",20240228,"서울 SK","원정",3,355,-27,"2점",0,FALSE,0.05,-0.521,-0.057
"2023_24","S43G01N212",20240228,"서울 SK","원정",3,224,-28,"2점",0,FALSE,0.03,-0.521,-0.028
"2023_24","S43G01N212",20240228,"서울 SK","원정",4,518,-17,"2점",1,FALSE,0.19,0.479,0.177
"2023_24","S43G01N212",20240228,"서울 SK","원정",4,340,-22,"3점",1,FALSE,0.01,0.675,0.03
"2023_24","S43G01N212",20240228,"서울 SK","원정",4,290,-21,"3점",0,FALSE,0.01,-0.325,-0.012
"2023_24","S43G01N212",20240228,"서울 SK","원정",4,216,-28,"3점",0,FALSE,0,-0.325,-0
"2023_24","S43G01N214",20240229,"수원 KT","홈",1,565,-2,"2점",1,FALSE,0.75,0.479,0.719
"2023_24","S43G01N214",20240229,"수원 KT","홈",1,411,-6,"3점",0,FALSE,1.14,-0.325,-1.116
"2023_24","S43G01N214",20240229,"수원 KT","홈",1,318,-4,"2점",0,FALSE,0.78,-0.521,-0.812
"2023_24","S43G01N214",20240229,"수원 KT","홈",1,146,-8,"3점",0,FALSE,1.15,-0.325,-1.125
"2023_24","S43G01N214",20240229,"수원 KT","홈",2,25,-13,"3점",0,FALSE,1,-0.325,-0.971
"2023_24","S43G01N214",20240229,"수원 KT","홈",3,358,-21,"2점",1,FALSE,0.19,0.479,0.183
"2023_24","S43G01N214",20240229,"수원 KT","홈",3,329,-19,"3점",0,FALSE,0.44,-0.325,-0.427
"2023_24","S43G01N214",20240229,"수원 KT","홈",4,426,-12,"2점",1,FALSE,0.51,0.479,0.485
"2023_24","S43G01N214",20240229,"수원 KT","홈",4,354,-15,"2점",1,FALSE,0.17,0.479,0.165
"2023_24","S43G01N216",20240301,"울산 현대모비스","원정",1,509,-0,"3점",0,FALSE,1.16,-0.325,-1.135
"2023_24","S43G01N216",20240301,"울산 현대모비스","원정",1,234,-10,"2점",0,FALSE,0.68,-0.521,-0.709
"2023_24","S43G01N216",20240301,"울산 현대모비스","원정",2,557,-6,"2점",1,FALSE,0.82,0.479,0.783
"2023_24","S43G01N216",20240301,"울산 현대모비스","원정",2,292,-4,"2점",1,FALSE,0.92,0.479,0.882
"2023_24","S43G01N216",20240301,"울산 현대모비스","원정",2,231,-4,"3점",1,FALSE,1.45,0.675,2.936
"2023_24","S43G01N216",20240301,"울산 현대모비스","원정",2,140,-1,"3점",0,FALSE,1.53,-0.325,-1.493
"2023_24","S43G01N216",20240301,"울산 현대모비스","원정",2,100,-1,"2점",0,FALSE,1.01,-0.521,-1.058
"2023_24","S43G01N216",20240301,"울산 현대모비스","원정",2,12,-1,"2점",0,FALSE,1.05,-0.521,-1.095
"2023_24","S43G01N216",20240301,"울산 현대모비스","원정",3,575,-1,"3점",0,FALSE,1.63,-0.325,-1.594
"2023_24","S43G01N216",20240301,"울산 현대모비스","원정",3,457,-2,"3점",0,FALSE,1.72,-0.325,-1.678
"2023_24","S43G01N216",20240301,"울산 현대모비스","원정",3,388,-2,"3점",0,FALSE,1.78,-0.325,-1.735
"2023_24","S43G01N216",20240301,"울산 현대모비스","원정",3,344,1,"2점",1,FALSE,1.17,0.479,1.122
"2023_24","S43G01N216",20240301,"울산 현대모비스","원정",3,251,4,"3점",1,FALSE,1.66,0.675,3.361
"2023_24","S43G01N216",20240301,"울산 현대모비스","원정",3,159,3,"2점",0,FALSE,1.22,-0.521,-1.272
"2023_24","S43G01N216",20240301,"울산 현대모비스","원정",3,32,9,"3점",1,FALSE,1.08,0.675,2.181
"2023_24","S43G01N216",20240301,"울산 현대모비스","원정",3,1,10,"2점",1,FALSE,0.64,0.479,0.616
"2023_24","S43G01N216",20240301,"울산 현대모비스","원정",4,521,11,"3점",0,FALSE,0.7,-0.325,-0.685
"2023_24","S43G01N216",20240301,"울산 현대모비스","원정",4,490,10,"3점",0,FALSE,0.82,-0.325,-0.803
"2023_24","S43G01N216",20240301,"울산 현대모비스","원정",4,377,8,"2점",0,FALSE,0.77,-0.521,-0.805
"2023_24","S43G01N216",20240301,"울산 현대모비스","원정",4,311,8,"2점",0,FALSE,0.7,-0.521,-0.735
"2023_24","S43G01N216",20240301,"울산 현대모비스","원정",4,283,10,"3점",1,FALSE,0.48,0.675,0.978
"2023_24","S43G01N216",20240301,"울산 현대모비스","원정",4,227,10,"2점",0,FALSE,0.27,-0.521,-0.276
"2023_24","S43G01N216",20240301,"울산 현대모비스","원정",4,64,9,"2점",0,FALSE,0.01,-0.521,-0.009
"2023_24","S43G01N22",20231102,"안양 정관장","홈",2,359,-9,"3점",0,FALSE,1.21,-0.325,-1.179
"2023_24","S43G01N22",20231102,"안양 정관장","홈",2,324,-11,"3점",0,FALSE,1.1,-0.325,-1.078
"2023_24","S43G01N22",20231102,"안양 정관장","홈",2,289,-13,"2점",0,FALSE,0.62,-0.521,-0.645
"2023_24","S43G01N22",20231102,"안양 정관장","홈",2,38,-16,"2점",0,FALSE,0.47,-0.521,-0.488
"2023_24","S43G01N22",20231102,"안양 정관장","홈",2,3,-18,"3점",0,FALSE,0.6,-0.325,-0.587
"2023_24","S43G01N22",20231102,"안양 정관장","홈",3,459,-25,"3점",0,FALSE,0.18,-0.325,-0.175
"2023_24","S43G01N22",20231102,"안양 정관장","홈",3,319,-24,"3점",0,FALSE,0.17,-0.325,-0.165
"2023_24","S43G01N22",20231102,"안양 정관장","홈",3,283,-23,"3점",0,FALSE,0.19,-0.325,-0.19
"2023_24","S43G01N220",20240302,"울산 현대모비스","홈",1,182,3,"2점",1,FALSE,0.8,0.479,0.762
"2023_24","S43G01N220",20240302,"울산 현대모비스","홈",2,410,7,"2점",0,FALSE,0.77,-0.521,-0.806
"2023_24","S43G01N220",20240302,"울산 현대모비스","홈",2,335,8,"2점",0,FALSE,0.75,-0.521,-0.782
"2023_24","S43G01N220",20240302,"울산 현대모비스","홈",2,220,6,"2점",1,FALSE,0.84,0.479,0.807
"2023_24","S43G01N220",20240302,"울산 현대모비스","홈",3,8,17,"3점",1,FALSE,0.21,0.675,0.431
"2023_24","S43G01N220",20240302,"울산 현대모비스","홈",4,484,18,"2점",1,FALSE,0.07,0.479,0.068
"2023_24","S43G01N220",20240302,"울산 현대모비스","홈",4,432,18,"2점",0,FALSE,0.05,-0.521,-0.054
"2023_24","S43G01N220",20240302,"울산 현대모비스","홈",4,394,15,"2점",0,FALSE,0.12,-0.521,-0.125
"2023_24","S43G01N222",20240303,"안양 정관장","원정",1,201,-6,"3점",0,FALSE,1.2,-0.325,-1.168
"2023_24","S43G01N222",20240303,"안양 정관장","원정",2,263,-1,"2점",0,FALSE,0.96,-0.521,-0.997
"2023_24","S43G01N222",20240303,"안양 정관장","원정",2,230,-1,"3점",0,FALSE,1.48,-0.325,-1.445
"2023_24","S43G01N222",20240303,"안양 정관장","원정",2,132,-1,"2점",1,FALSE,1,0.479,0.96
"2023_24","S43G01N222",20240303,"안양 정관장","원정",2,61,-0,"2점",0,FALSE,1.03,-0.521,-1.071
"2023_24","S43G01N222",20240303,"안양 정관장","원정",2,34,-2,"2점",1,FALSE,1.04,0.479,0.993
"2023_24","S43G01N222",20240303,"안양 정관장","원정",3,587,-0,"2점",1,FALSE,1.06,0.479,1.014
"2023_24","S43G01N222",20240303,"안양 정관장","원정",3,461,-3,"2점",0,FALSE,1.1,-0.521,-1.149
"2023_24","S43G01N222",20240303,"안양 정관장","원정",3,424,-1,"2점",1,FALSE,1.14,0.479,1.094
"2023_24","S43G01N222",20240303,"안양 정관장","원정",3,1,-6,"3점",0,FALSE,1.96,-0.325,-1.908
"2023_24","S43G01N222",20240303,"안양 정관장","원정",4,444,-7,"2점",1,FALSE,1.2,0.479,1.152
"2023_24","S43G01N222",20240303,"안양 정관장","원정",4,377,-7,"2점",0,FALSE,1.22,-0.521,-1.276
"2023_24","S43G01N222",20240303,"안양 정관장","원정",4,85,-5,"3점",1,TRUE,3.14,0.675,6.356
"2023_24","S43G01N222",20240303,"안양 정관장","원정",4,46,-3,"2점",0,TRUE,3.49,-0.521,-3.638
"2023_24","S43G01N222",20240303,"안양 정관장","원정",4,10,-3,"3점",0,TRUE,7.06,-0.325,-6.886
"2023_24","S43G01N224",20240304,"대구 한국가스공사","홈",1,349,-2,"2점",0,FALSE,0.79,-0.521,-0.821
"2023_24","S43G01N224",20240304,"대구 한국가스공사","홈",2,365,-4,"2점",1,FALSE,0.9,0.479,0.862
"2023_24","S43G01N224",20240304,"대구 한국가스공사","홈",3,29,-14,"3점",1,FALSE,0.75,0.675,1.524
"2023_24","S43G01N224",20240304,"대구 한국가스공사","홈",4,540,-9,"3점",1,FALSE,1.51,0.675,3.066
"2023_24","S43G01N224",20240304,"대구 한국가스공사","홈",4,494,-9,"3점",1,FALSE,1.52,0.675,3.071
"2023_24","S43G01N224",20240304,"대구 한국가스공사","홈",4,439,-8,"2점",1,FALSE,1.06,0.479,1.014
"2023_24","S43G01N224",20240304,"대구 한국가스공사","홈",4,204,-2,"3점",0,TRUE,3.84,-0.325,-3.748
"2023_24","S43G01N224",20240304,"대구 한국가스공사","홈",4,32,-7,"3점",1,FALSE,0.24,0.675,0.489
"2023_24","S43G01N224",20240304,"대구 한국가스공사","홈",4,18,-6,"3점",0,FALSE,0.22,-0.325,-0.217
"2023_24","S43G01N225",20240305,"부산 KCC","홈",1,534,0,"2점",0,FALSE,0.76,-0.521,-0.789
"2023_24","S43G01N225",20240305,"부산 KCC","홈",1,467,-1,"2점",1,FALSE,0.77,0.479,0.736
"2023_24","S43G01N225",20240305,"부산 KCC","홈",1,329,-1,"3점",1,FALSE,1.21,0.675,2.459
"2023_24","S43G01N225",20240305,"부산 KCC","홈",1,290,0,"2점",1,FALSE,0.8,0.479,0.765
"2023_24","S43G01N225",20240305,"부산 KCC","홈",2,310,-18,"3점",0,FALSE,0.66,-0.325,-0.64
"2023_24","S43G01N225",20240305,"부산 KCC","홈",2,254,-17,"2점",0,FALSE,0.44,-0.521,-0.462
"2023_24","S43G01N225",20240305,"부산 KCC","홈",2,250,-17,"2점",0,FALSE,0.44,-0.521,-0.462
"2023_24","S43G01N225",20240305,"부산 KCC","홈",3,411,-23,"3점",0,FALSE,0.24,-0.325,-0.236
"2023_24","S43G01N225",20240305,"부산 KCC","홈",3,328,-24,"2점",1,FALSE,0.1,0.479,0.096
"2023_24","S43G01N225",20240305,"부산 KCC","홈",3,289,-24,"3점",0,FALSE,0.16,-0.325,-0.155
"2023_24","S43G01N228",20240307,"원주 DB","홈",2,531,-8,"2점",0,FALSE,0.77,-0.521,-0.807
"2023_24","S43G01N228",20240307,"원주 DB","홈",3,569,-16,"3점",0,FALSE,0.75,-0.325,-0.728
"2023_24","S43G01N228",20240307,"원주 DB","홈",3,355,-21,"3점",0,FALSE,0.32,-0.325,-0.313
"2023_24","S43G01N228",20240307,"원주 DB","홈",3,247,-15,"3점",0,FALSE,0.75,-0.325,-0.732
"2023_24","S43G01N228",20240307,"원주 DB","홈",3,165,-19,"2점",0,FALSE,0.21,-0.521,-0.217
"2023_24","S43G01N232",20240309,"고양 소노","홈",1,511,2,"2점",1,FALSE,0.75,0.479,0.718
"2023_24","S43G01N232",20240309,"서울 삼성","원정",1,461,-4,"2점",1,FALSE,0.76,0.479,0.723
"2023_24","S43G01N232",20240309,"서울 삼성","원정",1,420,-2,"3점",0,FALSE,1.19,-0.325,-1.16
"2023_24","S43G01N232",20240309,"고양 소노","홈",1,286,4,"2점",1,FALSE,0.76,0.479,0.731
"2023_24","S43G01N232",20240309,"고양 소노","홈",1,253,4,"2점",0,FALSE,0.77,-0.521,-0.801
"2023_24","S43G01N232",20240309,"서울 삼성","원정",1,197,-6,"3점",0,FALSE,1.2,-0.325,-1.169
"2023_24","S43G01N232",20240309,"서울 삼성","원정",1,34,-8,"2점",1,FALSE,0.76,0.479,0.726
"2023_24","S43G01N232",20240309,"서울 삼성","원정",2,538,-3,"2점",1,FALSE,0.87,0.479,0.831
"2023_24","S43G01N232",20240309,"고양 소노","홈",2,492,-2,"3점",0,FALSE,1.36,-0.325,-1.328
"2023_24","S43G01N232",20240309,"서울 삼성","원정",2,450,2,"2점",1,FALSE,0.88,0.479,0.845
"2023_24","S43G01N232",20240309,"고양 소노","홈",2,429,-4,"3점",0,FALSE,1.36,-0.325,-1.33
"2023_24","S43G01N232",20240309,"서울 삼성","원정",2,284,1,"3점",1,FALSE,1.43,0.675,2.898
"2023_24","S43G01N232",20240309,"서울 삼성","원정",2,247,2,"2점",1,FALSE,0.94,0.479,0.899
"2023_24","S43G01N232",20240309,"고양 소노","홈",2,203,-3,"3점",0,FALSE,1.48,-0.325,-1.448
"2023_24","S43G01N232",20240309,"서울 삼성","원정",2,187,3,"2점",1,FALSE,0.94,0.479,0.898
"2023_24","S43G01N232",20240309,"고양 소노","홈",2,165,-5,"3점",0,FALSE,1.45,-0.325,-1.419
"2023_24","S43G01N232",20240309,"서울 삼성","원정",2,58,1,"2점",1,FALSE,1.02,0.479,0.976
"2023_24","S43G01N232",20240309,"서울 삼성","원정",2,25,1,"2점",0,FALSE,1.03,-0.521,-1.077
"2023_24","S43G01N232",20240309,"서울 삼성","원정",3,554,-1,"2점",1,FALSE,1.08,0.479,1.031
"2023_24","S43G01N232",20240309,"고양 소노","홈",3,541,-1,"2점",0,FALSE,1.08,-0.521,-1.129
"2023_24","S43G01N232",20240309,"고양 소노","홈",3,530,-1,"3점",1,FALSE,1.67,0.675,3.37
"2023_24","S43G01N232",20240309,"서울 삼성","원정",3,507,-2,"2점",1,FALSE,1.09,0.479,1.047
"2023_24","S43G01N232",20240309,"서울 삼성","원정",3,446,-3,"3점",1,FALSE,1.71,0.675,3.465
"2023_24","S43G01N232",20240309,"고양 소노","홈",3,395,0,"3점",1,FALSE,1.76,0.675,3.564
"2023_24","S43G01N232",20240309,"서울 삼성","원정",3,354,-3,"2점",1,FALSE,1.16,0.479,1.111
"2023_24","S43G01N232",20240309,"고양 소노","홈",3,340,1,"2점",1,FALSE,1.17,0.479,1.124
"2023_24","S43G01N232",20240309,"서울 삼성","원정",3,183,-2,"3점",0,FALSE,1.99,-0.325,-1.946
"2023_24","S43G01N232",20240309,"서울 삼성","원정",3,161,-2,"3점",0,FALSE,2.02,-0.325,-1.974
"2023_24","S43G01N232",20240309,"서울 삼성","원정",3,3,-4,"2점",0,FALSE,1.39,-0.521,-1.446
"2023_24","S43G01N232",20240309,"서울 삼성","원정",4,516,-4,"2점",0,FALSE,1.48,-0.521,-1.544
"2023_24","S43G01N232",20240309,"서울 삼성","원정",4,430,-7,"2점",0,FALSE,1.21,-0.521,-1.259
"2023_24","S43G01N232",20240309,"고양 소노","홈",4,413,7,"2점",0,FALSE,0.95,-0.521,-0.988
"2023_24","S43G01N232",20240309,"서울 삼성","원정",4,356,-5,"3점",1,FALSE,2.52,0.675,5.099
"2023_24","S43G01N232",20240309,"서울 삼성","원정",4,311,-5,"3점",0,FALSE,2.63,-0.325,-2.569
"2023_24","S43G01N232",20240309,"고양 소노","홈",4,176,4,"2점",0,TRUE,1.55,-0.521,-1.619
"2023_24","S43G01N232",20240309,"서울 삼성","원정",4,80,-5,"2점",1,TRUE,1.64,0.479,1.573
"2023_24","S43G01N234",20240313,"안양 정관장","원정",1,427,4,"2점",0,FALSE,0.74,-0.521,-0.773
"2023_24","S43G01N234",20240313,"안양 정관장","원정",1,164,10,"2점",1,FALSE,0.64,0.479,0.611
"2023_24","S43G01N234",20240313,"안양 정관장","원정",2,539,10,"3점",1,FALSE,0.98,0.675,1.979
"2023_24","S43G01N234",20240313,"안양 정관장","원정",2,457,13,"2점",0,FALSE,0.55,-0.521,-0.569
"2023_24","S43G01N234",20240313,"안양 정관장","원정",2,375,10,"3점",0,FALSE,0.99,-0.325,-0.97
"2023_24","S43G01N234",20240313,"안양 정관장","원정",2,328,12,"3점",0,FALSE,0.87,-0.325,-0.848
"2023_24","S43G01N234",20240313,"안양 정관장","원정",2,132,10,"2점",1,FALSE,0.69,0.479,0.656
"2023_24","S43G01N234",20240313,"안양 정관장","원정",2,3,16,"2점",1,FALSE,0.38,0.479,0.366
"2023_24","S43G01N234",20240313,"안양 정관장","원정",3,541,23,"3점",1,FALSE,0.18,0.675,0.361
"2023_24","S43G01N234",20240313,"안양 정관장","원정",3,396,21,"2점",1,FALSE,0.15,0.479,0.141
"2023_24","S43G01N234",20240313,"안양 정관장","원정",3,233,22,"3점",1,FALSE,0.12,0.675,0.238
"2023_24","S43G01N234",20240313,"안양 정관장","원정",4,439,17,"3점",0,FALSE,0.1,-0.325,-0.099
"2023_24","S43G01N234",20240313,"안양 정관장","원정",4,228,12,"2점",1,FALSE,0.11,0.479,0.106
"2023_24","S43G01N237",20240314,"안양 정관장","원정",1,571,-0,"2점",1,FALSE,0.75,0.479,0.719
"2023_24","S43G01N237",20240314,"안양 정관장","원정",1,390,-0,"3점",0,FALSE,1.19,-0.325,-1.165
"2023_24","S43G01N237",20240314,"안양 정관장","원정",1,30,3,"2점",0,FALSE,0.83,-0.521,-0.861
"2023_24","S43G01N237",20240314,"안양 정관장","원정",2,455,7,"2점",1,FALSE,0.77,0.479,0.734
"2023_24","S43G01N237",20240314,"안양 정관장","원정",2,378,6,"2점",0,FALSE,0.81,-0.521,-0.845
"2023_24","S43G01N237",20240314,"안양 정관장","원정",2,279,10,"3점",1,FALSE,1,0.675,2.029
"2023_24","S43G01N237",20240314,"안양 정관장","원정",3,274,12,"3점",0,FALSE,0.79,-0.325,-0.771
"2023_24","S43G01N237",20240314,"안양 정관장","원정",3,183,15,"2점",0,FALSE,0.33,-0.521,-0.343
"2023_24","S43G01N237",20240314,"안양 정관장","원정",3,150,14,"2점",0,FALSE,0.38,-0.521,-0.394
"2023_24","S43G01N237",20240314,"안양 정관장","원정",3,136,14,"3점",1,FALSE,0.52,0.675,1.061
"2023_24","S43G01N237",20240314,"안양 정관장","원정",4,585,14,"3점",0,FALSE,0.41,-0.325,-0.404
"2023_24","S43G01N237",20240314,"안양 정관장","원정",4,414,14,"3점",0,FALSE,0.24,-0.325,-0.238
"2023_24","S43G01N237",20240314,"안양 정관장","원정",4,378,11,"3점",0,FALSE,0.52,-0.325,-0.504
"2023_24","S43G01N237",20240314,"안양 정관장","원정",4,294,12,"2점",0,FALSE,0.19,-0.521,-0.201
"2023_24","S43G01N237",20240314,"안양 정관장","원정",4,132,6,"2점",1,FALSE,0.7,0.479,0.673
"2023_24","S43G01N239",20240315,"창원 LG","홈",1,480,-2,"2점",1,FALSE,0.76,0.479,0.732
"2023_24","S43G01N239",20240315,"창원 LG","홈",1,437,-1,"3점",0,FALSE,1.19,-0.325,-1.157
"2023_24","S43G01N239",20240315,"창원 LG","홈",1,274,2,"2점",1,FALSE,0.79,0.479,0.757
"2023_24","S43G01N239",20240315,"창원 LG","홈",1,261,4,"2점",1,FALSE,0.77,0.479,0.735
"2023_24","S43G01N239",20240315,"창원 LG","홈",1,142,4,"2점",1,FALSE,0.79,0.479,0.755
"2023_24","S43G01N239",20240315,"창원 LG","홈",1,80,4,"2점",0,FALSE,0.8,-0.521,-0.834
"2023_24","S43G01N239",20240315,"창원 LG","홈",2,548,-1,"3점",0,FALSE,1.34,-0.325,-1.308
"2023_24","S43G01N239",20240315,"창원 LG","홈",2,490,-3,"2점",1,FALSE,0.88,0.479,0.842
"2023_24","S43G01N239",20240315,"창원 LG","홈",2,220,-12,"2점",0,FALSE,0.67,-0.521,-0.695
"2023_24","S43G01N239",20240315,"창원 LG","홈",3,543,-9,"2점",0,FALSE,0.84,-0.521,-0.879
"2023_24","S43G01N239",20240315,"창원 LG","홈",3,495,-7,"2점",1,FALSE,0.95,0.479,0.913
"2023_24","S43G01N239",20240315,"창원 LG","홈",3,455,-8,"3점",0,FALSE,1.44,-0.325,-1.406
"2023_24","S43G01N239",20240315,"창원 LG","홈",3,286,-16,"3점",0,FALSE,0.67,-0.325,-0.651
"2023_24","S43G01N239",20240315,"창원 LG","홈",3,113,-20,"3점",0,FALSE,0.26,-0.325,-0.254
"2023_24","S43G01N239",20240315,"창원 LG","홈",3,93,-22,"2점",1,FALSE,0.09,0.479,0.083
"2023_24","S43G01N239",20240315,"창원 LG","홈",4,552,-24,"3점",0,FALSE,0.05,-0.325,-0.044
"2023_24","S43G01N239",20240315,"창원 LG","홈",4,520,-26,"2점",1,FALSE,0.01,0.479,0.008
"2023_24","S43G01N239",20240315,"창원 LG","홈",4,311,-34,"3점",0,FALSE,0,-0.325,-0
"2023_24","S43G01N239",20240315,"창원 LG","홈",4,254,-31,"3점",0,FALSE,0,-0.325,-0
"2023_24","S43G01N239",20240315,"창원 LG","홈",4,243,-31,"3점",1,FALSE,0,0.675,0
"2023_24","S43G01N239",20240315,"창원 LG","홈",4,202,-30,"3점",1,FALSE,0,0.675,0
"2023_24","S43G01N240",20240316,"수원 KT","원정",1,570,-0,"3점",0,FALSE,1.15,-0.325,-1.12
"2023_24","S43G01N240",20240316,"수원 KT","원정",1,539,-0,"2점",1,FALSE,0.76,0.479,0.724
"2023_24","S43G01N240",20240316,"수원 KT","원정",1,446,-3,"2점",0,FALSE,0.77,-0.521,-0.798
"2023_24","S43G01N240",20240316,"수원 KT","원정",1,256,-2,"2점",0,FALSE,0.8,-0.521,-0.839
"2023_24","S43G01N240",20240316,"수원 KT","원정",1,49,-5,"3점",0,FALSE,1.26,-0.325,-1.233
"2023_24","S43G01N240",20240316,"수원 KT","원정",1,4,-5,"2점",1,FALSE,0.83,0.479,0.792
"2023_24","S43G01N240",20240316,"수원 KT","원정",2,462,-4,"3점",1,FALSE,1.35,0.675,2.733
"2023_24","S43G01N240",20240316,"수원 KT","원정",2,282,6,"3점",1,FALSE,1.24,0.675,2.519
"2023_24","S43G01N240",20240316,"수원 KT","원정",2,90,-1,"2점",1,FALSE,1.02,0.479,0.975
"2023_24","S43G01N240",20240316,"수원 KT","원정",4,502,6,"2점",0,FALSE,1.09,-0.521,-1.138
"2023_24","S43G01N240",20240316,"수원 KT","원정",4,299,4,"3점",0,TRUE,2.14,-0.325,-2.092
"2023_24","S43G01N240",20240316,"수원 KT","원정",4,4,-5,"3점",0,TRUE,0.01,-0.325,-0.01
"2023_24","S43G01N243",20240317,"대구 한국가스공사","원정",1,588,-0,"3점",0,FALSE,1.14,-0.325,-1.116
"2023_24","S43G01N243",20240317,"대구 한국가스공사","원정",1,138,1,"2점",1,FALSE,0.83,0.479,0.79
"2023_24","S43G01N243",20240317,"대구 한국가스공사","원정",2,568,-0,"3점",1,FALSE,1.33,0.675,2.686
"2023_24","S43G01N243",20240317,"대구 한국가스공사","원정",2,409,-2,"3점",0,FALSE,1.4,-0.325,-1.362
"2023_24","S43G01N243",20240317,"대구 한국가스공사","원정",2,238,-3,"2점",1,FALSE,0.95,0.479,0.911
"2023_24","S43G01N243",20240317,"대구 한국가스공사","원정",2,190,-4,"3점",1,FALSE,1.47,0.675,2.977
"2023_24","S43G01N243",20240317,"대구 한국가스공사","원정",2,170,-3,"3점",0,FALSE,1.5,-0.325,-1.465
"2023_24","S43G01N243",20240317,"대구 한국가스공사","원정",2,161,-3,"2점",0,FALSE,0.98,-0.521,-1.019
"2023_24","S43G01N243",20240317,"대구 한국가스공사","원정",2,21,-5,"3점",1,FALSE,1.53,0.675,3.097
"2023_24","S43G01N243",20240317,"대구 한국가스공사","원정",2,1,-5,"3점",0,FALSE,1.54,-0.325,-1.504
"2023_24","S43G01N243",20240317,"대구 한국가스공사","원정",3,580,-5,"2점",1,FALSE,1,0.479,0.958
"2023_24","S43G01N243",20240317,"대구 한국가스공사","원정",3,451,-4,"2점",1,FALSE,1.08,0.479,1.037
"2023_24","S43G01N243",20240317,"대구 한국가스공사","원정",3,287,-0,"2점",1,FALSE,1.22,0.479,1.172
"2023_24","S43G01N243",20240317,"대구 한국가스공사","원정",3,74,-0,"3점",1,FALSE,2.13,0.675,4.308
"2023_24","S43G01N243",20240317,"대구 한국가스공사","원정",3,38,1,"3점",0,FALSE,2.13,-0.325,-2.08
"2023_24","S43G01N243",20240317,"대구 한국가스공사","원정",4,431,-1,"3점",0,FALSE,2.68,-0.325,-2.617
"2023_24","S43G01N243",20240317,"대구 한국가스공사","원정",4,368,-4,"2점",0,FALSE,1.7,-0.521,-1.767
"2023_24","S43G01N243",20240317,"대구 한국가스공사","원정",4,259,-7,"3점",0,FALSE,2.05,-0.325,-2.005
"2023_24","S43G01N243",20240317,"대구 한국가스공사","원정",4,61,-6,"2점",1,FALSE,0.76,0.479,0.731
"2023_24","S43G01N243",20240317,"대구 한국가스공사","원정",4,37,-3,"2점",1,TRUE,3.52,0.479,3.375
"2023_24","S43G01N246",20240318,"울산 현대모비스","홈",1,575,0,"3점",0,FALSE,1.15,-0.325,-1.119
"2023_24","S43G01N246",20240318,"울산 현대모비스","홈",1,436,-3,"2점",0,FALSE,0.77,-0.521,-0.8
"2023_24","S43G01N246",20240318,"울산 현대모비스","홈",1,416,-3,"2점",1,FALSE,0.77,0.479,0.738
"2023_24","S43G01N246",20240318,"울산 현대모비스","홈",1,258,2,"2점",1,FALSE,0.79,0.479,0.76
"2023_24","S43G01N246",20240318,"울산 현대모비스","홈",1,102,5,"2점",1,FALSE,0.78,0.479,0.744
"2023_24","S43G01N246",20240318,"울산 현대모비스","홈",1,49,4,"2점",0,FALSE,0.81,-0.521,-0.84
"2023_24","S43G01N246",20240318,"울산 현대모비스","홈",2,315,2,"3점",0,FALSE,1.39,-0.325,-1.361
"2023_24","S43G01N246",20240318,"울산 현대모비스","홈",2,56,2,"2점",1,FALSE,1,0.479,0.961
"2023_24","S43G01N246",20240318,"울산 현대모비스","홈",3,452,-3,"3점",0,FALSE,1.71,-0.325,-1.666
"2023_24","S43G01N246",20240318,"울산 현대모비스","홈",3,435,-5,"2점",1,FALSE,1.06,0.479,1.014
"2023_24","S43G01N246",20240318,"울산 현대모비스","홈",3,25,7,"2점",0,FALSE,0.96,-0.521,-0.998
"2023_24","S43G01N246",20240318,"울산 현대모비스","홈",4,512,9,"3점",1,FALSE,1.01,0.675,2.047
"2023_24","S43G01N246",20240318,"울산 현대모비스","홈",4,430,7,"2점",0,FALSE,0.95,-0.521,-0.993
"2023_24","S43G01N246",20240318,"울산 현대모비스","홈",4,392,6,"2점",1,FALSE,1.1,0.479,1.057
"2023_24","S43G01N246",20240318,"울산 현대모비스","홈",4,359,6,"2점",0,FALSE,1.1,-0.521,-1.147
"2023_24","S43G01N246",20240318,"울산 현대모비스","홈",4,335,5,"2점",0,FALSE,1.29,-0.521,-1.342
"2023_24","S43G01N246",20240318,"울산 현대모비스","홈",4,297,4,"2점",0,TRUE,1.51,-0.521,-1.572
"2023_24","S43G01N246",20240318,"울산 현대모비스","홈",4,247,2,"2점",1,TRUE,2.01,0.479,1.929
"2023_24","S43G01N246",20240318,"울산 현대모비스","홈",4,162,2,"3점",0,TRUE,3.25,-0.325,-3.167
"2023_24","S43G01N246",20240318,"울산 현대모비스","홈",4,99,-2,"2점",0,TRUE,3.43,-0.521,-3.58
"2023_24","S43G01N246",20240318,"울산 현대모비스","홈",4,0,-3,"3점",1,TRUE,3.36,0.675,6.793
"2023_24","S43G01N246",20240318,"울산 현대모비스","홈",5,69,1,"3점",0,TRUE,4.71,-0.325,-4.599
"2023_24","S43G01N246",20240318,"울산 현대모비스","홈",5,1,0,"3점",1,TRUE,9.76,0.675,19.753
"2023_24","S43G01N248",20240319,"서울 SK","원정",1,506,2,"2점",0,FALSE,0.75,-0.521,-0.783
"2023_24","S43G01N248",20240319,"서울 SK","원정",1,470,-1,"3점",1,FALSE,1.18,0.675,2.382
"2023_24","S43G01N248",20240319,"서울 SK","원정",1,404,2,"2점",1,FALSE,0.77,0.479,0.735
"2023_24","S43G01N248",20240319,"서울 SK","원정",1,380,4,"3점",1,FALSE,1.13,0.675,2.297
"2023_24","S43G01N248",20240319,"서울 SK","원정",1,319,7,"3점",0,FALSE,1.06,-0.325,-1.032
"2023_24","S43G01N248",20240319,"서울 SK","원정",1,266,4,"3점",0,FALSE,1.16,-0.325,-1.134
"2023_24","S43G01N248",20240319,"서울 SK","원정",1,119,3,"3점",0,FALSE,1.23,-0.325,-1.197
"2023_24","S43G01N248",20240319,"서울 SK","원정",1,5,-4,"2점",1,FALSE,0.84,0.479,0.806
"2023_24","S43G01N248",20240319,"서울 SK","원정",2,481,1,"2점",1,FALSE,0.88,0.479,0.847
"2023_24","S43G01N248",20240319,"서울 SK","원정",2,402,1,"2점",0,FALSE,0.91,-0.521,-0.944
"2023_24","S43G01N248",20240319,"서울 SK","원정",2,48,-3,"3점",1,FALSE,1.57,0.675,3.18
"2023_24","S43G01N248",20240319,"서울 SK","원정",3,530,-3,"3점",1,FALSE,1.65,0.675,3.338
"2023_24","S43G01N248",20240319,"서울 SK","원정",3,493,-0,"3점",0,FALSE,1.68,-0.325,-1.641
"2023_24","S43G01N248",20240319,"서울 SK","원정",3,237,-0,"2점",1,FALSE,1.26,0.479,1.206
"2023_24","S43G01N248",20240319,"서울 SK","원정",3,195,-0,"2점",1,FALSE,1.29,0.479,1.237
"2023_24","S43G01N248",20240319,"서울 SK","원정",3,27,-1,"3점",0,FALSE,2.23,-0.325,-2.176
"2023_24","S43G01N248",20240319,"서울 SK","원정",4,343,1,"2점",1,FALSE,1.89,0.479,1.807
"2023_24","S43G01N248",20240319,"서울 SK","원정",4,287,6,"2점",1,FALSE,1.07,0.479,1.025
"2023_24","S43G01N248",20240319,"서울 SK","원정",4,219,4,"3점",1,TRUE,2.16,0.675,4.375
"2023_24","S43G01N248",20240319,"서울 SK","원정",4,140,10,"2점",1,FALSE,0.09,0.479,0.084
"2023_24","S43G01N248",20240319,"서울 SK","원정",4,102,12,"3점",1,FALSE,0,0.675,0.009
"2023_24","S43G01N249",20240320,"부산 KCC","원정",2,354,-4,"3점",0,FALSE,1.39,-0.325,-1.361
"2023_24","S43G01N249",20240320,"부산 KCC","원정",3,506,-3,"3점",0,FALSE,1.67,-0.325,-1.626
"2023_24","S43G01N249",20240320,"부산 KCC","원정",3,494,-3,"2점",0,FALSE,1.09,-0.521,-1.132
"2023_24","S43G01N249",20240320,"부산 KCC","원정",3,424,-8,"2점",0,FALSE,0.92,-0.521,-0.961
"2023_24","S43G01N249",20240320,"부산 KCC","원정",3,386,-10,"3점",0,FALSE,1.29,-0.325,-1.257
"2023_24","S43G01N249",20240320,"부산 KCC","원정",3,228,-12,"3점",0,FALSE,1.08,-0.325,-1.056
"2023_24","S43G01N249",20240320,"부산 KCC","원정",4,384,-15,"2점",1,FALSE,0.2,0.479,0.192
"2023_24","S43G01N249",20240320,"부산 KCC","원정",4,322,-16,"3점",0,FALSE,0.19,-0.325,-0.181
"2023_24","S43G01N249",20240320,"부산 KCC","원정",4,214,-16,"3점",0,FALSE,0.06,-0.325,-0.055
"2023_24","S43G01N253",20240322,"울산 현대모비스","홈",1,449,-3,"2점",1,FALSE,0.77,0.479,0.733
"2023_24","S43G01N253",20240322,"울산 현대모비스","홈",1,365,1,"2점",1,FALSE,0.78,0.479,0.748
"2023_24","S43G01N253",20240322,"울산 현대모비스","홈",1,302,1,"3점",0,FALSE,1.21,-0.325,-1.18
"2023_24","S43G01N253",20240322,"울산 현대모비스","홈",1,283,1,"3점",1,FALSE,1.21,0.675,2.458
"2023_24","S43G01N253",20240322,"울산 현대모비스","홈",1,202,6,"3점",0,FALSE,1.12,-0.325,-1.089
"2023_24","S43G01N253",20240322,"울산 현대모비스","홈",1,136,5,"2점",1,FALSE,0.77,0.479,0.738
"2023_24","S43G01N253",20240322,"울산 현대모비스","홈",1,108,7,"3점",0,FALSE,1.1,-0.325,-1.07
"2023_24","S43G01N253",20240322,"울산 현대모비스","홈",1,95,7,"3점",1,FALSE,1.1,0.675,2.225
"2023_24","S43G01N253",20240322,"울산 현대모비스","홈",2,507,6,"3점",0,FALSE,1.18,-0.325,-1.155
"2023_24","S43G01N253",20240322,"울산 현대모비스","홈",2,446,4,"2점",0,FALSE,0.85,-0.521,-0.884
"2023_24","S43G01N253",20240322,"울산 현대모비스","홈",2,89,0,"3점",1,FALSE,1.55,0.675,3.139
"2023_24","S43G01N253",20240322,"울산 현대모비스","홈",3,565,1,"2점",0,FALSE,1.06,-0.521,-1.103
"2023_24","S43G01N253",20240322,"울산 현대모비스","홈",3,540,4,"2점",1,FALSE,0.99,0.479,0.949
"2023_24","S43G01N253",20240322,"울산 현대모비스","홈",3,346,9,"2점",0,FALSE,0.77,-0.521,-0.798
"2023_24","S43G01N253",20240322,"울산 현대모비스","홈",3,309,7,"3점",1,FALSE,1.34,0.675,2.705
"2023_24","S43G01N253",20240322,"울산 현대모비스","홈",3,197,4,"3점",0,FALSE,1.7,-0.325,-1.658
"2023_24","S43G01N253",20240322,"울산 현대모비스","홈",3,71,6,"3점",1,FALSE,1.53,0.675,3.096
"2023_24","S43G01N253",20240322,"울산 현대모비스","홈",4,472,4,"3점",1,FALSE,1.98,0.675,4.014
"2023_24","S43G01N253",20240322,"울산 현대모비스","홈",4,384,6,"2점",0,FALSE,1.1,-0.521,-1.151
"2023_24","S43G01N253",20240322,"울산 현대모비스","홈",4,369,6,"2점",1,FALSE,1.1,0.479,1.055
"2023_24","S43G01N253",20240322,"울산 현대모비스","홈",5,120,9,"3점",1,FALSE,0.13,0.675,0.259
"2023_24","S43G01N256",20240323,"서울 SK","원정",1,281,3,"3점",0,FALSE,1.18,-0.325,-1.153
"2023_24","S43G01N256",20240323,"서울 SK","원정",2,517,2,"2점",0,FALSE,0.87,-0.521,-0.902
"2023_24","S43G01N256",20240323,"서울 SK","원정",2,139,-8,"3점",1,FALSE,1.33,0.675,2.69
"2023_24","S43G01N256",20240323,"서울 SK","원정",2,101,-7,"3점",0,FALSE,1.4,-0.325,-1.364
"2023_24","S43G01N256",20240323,"서울 SK","원정",3,90,-3,"2점",0,FALSE,1.35,-0.521,-1.409
"2023_24","S43G01N256",20240323,"서울 SK","원정",4,538,-2,"3점",0,FALSE,2.4,-0.325,-2.341
"2023_24","S43G01N258",20240324,"원주 DB","원정",1,510,1,"2점",1,FALSE,0.76,0.479,0.725
"2023_24","S43G01N258",20240324,"원주 DB","원정",1,154,8,"3점",0,FALSE,1.05,-0.325,-1.021
"2023_24","S43G01N258",20240324,"원주 DB","원정",2,525,5,"2점",0,FALSE,0.81,-0.521,-0.843
"2023_24","S43G01N258",20240324,"원주 DB","원정",3,456,-1,"2점",1,FALSE,1.13,0.479,1.078
"2023_24","S43G01N258",20240324,"원주 DB","원정",3,414,-0,"2점",0,FALSE,1.15,-0.521,-1.194
"2023_24","S43G01N258",20240324,"원주 DB","원정",3,96,-2,"2점",1,FALSE,1.37,0.479,1.316
"2023_24","S43G01N258",20240324,"원주 DB","원정",4,380,2,"2점",0,FALSE,1.71,-0.521,-1.781
"2023_24","S43G01N258",20240324,"원주 DB","원정",4,260,1,"2점",1,TRUE,2.14,0.479,2.046
"2023_24","S43G01N258",20240324,"원주 DB","원정",4,205,1,"2점",0,TRUE,2.37,-0.521,-2.467
"2023_24","S43G01N258",20240324,"원주 DB","원정",4,7,1,"2점",1,TRUE,2.62,0.479,2.507
"2023_24","S43G01N258",20240324,"원주 DB","원정",5,268,-0,"3점",0,TRUE,3.29,-0.325,-3.215
"2023_24","S43G01N258",20240324,"원주 DB","원정",5,226,2,"2점",0,TRUE,2.08,-0.521,-2.166
"2023_24","S43G01N258",20240324,"원주 DB","원정",5,148,1,"2점",1,TRUE,2.7,0.479,2.59
"2023_24","S43G01N259",20240324,"부산 KCC","홈",1,488,3,"3점",1,FALSE,1.13,0.675,2.29
"2023_24","S43G01N259",20240324,"부산 KCC","홈",1,371,5,"2점",1,FALSE,0.73,0.479,0.703
"2023_24","S43G01N259",20240324,"부산 KCC","홈",1,308,5,"2점",1,FALSE,0.74,0.479,0.712
"2023_24","S43G01N259",20240324,"부산 KCC","홈",1,276,7,"3점",0,FALSE,1.06,-0.325,-1.039
"2023_24","S43G01N259",20240324,"부산 KCC","홈",1,129,3,"3점",0,FALSE,1.22,-0.325,-1.194
"2023_24","S43G01N259",20240324,"부산 KCC","홈",2,541,-4,"2점",0,FALSE,0.86,-0.521,-0.892
"2023_24","S43G01N259",20240324,"부산 KCC","홈",2,463,-4,"2점",0,FALSE,0.87,-0.521,-0.912
"2023_24","S43G01N259",20240324,"부산 KCC","홈",2,59,-7,"3점",0,FALSE,1.42,-0.325,-1.382
"2023_24","S43G01N259",20240324,"부산 KCC","홈",3,580,-3,"3점",0,FALSE,1.61,-0.325,-1.575
"2023_24","S43G01N259",20240324,"부산 KCC","홈",3,540,-4,"2점",0,FALSE,1.04,-0.521,-1.088
"2023_24","S43G01N259",20240324,"부산 KCC","홈",3,356,-6,"2점",0,FALSE,1.05,-0.521,-1.094
"2023_24","S43G01N259",20240324,"부산 KCC","홈",3,256,-7,"2점",1,FALSE,1.03,0.479,0.99
"2023_24","S43G01N259",20240324,"부산 KCC","홈",3,180,-7,"3점",0,FALSE,1.68,-0.325,-1.641
"2023_24","S43G01N259",20240324,"부산 KCC","홈",4,536,-1,"3점",1,FALSE,2.41,0.675,4.877
"2023_24","S43G01N259",20240324,"부산 KCC","홈",4,445,0,"2점",1,FALSE,1.72,0.479,1.646
"2023_24","S43G01N259",20240324,"부산 KCC","홈",4,417,2,"2점",1,FALSE,1.64,0.479,1.575
"2023_24","S43G01N259",20240324,"부산 KCC","홈",4,374,2,"3점",1,FALSE,2.53,0.675,5.131
"2023_24","S43G01N259",20240324,"부산 KCC","홈",4,47,6,"2점",0,FALSE,0.09,-0.521,-0.092
"2023_24","S43G01N26",20231104,"안양 정관장","원정",1,453,1,"3점",1,FALSE,1.17,0.675,2.366
"2023_24","S43G01N26",20231104,"안양 정관장","원정",1,218,5,"2점",1,FALSE,0.76,0.479,0.725
"2023_24","S43G01N26",20231104,"안양 정관장","원정",1,179,7,"2점",1,FALSE,0.72,0.479,0.689
"2023_24","S43G01N26",20231104,"안양 정관장","원정",1,94,2,"2점",1,FALSE,0.83,0.479,0.791
"2023_24","S43G01N26",20231104,"안양 정관장","원정",1,24,4,"2점",0,FALSE,0.81,-0.521,-0.845
"2023_24","S43G01N26",20231104,"안양 정관장","원정",1,3,4,"2점",1,FALSE,0.81,0.479,0.78
"2023_24","S43G01N26",20231104,"안양 정관장","원정",2,501,5,"2점",1,FALSE,0.81,0.479,0.779
"2023_24","S43G01N26",20231104,"안양 정관장","원정",2,456,4,"2점",1,FALSE,0.85,0.479,0.81
"2023_24","S43G01N26",20231104,"안양 정관장","원정",2,299,8,"3점",0,FALSE,1.13,-0.325,-1.099
"2023_24","S43G01N26",20231104,"안양 정관장","원정",2,248,8,"2점",0,FALSE,0.76,-0.521,-0.794
"2023_24","S43G01N26",20231104,"안양 정관장","원정",3,532,9,"3점",0,FALSE,1.11,-0.325,-1.082
"2023_24","S43G01N26",20231104,"안양 정관장","원정",3,373,3,"3점",1,FALSE,1.65,0.675,3.341
"2023_24","S43G01N26",20231104,"안양 정관장","원정",3,21,-1,"3점",0,FALSE,2.24,-0.325,-2.186
"2023_24","S43G01N26",20231104,"안양 정관장","원정",4,423,-0,"3점",0,FALSE,2.66,-0.325,-2.597
"2023_24","S43G01N26",20231104,"안양 정관장","원정",4,244,-3,"2점",0,TRUE,2.15,-0.521,-2.242
"2023_24","S43G01N269",20240331,"수원 KT","홈",1,557,2,"2점",0,FALSE,0.74,-0.521,-0.774
"2023_24","S43G01N269",20240331,"수원 KT","홈",1,529,2,"3점",1,FALSE,1.14,0.675,2.304
"2023_24","S43G01N269",20240331,"수원 KT","홈",1,491,5,"3점",0,FALSE,1.09,-0.325,-1.06
"2023_24","S43G01N269",20240331,"수원 KT","홈",1,455,3,"3점",1,FALSE,1.14,0.675,2.305
"2023_24","S43G01N269",20240331,"수원 KT","홈",1,425,6,"2점",1,FALSE,0.71,0.479,0.679
"2023_24","S43G01N269",20240331,"수원 KT","홈",1,334,6,"3점",1,FALSE,1.09,0.675,2.203
"2023_24","S43G01N269",20240331,"수원 KT","홈",1,214,8,"3점",0,FALSE,1.04,-0.325,-1.011
"2023_24","S43G01N269",20240331,"수원 KT","홈",1,62,10,"2점",1,FALSE,0.65,0.479,0.619
"2023_24","S43G01N269",20240331,"수원 KT","홈",1,3,10,"3점",1,FALSE,0.97,0.675,1.966
"2023_24","S43G01N269",20240331,"수원 KT","홈",2,551,14,"2점",1,FALSE,0.51,0.479,0.487
"2023_24","S43G01N269",20240331,"수원 KT","홈",2,535,16,"3점",0,FALSE,0.64,-0.325,-0.623
"2023_24","S43G01N269",20240331,"수원 KT","홈",2,526,16,"3점",0,FALSE,0.64,-0.325,-0.622
"2023_24","S43G01N269",20240331,"수원 KT","홈",2,498,16,"2점",0,FALSE,0.43,-0.521,-0.451
"2023_24","S43G01N269",20240331,"수원 KT","홈",2,440,13,"3점",0,FALSE,0.81,-0.325,-0.787
"2023_24","S43G01N269",20240331,"수원 KT","홈",2,318,10,"2점",0,FALSE,0.67,-0.521,-0.701
"2023_24","S43G01N269",20240331,"수원 KT","홈",2,144,9,"3점",1,FALSE,1.09,0.675,2.197
"2023_24","S43G01N269",20240331,"수원 KT","홈",2,120,10,"2점",0,FALSE,0.69,-0.521,-0.715
"2023_24","S43G01N269",20240331,"수원 KT","홈",2,13,12,"2점",0,FALSE,0.58,-0.521,-0.61
"2023_24","S43G01N269",20240331,"수원 KT","홈",3,533,16,"3점",1,FALSE,0.53,0.675,1.078
"2023_24","S43G01N269",20240331,"수원 KT","홈",3,333,11,"2점",0,FALSE,0.63,-0.521,-0.654
"2023_24","S43G01N269",20240331,"수원 KT","홈",3,273,13,"3점",0,FALSE,0.69,-0.325,-0.673
"2023_24","S43G01N269",20240331,"수원 KT","홈",3,237,13,"2점",0,FALSE,0.47,-0.521,-0.492
"2023_24","S43G01N269",20240331,"수원 KT","홈",3,233,13,"2점",0,FALSE,0.47,-0.521,-0.491
"2023_24","S43G01N269",20240331,"수원 KT","홈",3,174,13,"2점",0,FALSE,0.45,-0.521,-0.472
"2023_24","S43G01N269",20240331,"수원 KT","홈",3,63,9,"3점",1,FALSE,1.09,0.675,2.203
"2023_24","S43G01N269",20240331,"수원 KT","홈",3,17,11,"2점",0,FALSE,0.55,-0.521,-0.577
"2023_24","S43G01N269",20240331,"수원 KT","홈",4,528,7,"2점",1,FALSE,0.96,0.479,0.923
"2023_24","S43G01N269",20240331,"수원 KT","홈",4,488,6,"2점",0,FALSE,1.09,-0.521,-1.141
"2023_24","S43G01N269",20240331,"수원 KT","홈",4,457,6,"3점",0,FALSE,1.58,-0.325,-1.539
"2023_24","S43G01N269",20240331,"수원 KT","홈",4,345,0,"3점",0,FALSE,2.93,-0.325,-2.859
"2023_24","S43G01N269",20240331,"수원 KT","홈",4,137,0,"2점",1,TRUE,3.03,0.479,2.902
"2023_24","S43G01N269",20240331,"수원 KT","홈",4,55,1,"3점",0,TRUE,4.86,-0.325,-4.742
"2023_24","S43G01N269",20240331,"수원 KT","홈",4,2,0,"2점",0,TRUE,9.37,-0.521,-9.766
"2023_24","S43G01N269",20240331,"수원 KT","홈",5,245,1,"2점",0,TRUE,2.19,-0.521,-2.285
"2023_24","S43G01N269",20240331,"수원 KT","홈",5,81,1,"3점",0,TRUE,4.57,-0.325,-4.462
"2023_24","S43G01N27",20231104,"수원 KT","홈",2,446,0,"2점",0,FALSE,0.9,-0.521,-0.938
"2023_24","S43G01N27",20231104,"수원 KT","홈",2,275,-1,"3점",0,FALSE,1.46,-0.325,-1.423
"2023_24","S43G01N27",20231104,"수원 KT","홈",2,142,4,"2점",0,FALSE,0.93,-0.521,-0.965
"2023_24","S43G01N27",20231104,"수원 KT","홈",2,16,2,"3점",0,FALSE,1.54,-0.325,-1.506
"2023_24","S43G01N27",20231104,"수원 KT","홈",3,257,-6,"3점",0,FALSE,1.72,-0.325,-1.674
"2023_24","S43G01N27",20231104,"수원 KT","홈",3,125,-2,"2점",0,FALSE,1.35,-0.521,-1.404
"2023_24","S43G01N27",20231104,"수원 KT","홈",4,193,-6,"3점",0,FALSE,2.49,-0.325,-2.434
"2023_24","S43G01N27",20231104,"수원 KT","홈",4,58,-2,"2점",0,TRUE,4.28,-0.521,-4.463
"2023_24","S43G01N27",20231104,"수원 KT","홈",4,1,-3,"3점",0,TRUE,4.62,-0.325,-4.506
"2023_24","S43G01N270",20240331,"창원 LG","원정",1,299,-3,"2점",1,FALSE,0.79,0.479,0.758
"2023_24","S43G01N270",20240331,"창원 LG","원정",1,253,-3,"3점",0,FALSE,1.23,-0.325,-1.201
"2023_24","S43G01N270",20240331,"창원 LG","원정",1,98,-2,"2점",0,FALSE,0.84,-0.521,-0.873
"2023_24","S43G01N270",20240331,"창원 LG","원정",2,501,-7,"2점",0,FALSE,0.81,-0.521,-0.841
"2023_24","S43G01N270",20240331,"창원 LG","원정",4,549,-28,"3점",1,FALSE,0.01,0.675,0.019
"2023_24","S43G01N270",20240331,"창원 LG","원정",4,513,-25,"3점",1,FALSE,0.02,0.675,0.048
"2023_24","S43G01N270",20240331,"창원 LG","원정",4,303,-24,"3점",0,FALSE,0,-0.325,-0.002
"2023_24","S43G01N30",20231106,"수원 KT","원정",1,432,-8,"2점",1,FALSE,0.7,0.479,0.672
"2023_24","S43G01N30",20231106,"수원 KT","원정",1,378,-8,"2점",1,FALSE,0.71,0.479,0.679
"2023_24","S43G01N30",20231106,"수원 KT","원정",1,260,-11,"2점",0,FALSE,0.65,-0.521,-0.678
"2023_24","S43G01N30",20231106,"수원 KT","원정",1,223,-9,"2점",0,FALSE,0.71,-0.521,-0.736
"2023_24","S43G01N30",20231106,"수원 KT","원정",1,207,-9,"3점",0,FALSE,1.1,-0.325,-1.078
"2023_24","S43G01N30",20231106,"수원 KT","원정",1,113,-12,"3점",1,FALSE,0.99,0.675,2.012
"2023_24","S43G01N30",20231106,"수원 KT","원정",2,548,-16,"2점",1,FALSE,0.5,0.479,0.476
"2023_24","S43G01N30",20231106,"수원 KT","원정",2,385,-14,"3점",1,FALSE,0.91,0.675,1.848
"2023_24","S43G01N30",20231106,"수원 KT","원정",2,360,-11,"2점",1,FALSE,0.7,0.479,0.668
"2023_24","S43G01N30",20231106,"수원 KT","원정",2,321,-9,"3점",0,FALSE,1.22,-0.325,-1.189
"2023_24","S43G01N30",20231106,"수원 KT","원정",2,122,-16,"3점",1,FALSE,0.77,0.675,1.555
"2023_24","S43G01N30",20231106,"수원 KT","원정",2,1,-13,"2점",0,FALSE,0.62,-0.521,-0.649
"2023_24","S43G01N30",20231106,"수원 KT","원정",3,432,-14,"3점",0,FALSE,0.9,-0.325,-0.876
"2023_24","S43G01N30",20231106,"수원 KT","원정",3,342,-15,"3점",0,FALSE,0.78,-0.325,-0.763
"2023_24","S43G01N30",20231106,"수원 KT","원정",3,178,-17,"2점",0,FALSE,0.31,-0.521,-0.324
"2023_24","S43G01N30",20231106,"수원 KT","원정",4,550,-25,"3점",0,FALSE,0.03,-0.325,-0.03
"2023_24","S43G01N30",20231106,"수원 KT","원정",4,286,-25,"3점",1,FALSE,0,0.675,0.002
"2023_24","S43G01N30",20231106,"수원 KT","원정",4,240,-25,"3점",0,FALSE,0,-0.325,-0
"2023_24","S43G01N32",20231107,"원주 DB","원정",1,32,-10,"2점",0,FALSE,0.7,-0.521,-0.732
"2023_24","S43G01N32",20231107,"원주 DB","원정",3,506,-14,"3점",0,FALSE,0.91,-0.325,-0.884
"2023_24","S43G01N32",20231107,"원주 DB","원정",3,464,-17,"3점",0,FALSE,0.64,-0.325,-0.625
"2023_24","S43G01N32",20231107,"원주 DB","원정",4,468,-34,"2점",0,FALSE,0,-0.521,-0
"2023_24","S43G01N34",20231109,"울산 현대모비스","원정",1,512,-2,"2점",1,FALSE,0.76,0.479,0.727
"2023_24","S43G01N34",20231109,"울산 현대모비스","원정",1,414,-3,"3점",0,FALSE,1.19,-0.325,-1.157
"2023_24","S43G01N34",20231109,"울산 현대모비스","원정",1,248,-3,"3점",0,FALSE,1.23,-0.325,-1.202
"2023_24","S43G01N34",20231109,"울산 현대모비스","원정",1,149,-8,"3점",1,FALSE,1.15,0.675,2.332
"2023_24","S43G01N34",20231109,"울산 현대모비스","원정",1,115,-7,"3점",1,FALSE,1.19,0.675,2.414
"2023_24","S43G01N34",20231109,"울산 현대모비스","원정",2,584,-5,"3점",0,FALSE,1.29,-0.325,-1.254
"2023_24","S43G01N34",20231109,"울산 현대모비스","원정",3,544,4,"2점",0,FALSE,0.99,-0.521,-1.032
"2023_24","S43G01N34",20231109,"울산 현대모비스","원정",3,458,4,"2점",0,FALSE,1.02,-0.521,-1.065
"2023_24","S43G01N34",20231109,"울산 현대모비스","원정",3,88,-2,"3점",0,FALSE,2.13,-0.325,-2.074
"2023_24","S43G01N34",20231109,"울산 현대모비스","원정",3,24,-2,"2점",1,FALSE,1.45,0.479,1.388
"2023_24","S43G01N34",20231109,"울산 현대모비스","원정",4,450,-8,"3점",0,FALSE,1.73,-0.325,-1.69
"2023_24","S43G01N34",20231109,"울산 현대모비스","원정",4,272,-4,"2점",0,TRUE,1.89,-0.521,-1.972
"2023_24","S43G01N34",20231109,"울산 현대모비스","원정",4,231,-7,"2점",0,FALSE,1.19,-0.521,-1.244
"2023_24","S43G01N37",20231111,"서울 SK","홈",2,474,-16,"3점",0,FALSE,0.79,-0.325,-0.771
"2023_24","S43G01N37",20231111,"서울 SK","홈",2,329,-11,"3점",1,FALSE,1.1,0.675,2.234
"2023_24","S43G01N37",20231111,"서울 SK","홈",2,289,-8,"3점",1,FALSE,1.28,0.675,2.588
"2023_24","S43G01N37",20231111,"서울 SK","홈",3,61,-10,"3점",0,FALSE,1.34,-0.325,-1.309
"2023_24","S43G01N37",20231111,"서울 SK","홈",4,502,-10,"3점",0,FALSE,1.32,-0.325,-1.289
"2023_24","S43G01N37",20231111,"서울 SK","홈",4,323,-14,"2점",1,FALSE,0.21,0.479,0.197
"2023_24","S43G01N37",20231111,"서울 SK","홈",4,227,-12,"2점",1,FALSE,0.23,0.479,0.225
"2023_24","S43G01N37",20231111,"서울 SK","홈",4,189,-10,"3점",0,FALSE,0.77,-0.325,-0.753
"2023_24","S43G01N38",20231111,"대구 한국가스공사","원정",1,197,-1,"3점",1,FALSE,1.25,0.675,2.539
"2023_24","S43G01N38",20231111,"대구 한국가스공사","원정",1,48,7,"2점",1,FALSE,0.74,0.479,0.706
"2023_24","S43G01N38",20231111,"대구 한국가스공사","원정",2,565,7,"3점",0,FALSE,1.13,-0.325,-1.099
"2023_24","S43G01N38",20231111,"대구 한국가스공사","원정",2,404,6,"3점",1,FALSE,1.21,0.675,2.451
"2023_24","S43G01N38",20231111,"대구 한국가스공사","원정",3,440,9,"3점",1,FALSE,1.12,0.675,2.259
"2023_24","S43G01N38",20231111,"대구 한국가스공사","원정",3,382,10,"3점",1,FALSE,1.02,0.675,2.061
"2023_24","S43G01N38",20231111,"대구 한국가스공사","원정",4,462,17,"3점",0,FALSE,0.12,-0.325,-0.114
"2023_24","S43G01N38",20231111,"대구 한국가스공사","원정",4,370,19,"2점",1,FALSE,0.02,0.479,0.019
"2023_24","S43G01N38",20231111,"대구 한국가스공사","원정",4,220,18,"3점",0,FALSE,0,-0.325,-0.003
"2023_24","S43G01N42",20231112,"부산 KCC","홈",1,380,-2,"2점",1,FALSE,0.78,0.479,0.749
"2023_24","S43G01N42",20231112,"부산 KCC","홈",1,291,-2,"3점",1,FALSE,1.23,0.675,2.48
"2023_24","S43G01N42",20231112,"부산 KCC","홈",1,189,4,"3점",0,FALSE,1.18,-0.325,-1.153
"2023_24","S43G01N42",20231112,"부산 KCC","홈",1,85,4,"2점",1,FALSE,0.8,0.479,0.765
"2023_24","S43G01N42",20231112,"부산 KCC","홈",1,30,4,"3점",0,FALSE,1.23,-0.325,-1.195
"2023_24","S43G01N42",20231112,"부산 KCC","홈",1,0,4,"2점",1,FALSE,0.82,0.479,0.781
"2023_24","S43G01N42",20231112,"부산 KCC","홈",2,312,4,"3점",1,FALSE,1.33,0.675,2.689
"2023_24","S43G01N42",20231112,"부산 KCC","홈",2,282,7,"3점",0,FALSE,1.19,-0.325,-1.16
"2023_24","S43G01N42",20231112,"부산 KCC","홈",2,193,6,"2점",1,FALSE,0.85,0.479,0.812
"2023_24","S43G01N42",20231112,"부산 KCC","홈",2,120,6,"3점",0,FALSE,1.29,-0.325,-1.262
"2023_24","S43G01N42",20231112,"부산 KCC","홈",2,46,2,"2점",0,FALSE,1.01,-0.521,-1.05
"2023_24","S43G01N42",20231112,"부산 KCC","홈",2,1,0,"2점",0,FALSE,1.05,-0.521,-1.098
"2023_24","S43G01N42",20231112,"부산 KCC","홈",3,470,-2,"2점",0,FALSE,1.11,-0.521,-1.159
"2023_24","S43G01N42",20231112,"부산 KCC","홈",3,263,3,"3점",1,FALSE,1.73,0.675,3.509
"2023_24","S43G01N42",20231112,"부산 KCC","홈",3,231,6,"3점",0,FALSE,1.47,-0.325,-1.433
"2023_24","S43G01N42",20231112,"부산 KCC","홈",3,197,4,"3점",1,FALSE,1.7,0.675,3.439
"2023_24","S43G01N42",20231112,"부산 KCC","홈",3,153,5,"3점",1,FALSE,1.62,0.675,3.28
"2023_24","S43G01N42",20231112,"부산 KCC","홈",3,55,7,"3점",1,FALSE,1.39,0.675,2.804
"2023_24","S43G01N42",20231112,"부산 KCC","홈",3,25,10,"3점",0,FALSE,0.93,-0.325,-0.904
"2023_24","S43G01N42",20231112,"부산 KCC","홈",4,574,12,"3점",0,FALSE,0.62,-0.325,-0.605
"2023_24","S43G01N42",20231112,"부산 KCC","홈",4,507,10,"2점",0,FALSE,0.6,-0.521,-0.625
"2023_24","S43G01N42",20231112,"부산 KCC","홈",4,315,7,"2점",0,FALSE,0.89,-0.521,-0.928
"2023_24","S43G01N42",20231112,"부산 KCC","홈",4,156,12,"3점",0,FALSE,0.04,-0.325,-0.037
"2023_24","S43G01N42",20231112,"부산 KCC","홈",4,55,9,"3점",0,FALSE,0,-0.325,-0.003
"2023_24","S43G01N45",20231114,"안양 정관장","홈",1,88,-11,"2점",0,FALSE,0.67,-0.521,-0.694
"2023_24","S43G01N45",20231114,"안양 정관장","홈",2,239,-11,"3점",0,FALSE,1.12,-0.325,-1.092
"2023_24","S43G01N45",20231114,"안양 정관장","홈",2,11,-5,"3점",0,FALSE,1.54,-0.325,-1.498
"2023_24","S43G01N45",20231114,"안양 정관장","홈",3,91,-9,"2점",0,FALSE,0.92,-0.521,-0.96
"2023_24","S43G01N45",20231114,"안양 정관장","홈",3,77,-9,"3점",0,FALSE,1.49,-0.325,-1.45
"2023_24","S43G01N48",20231117,"부산 KCC","원정",1,550,-0,"2점",0,FALSE,0.75,-0.521,-0.786
"2023_24","S43G01N48",20231117,"부산 KCC","원정",1,246,-0,"3점",1,FALSE,1.23,0.675,2.499
"2023_24","S43G01N48",20231117,"부산 KCC","원정",1,182,3,"2점",1,FALSE,0.8,0.479,0.762
"2023_24","S43G01N48",20231117,"부산 KCC","원정",1,101,3,"2점",0,FALSE,0.81,-0.521,-0.846
"2023_24","S43G01N48",20231117,"부산 KCC","원정",2,463,-3,"2점",0,FALSE,0.89,-0.521,-0.924
"2023_24","S43G01N48",20231117,"부산 KCC","원정",2,310,-5,"2점",1,FALSE,0.9,0.479,0.859
"2023_24","S43G01N48",20231117,"부산 KCC","원정",2,243,-4,"2점",1,FALSE,0.94,0.479,0.896
"2023_24","S43G01N48",20231117,"부산 KCC","원정",2,206,-2,"2점",0,FALSE,0.97,-0.521,-1.013
"2023_24","S43G01N48",20231117,"부산 KCC","원정",2,147,-0,"2점",1,FALSE,0.99,0.479,0.952
"2023_24","S43G01N48",20231117,"부산 KCC","원정",3,323,-11,"2점",1,FALSE,0.75,0.479,0.714
"2023_24","S43G01N48",20231117,"부산 KCC","원정",3,275,-9,"2점",1,FALSE,0.89,0.479,0.854
"2023_24","S43G01N48",20231117,"부산 KCC","원정",3,207,-4,"3점",1,FALSE,1.9,0.675,3.841
"2023_24","S43G01N48",20231117,"부산 KCC","원정",3,182,-1,"2점",1,FALSE,1.31,0.479,1.252
"2023_24","S43G01N48",20231117,"부산 KCC","원정",3,4,-2,"3점",0,FALSE,2.27,-0.325,-2.212
"2023_24","S43G01N48",20231117,"부산 KCC","원정",4,588,-2,"2점",1,FALSE,1.49,0.479,1.429
"2023_24","S43G01N48",20231117,"부산 KCC","원정",4,376,-2,"2점",0,FALSE,1.85,-0.521,-1.933
"2023_24","S43G01N48",20231117,"부산 KCC","원정",4,329,-2,"2점",0,FALSE,1.98,-0.521,-2.061
"2023_24","S43G01N48",20231117,"부산 KCC","원정",4,133,-6,"3점",0,FALSE,2.44,-0.325,-2.381
"2023_24","S43G01N48",20231117,"부산 KCC","원정",4,88,-9,"2점",1,FALSE,0.16,0.479,0.157
"2023_24","S43G01N5",20231022,"원주 DB","홈",1,574,0,"3점",0,FALSE,1.15,-0.325,-1.119
"2023_24","S43G01N5",20231022,"원주 DB","홈",1,571,0,"2점",0,FALSE,0.75,-0.521,-0.783
"2023_24","S43G01N5",20231022,"원주 DB","홈",1,479,1,"2점",0,FALSE,0.76,-0.521,-0.794
"2023_24","S43G01N5",20231022,"원주 DB","홈",2,237,-12,"3점",0,FALSE,1.05,-0.325,-1.028
"2023_24","S43G01N5",20231022,"원주 DB","홈",2,147,-15,"2점",1,FALSE,0.53,0.479,0.504
"2023_24","S43G01N5",20231022,"원주 DB","홈",2,128,-13,"3점",0,FALSE,0.99,-0.325,-0.968
"2023_24","S43G01N5",20231022,"원주 DB","홈",2,96,-16,"2점",0,FALSE,0.47,-0.521,-0.495
"2023_24","S43G01N5",20231022,"원주 DB","홈",2,1,-21,"2점",0,FALSE,0.25,-0.521,-0.257
"2023_24","S43G01N5",20231022,"원주 DB","홈",3,463,-23,"2점",0,FALSE,0.15,-0.521,-0.161
"2023_24","S43G01N5",20231022,"원주 DB","홈",4,268,-15,"2점",1,FALSE,0.09,0.479,0.088
"2023_24","S43G01N5",20231022,"원주 DB","홈",4,239,-12,"2점",0,FALSE,0.26,-0.521,-0.268
"2023_24","S43G01N52",20231118,"원주 DB","원정",1,410,-3,"2점",0,FALSE,0.77,-0.521,-0.804
"2023_24","S43G01N52",20231118,"원주 DB","원정",1,322,-8,"3점",0,FALSE,1.11,-0.325,-1.086
"2023_24","S43G01N52",20231118,"원주 DB","원정",2,491,-12,"3점",0,FALSE,1.02,-0.325,-0.997
"2023_24","S43G01N52",20231118,"원주 DB","원정",2,352,-17,"2점",0,FALSE,0.45,-0.521,-0.47
"2023_24","S43G01N52",20231118,"원주 DB","원정",3,591,-20,"2점",0,FALSE,0.28,-0.521,-0.294
"2023_24","S43G01N52",20231118,"원주 DB","원정",3,288,-16,"3점",0,FALSE,0.67,-0.325,-0.652
"2023_24","S43G01N52",20231118,"원주 DB","원정",3,191,-19,"3점",0,FALSE,0.37,-0.325,-0.36
"2023_24","S43G01N52",20231118,"원주 DB","원정",4,572,-24,"2점",1,FALSE,0.03,0.479,0.026
"2023_24","S43G01N52",20231118,"원주 DB","원정",4,524,-22,"3점",0,FALSE,0.08,-0.325,-0.074
"2023_24","S43G01N55",20231119,"원주 DB","홈",1,527,4,"2점",0,FALSE,0.73,-0.521,-0.757
"2023_24","S43G01N55",20231119,"원주 DB","홈",1,488,3,"2점",0,FALSE,0.74,-0.521,-0.776
"2023_24","S43G01N55",20231119,"원주 DB","홈",1,463,3,"3점",0,FALSE,1.14,-0.325,-1.11
"2023_24","S43G01N55",20231119,"원주 DB","홈",1,422,3,"3점",1,FALSE,1.15,0.675,2.321
"2023_24","S43G01N55",20231119,"원주 DB","홈",1,389,3,"3점",1,FALSE,1.15,0.675,2.337
"2023_24","S43G01N55",20231119,"원주 DB","홈",1,323,8,"3점",0,FALSE,1.02,-0.325,-0.995
"2023_24","S43G01N55",20231119,"원주 DB","홈",1,44,14,"2점",0,FALSE,0.51,-0.521,-0.531
"2023_24","S43G01N55",20231119,"원주 DB","홈",2,453,13,"2점",1,FALSE,0.55,0.479,0.523
"2023_24","S43G01N55",20231119,"원주 DB","홈",2,248,13,"2점",0,FALSE,0.54,-0.521,-0.567
"2023_24","S43G01N55",20231119,"원주 DB","홈",3,564,6,"2점",0,FALSE,0.9,-0.521,-0.94
"2023_24","S43G01N55",20231119,"원주 DB","홈",3,432,-1,"3점",0,FALSE,1.74,-0.325,-1.7
"2023_24","S43G01N55",20231119,"원주 DB","홈",3,221,-5,"3점",1,FALSE,1.82,0.675,3.688
"2023_24","S43G01N55",20231119,"원주 DB","홈",3,178,-2,"3점",1,FALSE,2,0.675,4.05
"2023_24","S43G01N55",20231119,"원주 DB","홈",3,64,1,"2점",0,FALSE,1.39,-0.521,-1.446
"2023_24","S43G01N55",20231119,"원주 DB","홈",3,21,-2,"3점",1,FALSE,2.24,0.675,4.526
"2023_24","S43G01N55",20231119,"원주 DB","홈",4,550,1,"3점",1,FALSE,2.28,0.675,4.617
"2023_24","S43G01N55",20231119,"원주 DB","홈",4,438,2,"2점",1,FALSE,1.61,0.479,1.543
"2023_24","S43G01N55",20231119,"원주 DB","홈",4,339,0,"3점",0,FALSE,2.95,-0.325,-2.883
"2023_24","S43G01N55",20231119,"원주 DB","홈",4,261,-2,"3점",0,TRUE,3.41,-0.325,-3.33
"2023_24","S43G01N56",20231120,"서울 SK","원정",1,510,2,"2점",1,FALSE,0.75,0.479,0.718
"2023_24","S43G01N56",20231120,"서울 SK","원정",1,442,6,"2점",0,FALSE,0.71,-0.521,-0.736
"2023_24","S43G01N56",20231120,"서울 SK","원정",1,427,6,"3점",1,FALSE,1.07,0.675,2.167
"2023_24","S43G01N56",20231120,"서울 SK","원정",1,374,6,"3점",1,FALSE,1.08,0.675,2.187
"2023_24","S43G01N56",20231120,"서울 SK","원정",1,320,11,"3점",0,FALSE,0.89,-0.325,-0.872
"2023_24","S43G01N56",20231120,"서울 SK","원정",2,436,7,"2점",1,FALSE,0.77,0.479,0.737
"2023_24","S43G01N56",20231120,"서울 SK","원정",2,313,5,"2점",0,FALSE,0.85,-0.521,-0.89
"2023_24","S43G01N56",20231120,"서울 SK","원정",2,56,-0,"2점",1,FALSE,1.03,0.479,0.986
"2023_24","S43G01N56",20231120,"서울 SK","원정",3,519,1,"3점",1,FALSE,1.64,0.675,3.317
"2023_24","S43G01N56",20231120,"서울 SK","원정",3,389,4,"3점",0,FALSE,1.57,-0.325,-1.534
"2023_24","S43G01N56",20231120,"서울 SK","원정",3,1,-6,"3점",0,FALSE,1.96,-0.325,-1.908
"2023_24","S43G01N56",20231120,"서울 SK","원정",4,531,-8,"3점",0,FALSE,1.7,-0.325,-1.659
"2023_24","S43G01N56",20231120,"서울 SK","원정",4,265,-13,"3점",1,FALSE,0.39,0.675,0.799
"2023_24","S43G01N56",20231120,"서울 SK","원정",4,194,-11,"3점",0,FALSE,0.54,-0.325,-0.522
"2023_24","S43G01N56",20231120,"서울 SK","원정",4,31,-10,"3점",1,FALSE,0,0.675,0.002
"2023_24","S43G01N6",20231022,"부산 KCC","원정",1,582,-0,"3점",0,FALSE,1.15,-0.325,-1.117
"2023_24","S43G01N6",20231022,"부산 KCC","원정",1,126,-10,"3점",0,FALSE,1.08,-0.325,-1.055
"2023_24","S43G01N6",20231022,"부산 KCC","원정",1,98,-12,"2점",1,FALSE,0.63,0.479,0.607
"2023_24","S43G01N6",20231022,"부산 KCC","원정",1,62,-12,"3점",1,FALSE,1,0.675,2.025
"2023_24","S43G01N6",20231022,"부산 KCC","원정",2,38,-23,"3점",1,FALSE,0.31,0.675,0.636
"2023_24","S43G01N6",20231022,"부산 KCC","원정",3,587,-20,"3점",1,FALSE,0.46,0.675,0.937
"2023_24","S43G01N6",20231022,"부산 KCC","원정",3,534,-19,"3점",1,FALSE,0.51,0.675,1.037
"2023_24","S43G01N6",20231022,"부산 KCC","원정",3,473,-18,"2점",1,FALSE,0.34,0.479,0.329
"2023_24","S43G01N6",20231022,"부산 KCC","원정",4,370,-23,"3점",1,FALSE,0.01,0.675,0.027
"2023_24","S43G01N6",20231022,"부산 KCC","원정",4,266,-22,"3점",0,FALSE,0,-0.325,-0.004
"2023_24","S43G01N60",20231123,"대구 한국가스공사","홈",1,496,-2,"2점",0,FALSE,0.76,-0.521,-0.794
"2023_24","S43G01N60",20231123,"대구 한국가스공사","홈",2,469,12,"2점",1,FALSE,0.59,0.479,0.56
"2023_24","S43G01N60",20231123,"대구 한국가스공사","홈",2,422,14,"3점",0,FALSE,0.75,-0.325,-0.727
"2023_24","S43G01N60",20231123,"대구 한국가스공사","홈",2,348,16,"3점",0,FALSE,0.62,-0.325,-0.603
"2023_24","S43G01N60",20231123,"대구 한국가스공사","홈",2,269,14,"2점",1,FALSE,0.5,0.479,0.479
"2023_24","S43G01N60",20231123,"대구 한국가스공사","홈",2,156,17,"3점",0,FALSE,0.52,-0.325,-0.511
"2023_24","S43G01N60",20231123,"대구 한국가스공사","홈",3,523,29,"2점",0,FALSE,0.04,-0.521,-0.038
"2023_24","S43G01N60",20231123,"대구 한국가스공사","홈",4,411,14,"3점",0,FALSE,0.24,-0.325,-0.235
"2023_24","S43G01N60",20231123,"대구 한국가스공사","홈",4,120,18,"2점",1,FALSE,0,0.479,0
"2023_24","S43G01N63",20231125,"창원 LG","원정",1,439,1,"3점",0,FALSE,1.17,-0.325,-1.144
"2023_24","S43G01N63",20231125,"창원 LG","원정",1,324,-5,"2점",0,FALSE,0.77,-0.521,-0.799
"2023_24","S43G01N63",20231125,"창원 LG","원정",1,308,-5,"3점",0,FALSE,1.19,-0.325,-1.16
"2023_24","S43G01N63",20231125,"창원 LG","원정",2,578,-9,"3점",0,FALSE,1.15,-0.325,-1.126
"2023_24","S43G01N63",20231125,"창원 LG","원정",2,571,-9,"3점",0,FALSE,1.16,-0.325,-1.128
"2023_24","S43G01N63",20231125,"창원 LG","원정",2,527,-11,"2점",0,FALSE,0.68,-0.521,-0.71
"2023_24","S43G01N63",20231125,"창원 LG","원정",2,280,-8,"2점",0,FALSE,0.82,-0.521,-0.855
"2023_24","S43G01N63",20231125,"창원 LG","원정",2,78,-4,"3점",0,FALSE,1.53,-0.325,-1.494
"2023_24","S43G01N63",20231125,"창원 LG","원정",3,471,-6,"2점",0,FALSE,1,-0.521,-1.047
"2023_24","S43G01N63",20231125,"창원 LG","원정",4,504,-22,"2점",0,FALSE,0.04,-0.521,-0.038
"2023_24","S43G01N63",20231125,"창원 LG","원정",4,372,-23,"2점",1,FALSE,0.01,0.479,0.006
"2023_24","S43G01N64",20231125,"울산 현대모비스","홈",1,501,0,"2점",1,FALSE,0.76,0.479,0.73
"2023_24","S43G01N64",20231125,"울산 현대모비스","홈",1,301,5,"3점",0,FALSE,1.13,-0.325,-1.099
"2023_24","S43G01N64",20231125,"울산 현대모비스","홈",3,552,-5,"2점",0,FALSE,1.01,-0.521,-1.054
"2023_24","S43G01N64",20231125,"울산 현대모비스","홈",3,500,-5,"3점",0,FALSE,1.6,-0.325,-1.564
"2023_24","S43G01N64",20231125,"울산 현대모비스","홈",3,324,-10,"2점",0,FALSE,0.82,-0.521,-0.85
"2023_24","S43G01N66",20231126,"수원 KT","원정",1,370,5,"3점",1,FALSE,1.11,0.675,2.249
"2023_24","S43G01N66",20231126,"수원 KT","원정",1,330,6,"2점",1,FALSE,0.72,0.479,0.691
"2023_24","S43G01N66",20231126,"수원 KT","원정",1,257,10,"3점",1,FALSE,0.94,0.675,1.911
"2023_24","S43G01N66",20231126,"수원 KT","원정",1,214,11,"2점",1,FALSE,0.6,0.479,0.578
"2023_24","S43G01N66",20231126,"수원 KT","원정",1,180,13,"3점",0,FALSE,0.81,-0.325,-0.786
"2023_24","S43G01N66",20231126,"수원 KT","원정",1,37,6,"2점",0,FALSE,0.76,-0.521,-0.797
"2023_24","S43G01N66",20231126,"수원 KT","원정",3,543,7,"3점",1,FALSE,1.27,0.675,2.581
"2023_24","S43G01N66",20231126,"수원 KT","원정",3,377,5,"3점",0,FALSE,1.5,-0.325,-1.464
"2023_24","S43G01N66",20231126,"수원 KT","원정",3,321,2,"3점",0,FALSE,1.75,-0.325,-1.708
"2023_24","S43G01N66",20231126,"수원 KT","원정",4,576,-4,"2점",1,FALSE,1.41,0.479,1.354
"2023_24","S43G01N66",20231126,"수원 KT","원정",4,497,-4,"2점",0,FALSE,1.5,-0.521,-1.568
"2023_24","S43G01N66",20231126,"수원 KT","원정",4,171,-2,"2점",0,TRUE,2.69,-0.521,-2.804
"2023_24","S43G01N66",20231126,"수원 KT","원정",4,161,-2,"3점",0,TRUE,4.3,-0.325,-4.193
"2023_24","S43G01N68",20231126,"서울 SK","홈",1,474,-6,"3점",0,FALSE,1.13,-0.325,-1.102
"2023_24","S43G01N68",20231126,"서울 SK","홈",1,46,-5,"3점",1,FALSE,1.26,0.675,2.561
"2023_24","S43G01N68",20231126,"서울 SK","홈",2,448,0,"2점",0,FALSE,0.9,-0.521,-0.938
"2023_24","S43G01N68",20231126,"서울 SK","홈",2,221,-7,"3점",1,FALSE,1.35,0.675,2.733
"2023_24","S43G01N68",20231126,"서울 SK","홈",2,177,-5,"3점",1,FALSE,1.45,0.675,2.932
"2023_24","S43G01N68",20231126,"서울 SK","홈",3,491,-6,"2점",0,FALSE,1,-0.521,-1.04
"2023_24","S43G01N68",20231126,"서울 SK","홈",3,429,-2,"2점",1,FALSE,1.13,0.479,1.086
"2023_24","S43G01N68",20231126,"서울 SK","홈",3,306,0,"2점",0,FALSE,1.21,-0.521,-1.262
"2023_24","S43G01N68",20231126,"서울 SK","홈",3,119,1,"2점",0,FALSE,1.34,-0.521,-1.392
"2023_24","S43G01N68",20231126,"서울 SK","홈",3,9,2,"3점",1,FALSE,2.09,0.675,4.235
"2023_24","S43G01N68",20231126,"서울 SK","홈",4,487,7,"3점",1,FALSE,1.37,0.675,2.781
"2023_24","S43G01N68",20231126,"서울 SK","홈",4,151,5,"2점",1,TRUE,1.13,0.479,1.083
"2023_24","S43G01N68",20231126,"서울 SK","홈",4,17,5,"2점",1,TRUE,0,0.479,0.004
"2023_24","S43G01N71",20231128,"안양 정관장","홈",1,555,0,"2점",1,FALSE,0.75,0.479,0.721
"2023_24","S43G01N71",20231128,"안양 정관장","홈",1,477,0,"2점",1,FALSE,0.77,0.479,0.734
"2023_24","S43G01N71",20231128,"안양 정관장","홈",1,442,-1,"3점",1,FALSE,1.18,0.675,2.397
"2023_24","S43G01N71",20231128,"안양 정관장","홈",1,25,1,"2점",1,FALSE,0.85,0.479,0.814
"2023_24","S43G01N71",20231128,"안양 정관장","홈",2,518,3,"3점",0,FALSE,1.29,-0.325,-1.258
"2023_24","S43G01N71",20231128,"안양 정관장","홈",2,371,2,"2점",1,FALSE,0.9,0.479,0.865
"2023_24","S43G01N71",20231128,"안양 정관장","홈",2,249,2,"2점",1,FALSE,0.94,0.479,0.899
"2023_24","S43G01N71",20231128,"안양 정관장","홈",3,307,7,"3점",1,FALSE,1.34,0.675,2.706
"2023_24","S43G01N71",20231128,"안양 정관장","홈",3,253,8,"3점",1,FALSE,1.24,0.675,2.5
"2023_24","S43G01N71",20231128,"안양 정관장","홈",4,580,7,"3점",0,FALSE,1.39,-0.325,-1.355
"2023_24","S43G01N71",20231128,"안양 정관장","홈",4,544,7,"3점",0,FALSE,1.39,-0.325,-1.352
"2023_24","S43G01N71",20231128,"안양 정관장","홈",4,420,8,"2점",0,FALSE,0.8,-0.521,-0.835
"2023_24","S43G01N71",20231128,"안양 정관장","홈",4,257,4,"3점",0,TRUE,2.16,-0.325,-2.112
"2023_24","S43G01N71",20231128,"안양 정관장","홈",4,117,3,"2점",0,TRUE,1.96,-0.521,-2.045
"2023_24","S43G01N75",20231201,"서울 삼성","원정",1,570,-0,"2점",1,FALSE,0.75,0.479,0.719
"2023_24","S43G01N75",20231201,"서울 삼성","원정",1,464,-5,"3점",1,FALSE,1.15,0.675,2.326
"2023_24","S43G01N75",20231201,"고양 소노","홈",1,115,1,"2점",0,FALSE,0.83,-0.521,-0.865
"2023_24","S43G01N75",20231201,"서울 삼성","원정",1,110,-1,"2점",1,FALSE,0.84,0.479,0.802
"2023_24","S43G01N75",20231201,"서울 삼성","원정",1,71,-0,"2점",1,FALSE,0.84,0.479,0.809
"2023_24","S43G01N75",20231201,"고양 소노","홈",1,26,-2,"2점",0,FALSE,0.85,-0.521,-0.89
"2023_24","S43G01N75",20231201,"서울 삼성","원정",1,3,2,"3점",0,FALSE,1.29,-0.325,-1.254
"2023_24","S43G01N75",20231201,"고양 소노","홈",2,570,-4,"3점",1,FALSE,1.31,0.675,2.652
"2023_24","S43G01N75",20231201,"서울 삼성","원정",2,497,1,"2점",1,FALSE,0.88,0.479,0.843
"2023_24","S43G01N75",20231201,"고양 소노","홈",2,473,-3,"2점",1,FALSE,0.88,0.479,0.847
"2023_24","S43G01N75",20231201,"고양 소노","홈",2,381,-2,"2점",1,FALSE,0.92,0.479,0.878
"2023_24","S43G01N75",20231201,"고양 소노","홈",2,337,2,"3점",0,FALSE,1.39,-0.325,-1.352
"2023_24","S43G01N75",20231201,"서울 삼성","원정",2,245,-3,"2점",0,FALSE,0.95,-0.521,-0.99
"2023_24","S43G01N75",20231201,"고양 소노","홈",3,528,-1,"3점",0,FALSE,1.67,-0.325,-1.626
"2023_24","S43G01N75",20231201,"고양 소노","홈",3,412,-4,"2점",0,FALSE,1.1,-0.521,-1.149
"2023_24","S43G01N75",20231201,"서울 삼성","원정",3,404,4,"2점",1,FALSE,1.04,0.479,0.999
"2023_24","S43G01N75",20231201,"서울 삼성","원정",3,286,10,"3점",0,FALSE,1.01,-0.325,-0.984
"2023_24","S43G01N75",20231201,"서울 삼성","원정",3,78,7,"3점",0,FALSE,1.38,-0.325,-1.349
"2023_24","S43G01N75",20231201,"서울 삼성","원정",3,13,9,"2점",1,FALSE,0.75,0.479,0.717
"2023_24","S43G01N75",20231201,"고양 소노","홈",4,403,-14,"3점",1,FALSE,0.52,0.675,1.043
"2023_24","S43G01N75",20231201,"고양 소노","홈",4,281,-15,"2점",0,FALSE,0.1,-0.521,-0.108
"2023_24","S43G01N79",20231203,"울산 현대모비스","원정",1,294,-9,"3점",0,FALSE,1.09,-0.325,-1.06
"2023_24","S43G01N79",20231203,"울산 현대모비스","원정",1,272,-9,"3점",0,FALSE,1.09,-0.325,-1.065
"2023_24","S43G01N79",20231203,"울산 현대모비스","원정",1,146,-0,"2점",1,FALSE,0.83,0.479,0.793
"2023_24","S43G01N79",20231203,"울산 현대모비스","원정",1,93,-0,"3점",0,FALSE,1.28,-0.325,-1.252
"2023_24","S43G01N79",20231203,"울산 현대모비스","원정",2,514,3,"2점",0,FALSE,0.85,-0.521,-0.888
"2023_24","S43G01N79",20231203,"울산 현대모비스","원정",2,276,4,"3점",1,FALSE,1.34,0.675,2.716
"2023_24","S43G01N79",20231203,"울산 현대모비스","원정",2,239,7,"2점",0,FALSE,0.8,-0.521,-0.836
"2023_24","S43G01N79",20231203,"울산 현대모비스","원정",2,161,6,"3점",0,FALSE,1.28,-0.325,-1.25
"2023_24","S43G01N79",20231203,"울산 현대모비스","원정",2,1,6,"2점",1,FALSE,0.89,0.479,0.854
"2023_24","S43G01N79",20231203,"울산 현대모비스","원정",3,501,2,"2점",0,FALSE,1.07,-0.521,-1.113
"2023_24","S43G01N79",20231203,"울산 현대모비스","원정",3,365,1,"2점",0,FALSE,1.16,-0.521,-1.209
"2023_24","S43G01N79",20231203,"울산 현대모비스","원정",3,181,-3,"2점",0,FALSE,1.28,-0.521,-1.33
"2023_24","S43G01N79",20231203,"울산 현대모비스","원정",3,39,-3,"3점",0,FALSE,2.17,-0.325,-2.119
"2023_24","S43G01N79",20231203,"울산 현대모비스","원정",4,481,-3,"2점",1,FALSE,1.6,0.479,1.53
"2023_24","S43G01N79",20231203,"울산 현대모비스","원정",4,266,3,"3점",0,TRUE,2.52,-0.325,-2.46
"2023_24","S43G01N79",20231203,"울산 현대모비스","원정",4,237,5,"2점",1,TRUE,1.28,0.479,1.224
"2023_24","S43G01N79",20231203,"울산 현대모비스","원정",4,188,7,"3점",0,FALSE,0.86,-0.325,-0.835
"2023_24","S43G01N79",20231203,"울산 현대모비스","원정",4,172,7,"3점",1,FALSE,0.78,0.675,1.573
"2023_24","S43G01N79",20231203,"울산 현대모비스","원정",4,125,8,"3점",0,FALSE,0.28,-0.325,-0.269
"2023_24","S43G01N79",20231203,"울산 현대모비스","원정",4,97,8,"2점",1,FALSE,0.12,0.479,0.119
"2023_24","S43G01N8",20231024,"서울 SK","홈",1,379,-5,"2점",1,FALSE,0.76,0.479,0.726
"2023_24","S43G01N8",20231024,"서울 SK","홈",1,314,-7,"3점",0,FALSE,1.14,-0.325,-1.115
"2023_24","S43G01N8",20231024,"서울 SK","홈",1,299,-7,"2점",1,FALSE,0.74,0.479,0.708
"2023_24","S43G01N8",20231024,"서울 SK","홈",1,169,-9,"3점",0,FALSE,1.11,-0.325,-1.085
"2023_24","S43G01N8",20231024,"서울 SK","홈",2,316,-5,"3점",1,FALSE,1.39,0.675,2.806
"2023_24","S43G01N8",20231024,"서울 SK","홈",2,197,-4,"2점",0,FALSE,0.95,-0.521,-0.99
"2023_24","S43G01N8",20231024,"서울 SK","홈",2,74,0,"2점",0,FALSE,1.02,-0.521,-1.066
"2023_24","S43G01N8",20231024,"서울 SK","홈",3,495,-3,"3점",0,FALSE,1.67,-0.325,-1.634
"2023_24","S43G01N8",20231024,"서울 SK","홈",3,90,2,"2점",1,FALSE,1.32,0.479,1.267
"2023_24","S43G01N8",20231024,"서울 SK","홈",4,533,-3,"3점",0,FALSE,2.37,-0.325,-2.309
"2023_24","S43G01N8",20231024,"서울 SK","홈",4,519,-3,"3점",0,FALSE,2.4,-0.325,-2.338
"2023_24","S43G01N8",20231024,"서울 SK","홈",4,391,3,"2점",1,FALSE,1.57,0.479,1.503
"2023_24","S43G01N8",20231024,"서울 SK","홈",4,355,3,"3점",0,FALSE,2.36,-0.325,-2.299
"2023_24","S43G01N8",20231024,"서울 SK","홈",4,334,1,"3점",0,FALSE,2.84,-0.325,-2.769
"2023_24","S43G01N8",20231024,"서울 SK","홈",4,318,1,"2점",0,FALSE,1.95,-0.521,-2.036
"2023_24","S43G01N8",20231024,"서울 SK","홈",4,256,-3,"2점",0,TRUE,2.11,-0.521,-2.198
"2023_24","S43G01N8",20231024,"서울 SK","홈",4,130,-5,"2점",1,TRUE,1.82,0.479,1.741
"2023_24","S43G01N81",20231203,"부산 KCC","원정",1,387,-5,"2점",0,FALSE,0.76,-0.521,-0.789
"2023_24","S43G01N81",20231203,"부산 KCC","원정",1,331,-2,"3점",0,FALSE,1.21,-0.325,-1.184
"2023_24","S43G01N81",20231203,"부산 KCC","원정",1,274,-2,"3점",0,FALSE,1.23,-0.325,-1.2
"2023_24","S43G01N81",20231203,"부산 KCC","원정",1,204,-4,"2점",1,FALSE,0.8,0.479,0.766
"2023_24","S43G01N81",20231203,"부산 KCC","원정",2,372,5,"3점",0,FALSE,1.27,-0.325,-1.235
"2023_24","S43G01N81",20231203,"부산 KCC","원정",2,339,5,"2점",0,FALSE,0.85,-0.521,-0.884
"2023_24","S43G01N81",20231203,"부산 KCC","원정",2,179,2,"2점",0,FALSE,0.96,-0.521,-1.001
"2023_24","S43G01N81",20231203,"부산 KCC","원정",2,101,-2,"3점",0,FALSE,1.55,-0.325,-1.513
"2023_24","S43G01N81",20231203,"부산 KCC","원정",3,80,-14,"3점",0,FALSE,0.79,-0.325,-0.766
"2023_24","S43G01N81",20231203,"부산 KCC","원정",4,584,-8,"2점",0,FALSE,1.04,-0.521,-1.083
"2023_24","S43G01N83",20231205,"수원 KT","원정",1,581,-0,"3점",0,FALSE,1.15,-0.325,-1.118
"2023_24","S43G01N83",20231205,"수원 KT","원정",1,570,-0,"3점",1,FALSE,1.15,0.675,2.324
"2023_24","S43G01N83",20231205,"수원 KT","원정",2,513,-10,"2점",0,FALSE,0.72,-0.521,-0.747
"2023_24","S43G01N83",20231205,"수원 KT","원정",2,355,-14,"3점",0,FALSE,0.91,-0.325,-0.892
"2023_24","S43G01N83",20231205,"수원 KT","원정",2,187,-13,"2점",1,FALSE,0.62,0.479,0.595
"2023_24","S43G01N83",20231205,"수원 KT","원정",3,287,-13,"3점",0,FALSE,0.98,-0.325,-0.953
"2023_24","S43G01N83",20231205,"수원 KT","원정",4,389,-8,"3점",1,FALSE,1.75,0.675,3.532
"2023_24","S43G01N83",20231205,"수원 KT","원정",4,205,-4,"3점",1,TRUE,3.35,0.675,6.781
"2023_24","S43G01N83",20231205,"수원 KT","원정",4,95,-2,"3점",0,TRUE,5.48,-0.325,-5.351
"2023_24","S43G01N83",20231205,"수원 KT","원정",4,40,-3,"2점",0,TRUE,3.52,-0.521,-3.669
"2023_24","S43G01N84",20231205,"창원 LG","홈",1,504,-1,"2점",0,FALSE,0.76,-0.521,-0.795
"2023_24","S43G01N84",20231205,"창원 LG","홈",1,309,-11,"3점",1,FALSE,1.01,0.675,2.045
"2023_24","S43G01N84",20231205,"창원 LG","홈",1,141,-4,"2점",0,FALSE,0.81,-0.521,-0.847
"2023_24","S43G01N84",20231205,"창원 LG","홈",2,265,-10,"3점",0,FALSE,1.18,-0.325,-1.148
"2023_24","S43G01N84",20231205,"창원 LG","홈",2,88,-7,"3점",0,FALSE,1.4,-0.325,-1.37
"2023_24","S43G01N84",20231205,"창원 LG","홈",3,417,-12,"3점",1,FALSE,1.09,0.675,2.205
"2023_24","S43G01N84",20231205,"창원 LG","홈",4,258,-20,"3점",1,FALSE,0.01,0.675,0.024
"2023_24","S43G01N84",20231205,"창원 LG","홈",4,130,-20,"3점",1,FALSE,0,0.675,0
"2023_24","S43G01N84",20231205,"창원 LG","홈",4,55,-17,"3점",0,FALSE,0,-0.325,-0
"2023_24","S43G01N87",20231208,"대구 한국가스공사","홈",1,417,2,"2점",1,FALSE,0.77,0.479,0.733
"2023_24","S43G01N87",20231208,"대구 한국가스공사","홈",1,382,4,"2점",0,FALSE,0.75,-0.521,-0.78
"2023_24","S43G01N87",20231208,"대구 한국가스공사","홈",1,245,-6,"3점",0,FALSE,1.18,-0.325,-1.156
"2023_24","S43G01N87",20231208,"대구 한국가스공사","홈",1,105,-6,"3점",0,FALSE,1.22,-0.325,-1.194
"2023_24","S43G01N87",20231208,"대구 한국가스공사","홈",2,81,-16,"3점",1,FALSE,0.76,0.675,1.545
"2023_24","S43G01N87",20231208,"대구 한국가스공사","홈",2,0,-10,"3점",1,FALSE,1.24,0.675,2.506
"2023_24","S43G01N87",20231208,"대구 한국가스공사","홈",3,452,-8,"3점",0,FALSE,1.44,-0.325,-1.407
"2023_24","S43G01N87",20231208,"대구 한국가스공사","홈",3,268,-7,"2점",1,FALSE,1.03,0.479,0.986
"2023_24","S43G01N87",20231208,"대구 한국가스공사","홈",3,112,-7,"3점",0,FALSE,1.73,-0.325,-1.689
"2023_24","S43G01N87",20231208,"대구 한국가스공사","홈",4,538,-7,"2점",1,FALSE,1.17,0.479,1.116
"2023_24","S43G01N87",20231208,"대구 한국가스공사","홈",4,286,-12,"3점",1,FALSE,0.62,0.675,1.249
"2023_24","S43G01N87",20231208,"대구 한국가스공사","홈",4,212,-14,"2점",0,FALSE,0.08,-0.521,-0.081
"2023_24","S43G01N87",20231208,"대구 한국가스공사","홈",4,171,-14,"3점",0,FALSE,0.09,-0.325,-0.084
"2023_24","S43G01N87",20231208,"대구 한국가스공사","홈",4,5,-9,"3점",1,FALSE,0,0.675,0
"2023_24","S43G01N88",20231208,"원주 DB","원정",1,450,-3,"2점",0,FALSE,0.76,-0.521,-0.797
"2023_24","S43G01N88",20231208,"원주 DB","원정",1,344,-3,"3점",1,FALSE,1.2,0.675,2.438
"2023_24","S43G01N88",20231208,"원주 DB","원정",1,119,5,"3점",1,FALSE,1.17,0.675,2.367
"2023_24","S43G01N88",20231208,"원주 DB","원정",1,84,8,"3점",1,FALSE,1.06,0.675,2.141
"2023_24","S43G01N88",20231208,"원주 DB","원정",1,46,11,"2점",0,FALSE,0.61,-0.521,-0.64
"2023_24","S43G01N88",20231208,"원주 DB","원정",2,127,2,"3점",0,FALSE,1.48,-0.325,-1.447
"2023_24","S43G01N88",20231208,"원주 DB","원정",2,60,-2,"2점",0,FALSE,1.03,-0.521,-1.07
"2023_24","S43G01N88",20231208,"원주 DB","원정",2,42,-2,"3점",0,FALSE,1.59,-0.325,-1.549
"2023_24","S43G01N88",20231208,"원주 DB","원정",3,212,-17,"3점",0,FALSE,0.54,-0.325,-0.528
"2023_24","S43G01N91",20231210,"대구 한국가스공사","홈",1,324,-5,"2점",1,FALSE,0.77,0.479,0.734
"2023_24","S43G01N91",20231210,"대구 한국가스공사","홈",1,236,-1,"2점",1,FALSE,0.81,0.479,0.777
"2023_24","S43G01N91",20231210,"대구 한국가스공사","홈",1,97,1,"3점",0,FALSE,1.27,-0.325,-1.24
"2023_24","S43G01N91",20231210,"대구 한국가스공사","홈",1,4,-5,"2점",1,FALSE,0.83,0.479,0.792
"2023_24","S43G01N91",20231210,"대구 한국가스공사","홈",2,539,0,"2점",1,FALSE,0.88,0.479,0.839
"2023_24","S43G01N91",20231210,"대구 한국가스공사","홈",2,419,-1,"3점",1,FALSE,1.39,0.675,2.818
"2023_24","S43G01N91",20231210,"대구 한국가스공사","홈",2,150,2,"2점",0,FALSE,0.97,-0.521,-1.011
"2023_24","S43G01N91",20231210,"대구 한국가스공사","홈",2,111,2,"2점",1,FALSE,0.98,0.479,0.942
"2023_24","S43G01N91",20231210,"대구 한국가스공사","홈",2,39,5,"3점",0,FALSE,1.38,-0.325,-1.35
"2023_24","S43G01N91",20231210,"대구 한국가스공사","홈",3,527,7,"2점",0,FALSE,0.86,-0.521,-0.898
"2023_24","S43G01N91",20231210,"대구 한국가스공사","홈",3,360,4,"2점",1,FALSE,1.06,0.479,1.017
"2023_24","S43G01N91",20231210,"대구 한국가스공사","홈",3,231,2,"3점",0,FALSE,1.83,-0.325,-1.787
"2023_24","S43G01N91",20231210,"대구 한국가스공사","홈",3,51,0,"2점",0,FALSE,1.43,-0.521,-1.486
"2023_24","S43G01N91",20231210,"대구 한국가스공사","홈",4,521,-4,"2점",0,FALSE,1.48,-0.521,-1.538
"2023_24","S43G01N94",20231212,"수원 KT","원정",2,538,-2,"2점",1,FALSE,0.87,0.479,0.838
"2023_24","S43G01N94",20231212,"수원 KT","원정",2,156,-8,"3점",0,FALSE,1.32,-0.325,-1.291
"2023_24","S43G01N94",20231212,"수원 KT","원정",3,68,-3,"2점",1,FALSE,1.37,0.479,1.315
"2023_24","S43G01N94",20231212,"수원 KT","원정",4,299,8,"3점",0,FALSE,0.93,-0.325,-0.911
"2024_25","S45G01N104",20241225,"원주 DB","홈",1,272,-4,"2점",0,FALSE,0.79,-0.521,-0.821
"2024_25","S45G01N104",20241225,"원주 DB","홈",1,203,-1,"2점",1,FALSE,0.82,0.479,0.783
"2024_25","S45G01N104",20241225,"원주 DB","홈",1,42,9,"2점",1,FALSE,0.68,0.479,0.651
"2024_25","S45G01N104",20241225,"원주 DB","홈",1,13,11,"2점",0,FALSE,0.62,-0.521,-0.642
"2024_25","S45G01N104",20241225,"원주 DB","홈",2,324,16,"2점",1,FALSE,0.42,0.479,0.403
"2024_25","S45G01N104",20241225,"원주 DB","홈",2,291,18,"3점",0,FALSE,0.49,-0.325,-0.482
"2024_25","S45G01N104",20241225,"원주 DB","홈",2,133,18,"2점",1,FALSE,0.32,0.479,0.305
"2024_25","S45G01N104",20241225,"원주 DB","홈",3,458,19,"3점",1,FALSE,0.32,0.675,0.651
"2024_25","S45G01N104",20241225,"원주 DB","홈",3,366,22,"3점",0,FALSE,0.16,-0.325,-0.157
"2024_25","S45G01N104",20241225,"원주 DB","홈",3,147,20,"3점",0,FALSE,0.15,-0.325,-0.147
"2024_25","S45G01N104",20241225,"원주 DB","홈",3,53,17,"3점",0,FALSE,0.24,-0.325,-0.236
"2024_25","S45G01N104",20241225,"원주 DB","홈",3,4,17,"2점",1,FALSE,0.15,0.479,0.148
"2024_25","S45G01N104",20241225,"원주 DB","홈",4,586,19,"3점",0,FALSE,0.11,-0.325,-0.11
"2024_25","S45G01N104",20241225,"원주 DB","홈",4,574,19,"2점",0,FALSE,0.08,-0.521,-0.084
"2024_25","S45G01N104",20241225,"원주 DB","홈",4,526,16,"2점",1,FALSE,0.16,0.479,0.151
"2024_25","S45G01N104",20241225,"원주 DB","홈",4,308,13,"2점",0,FALSE,0.15,-0.521,-0.151
"2024_25","S45G01N104",20241225,"원주 DB","홈",4,32,8,"2점",1,FALSE,0,0.479,0
"2024_25","S45G01N105",20241225,"서울 SK","원정",1,420,4,"3점",0,FALSE,1.13,-0.325,-1.099
"2024_25","S45G01N105",20241225,"서울 SK","원정",1,214,7,"2점",0,FALSE,0.71,-0.521,-0.745
"2024_25","S45G01N105",20241225,"서울 SK","원정",2,317,-2,"3점",0,FALSE,1.44,-0.325,-1.402
"2024_25","S45G01N105",20241225,"서울 SK","원정",2,221,-3,"2점",0,FALSE,0.96,-0.521,-0.998
"2024_25","S45G01N105",20241225,"서울 SK","원정",3,437,4,"2점",0,FALSE,1.03,-0.521,-1.074
"2024_25","S45G01N105",20241225,"서울 SK","원정",3,353,2,"3점",0,FALSE,1.72,-0.325,-1.682
"2024_25","S45G01N105",20241225,"서울 SK","원정",3,227,-0,"2점",0,FALSE,1.27,-0.521,-1.32
"2024_25","S45G01N105",20241225,"서울 SK","원정",4,86,-4,"3점",1,TRUE,4.22,0.675,8.539
"2024_25","S45G01N105",20241225,"서울 SK","원정",4,42,-1,"3점",0,TRUE,7.99,-0.325,-7.792
"2024_25","S45G01N110",20241228,"대구 한국가스공사","원정",1,444,-1,"2점",1,FALSE,0.77,0.479,0.74
"2024_25","S45G01N110",20241228,"대구 한국가스공사","원정",1,197,-5,"3점",0,FALSE,1.22,-0.325,-1.19
"2024_25","S45G01N110",20241228,"대구 한국가스공사","원정",1,184,-5,"3점",0,FALSE,1.22,-0.325,-1.193
"2024_25","S45G01N110",20241228,"대구 한국가스공사","원정",1,112,-1,"2점",1,FALSE,0.84,0.479,0.801
"2024_25","S45G01N110",20241228,"대구 한국가스공사","원정",2,513,-3,"3점",0,FALSE,1.35,-0.325,-1.313
"2024_25","S45G01N110",20241228,"대구 한국가스공사","원정",2,438,-3,"2점",0,FALSE,0.89,-0.521,-0.931
"2024_25","S45G01N110",20241228,"대구 한국가스공사","원정",2,407,-6,"2점",1,FALSE,0.85,0.479,0.814
"2024_25","S45G01N110",20241228,"대구 한국가스공사","원정",2,363,-4,"2점",0,FALSE,0.9,-0.521,-0.939
"2024_25","S45G01N110",20241228,"대구 한국가스공사","원정",2,1,-6,"3점",0,FALSE,1.5,-0.325,-1.46
"2024_25","S45G01N110",20241228,"대구 한국가스공사","원정",3,479,-7,"3점",0,FALSE,1.5,-0.325,-1.466
"2024_25","S45G01N110",20241228,"대구 한국가스공사","원정",3,433,-7,"3점",0,FALSE,1.53,-0.325,-1.489
"2024_25","S45G01N110",20241228,"대구 한국가스공사","원정",3,323,-6,"3점",0,FALSE,1.67,-0.325,-1.626
"2024_25","S45G01N110",20241228,"대구 한국가스공사","원정",4,357,-10,"2점",1,FALSE,0.71,0.479,0.678
"2024_25","S45G01N110",20241228,"대구 한국가스공사","원정",4,228,-5,"3점",1,TRUE,2.87,0.675,5.817
"2024_25","S45G01N110",20241228,"대구 한국가스공사","원정",4,36,-2,"2점",1,TRUE,5.08,0.479,4.869
"2024_25","S45G01N110",20241228,"대구 한국가스공사","원정",4,7,-3,"3점",0,TRUE,6.85,-0.325,-6.687
"2024_25","S45G01N111",20241228,"안양 정관장","원정",1,413,4,"3점",1,FALSE,1.13,0.675,2.282
"2024_25","S45G01N111",20241228,"안양 정관장","원정",1,358,5,"2점",0,FALSE,0.74,-0.521,-0.767
"2024_25","S45G01N111",20241228,"안양 정관장","원정",1,266,5,"2점",1,FALSE,0.75,0.479,0.718
"2024_25","S45G01N111",20241228,"안양 정관장","원정",2,287,28,"3점",0,FALSE,0.12,-0.325,-0.118
"2024_25","S45G01N111",20241228,"안양 정관장","원정",2,222,26,"2점",1,FALSE,0.11,0.479,0.105
"2024_25","S45G01N111",20241228,"안양 정관장","원정",2,94,25,"3점",0,FALSE,0.16,-0.325,-0.152
"2024_25","S45G01N111",20241228,"안양 정관장","원정",3,530,28,"2점",0,FALSE,0.05,-0.521,-0.048
"2024_25","S45G01N111",20241228,"안양 정관장","원정",3,491,27,"3점",0,FALSE,0.07,-0.325,-0.07
"2024_25","S45G01N111",20241228,"안양 정관장","원정",3,371,23,"2점",0,FALSE,0.09,-0.521,-0.099
"2024_25","S45G01N111",20241228,"안양 정관장","원정",4,537,21,"2점",0,FALSE,0.03,-0.521,-0.036
"2024_25","S45G01N111",20241228,"안양 정관장","원정",4,433,20,"2점",1,FALSE,0.02,0.479,0.023
"2024_25","S45G01N111",20241228,"안양 정관장","원정",4,378,22,"2점",0,FALSE,0.01,-0.521,-0.005
"2024_25","S45G01N111",20241228,"안양 정관장","원정",4,259,14,"2점",0,FALSE,0.06,-0.521,-0.062
"2024_25","S45G01N111",20241228,"안양 정관장","원정",4,162,16,"2점",1,FALSE,0,0.479,0.002
"2024_25","S45G01N111",20241228,"안양 정관장","원정",4,134,18,"3점",1,FALSE,0,0.675,0
"2024_25","S45G01N113",20241229,"울산 현대모비스","원정",1,540,2,"3점",1,FALSE,1.14,0.675,2.299
"2024_25","S45G01N113",20241229,"울산 현대모비스","원정",1,490,5,"2점",0,FALSE,0.72,-0.521,-0.748
"2024_25","S45G01N113",20241229,"울산 현대모비스","원정",1,328,1,"3점",1,FALSE,1.2,0.675,2.433
"2024_25","S45G01N113",20241229,"울산 현대모비스","원정",1,195,-0,"3점",0,FALSE,1.25,-0.325,-1.22
"2024_25","S45G01N113",20241229,"울산 현대모비스","원정",1,21,-3,"3점",0,FALSE,1.31,-0.325,-1.274
"2024_25","S45G01N113",20241229,"울산 현대모비스","원정",2,435,4,"3점",0,FALSE,1.29,-0.325,-1.254
"2024_25","S45G01N113",20241229,"울산 현대모비스","원정",2,401,2,"2점",1,FALSE,0.89,0.479,0.857
"2024_25","S45G01N113",20241229,"울산 현대모비스","원정",2,352,4,"2점",1,FALSE,0.87,0.479,0.833
"2024_25","S45G01N113",20241229,"울산 현대모비스","원정",2,317,6,"2점",1,FALSE,0.82,0.479,0.787
"2024_25","S45G01N113",20241229,"울산 현대모비스","원정",2,240,4,"2점",0,FALSE,0.9,-0.521,-0.937
"2024_25","S45G01N113",20241229,"울산 현대모비스","원정",2,145,1,"3점",0,FALSE,1.5,-0.325,-1.464
"2024_25","S45G01N113",20241229,"울산 현대모비스","원정",2,119,2,"3점",0,FALSE,1.49,-0.325,-1.451
"2024_25","S45G01N113",20241229,"울산 현대모비스","원정",3,488,2,"3점",0,FALSE,1.62,-0.325,-1.585
"2024_25","S45G01N113",20241229,"울산 현대모비스","원정",3,466,2,"3점",0,FALSE,1.64,-0.325,-1.599
"2024_25","S45G01N113",20241229,"울산 현대모비스","원정",3,167,3,"2점",0,FALSE,1.21,-0.521,-1.266
"2024_25","S45G01N113",20241229,"울산 현대모비스","원정",3,113,-0,"3점",0,FALSE,2.07,-0.325,-2.021
"2024_25","S45G01N113",20241229,"울산 현대모비스","원정",3,75,-3,"2점",0,FALSE,1.37,-0.521,-1.424
"2024_25","S45G01N113",20241229,"울산 현대모비스","원정",4,425,-14,"3점",1,FALSE,0.55,0.675,1.107
"2024_25","S45G01N113",20241229,"울산 현대모비스","원정",4,357,-11,"3점",0,FALSE,0.98,-0.325,-0.953
"2024_25","S45G01N113",20241229,"울산 현대모비스","원정",4,312,-14,"3점",0,FALSE,0.36,-0.325,-0.352
"2024_25","S45G01N118",20250101,"안양 정관장","원정",1,196,-5,"2점",1,FALSE,0.79,0.479,0.756
"2024_25","S45G01N118",20250101,"안양 정관장","원정",1,137,-0,"2점",0,FALSE,0.83,-0.521,-0.865
"2024_25","S45G01N118",20250101,"안양 정관장","원정",2,411,6,"2점",0,FALSE,0.8,-0.521,-0.838
"2024_25","S45G01N118",20250101,"안양 정관장","원정",2,292,-0,"3점",0,FALSE,1.44,-0.325,-1.408
"2024_25","S45G01N118",20250101,"안양 정관장","원정",3,425,1,"2점",0,FALSE,1.13,-0.521,-1.174
"2024_25","S45G01N118",20250101,"안양 정관장","원정",3,299,3,"3점",1,FALSE,1.71,0.675,3.452
"2024_25","S45G01N118",20250101,"안양 정관장","원정",3,199,-1,"3점",0,FALSE,1.98,-0.325,-1.93
"2024_25","S45G01N118",20250101,"안양 정관장","원정",3,156,-1,"2점",1,FALSE,1.33,0.479,1.273
"2024_25","S45G01N118",20250101,"안양 정관장","원정",4,543,5,"3점",0,FALSE,1.75,-0.325,-1.703
"2024_25","S45G01N118",20250101,"안양 정관장","원정",4,383,5,"2점",1,FALSE,1.27,0.479,1.218
"2024_25","S45G01N118",20250101,"안양 정관장","원정",4,295,4,"3점",0,TRUE,2.15,-0.325,-2.095
"2024_25","S45G01N118",20250101,"안양 정관장","원정",4,168,6,"2점",0,FALSE,0.86,-0.521,-0.893
"2024_25","S45G01N118",20250101,"안양 정관장","원정",4,101,6,"2점",0,FALSE,0.51,-0.521,-0.533
"2024_25","S45G01N118",20250101,"안양 정관장","원정",4,69,4,"2점",0,TRUE,1.05,-0.521,-1.095
"2024_25","S45G01N119",20250102,"원주 DB","홈",1,448,2,"2점",1,FALSE,0.76,0.479,0.728
"2024_25","S45G01N119",20250102,"원주 DB","홈",1,395,4,"3점",0,FALSE,1.13,-0.325,-1.104
"2024_25","S45G01N119",20250102,"원주 DB","홈",1,271,5,"3점",1,FALSE,1.13,0.675,2.293
"2024_25","S45G01N119",20250102,"원주 DB","홈",2,425,3,"3점",0,FALSE,1.32,-0.325,-1.29
"2024_25","S45G01N119",20250102,"원주 DB","홈",2,59,4,"2점",0,FALSE,0.95,-0.521,-0.992
"2024_25","S45G01N119",20250102,"원주 DB","홈",2,53,4,"2점",1,FALSE,0.95,0.479,0.913
"2024_25","S45G01N119",20250102,"원주 DB","홈",2,1,3,"3점",0,FALSE,1.51,-0.325,-1.474
"2024_25","S45G01N119",20250102,"원주 DB","홈",4,304,3,"3점",1,FALSE,2.45,0.675,4.959
"2024_25","S45G01N119",20250102,"원주 DB","홈",4,100,1,"3점",0,TRUE,4.35,-0.325,-4.246
"2024_25","S45G01N123",20250104,"대구 한국가스공사","홈",1,500,-5,"2점",1,FALSE,0.74,0.479,0.708
"2024_25","S45G01N123",20250104,"대구 한국가스공사","홈",1,277,-8,"2점",1,FALSE,0.72,0.479,0.692
"2024_25","S45G01N123",20250104,"대구 한국가스공사","홈",1,213,-8,"2점",1,FALSE,0.73,0.479,0.7
"2024_25","S45G01N123",20250104,"대구 한국가스공사","홈",1,191,-6,"3점",0,FALSE,1.2,-0.325,-1.17
"2024_25","S45G01N123",20250104,"대구 한국가스공사","홈",2,106,-13,"2점",1,FALSE,0.62,0.479,0.596
"2024_25","S45G01N123",20250104,"대구 한국가스공사","홈",2,71,-13,"3점",0,FALSE,0.99,-0.325,-0.97
"2024_25","S45G01N123",20250104,"대구 한국가스공사","홈",2,52,-16,"2점",1,FALSE,0.47,0.479,0.45
"2024_25","S45G01N123",20250104,"대구 한국가스공사","홈",3,481,-18,"3점",0,FALSE,0.57,-0.325,-0.554
"2024_25","S45G01N123",20250104,"대구 한국가스공사","홈",3,345,-23,"3점",1,FALSE,0.22,0.675,0.441
"2024_25","S45G01N123",20250104,"대구 한국가스공사","홈",3,73,-32,"3점",0,FALSE,0.01,-0.325,-0.005
"2024_25","S45G01N123",20250104,"대구 한국가스공사","홈",4,480,-35,"2점",1,FALSE,0,0.479,0
"2024_25","S45G01N123",20250104,"대구 한국가스공사","홈",4,351,-37,"2점",1,FALSE,0,0.479,0
"2024_25","S45G01N123",20250104,"대구 한국가스공사","홈",4,322,-35,"3점",0,FALSE,0,-0.325,-0
"2024_25","S45G01N128",20250106,"부산 KCC","홈",1,382,-2,"2점",0,FALSE,0.78,-0.521,-0.815
"2024_25","S45G01N128",20250106,"부산 KCC","홈",2,550,0,"2점",0,FALSE,0.87,-0.521,-0.91
"2024_25","S45G01N128",20250106,"부산 KCC","홈",2,478,0,"3점",0,FALSE,1.36,-0.325,-1.329
"2024_25","S45G01N128",20250106,"부산 KCC","홈",2,267,-4,"3점",1,FALSE,1.43,0.675,2.901
"2024_25","S45G01N128",20250106,"부산 KCC","홈",2,249,-1,"3점",0,FALSE,1.47,-0.325,-1.436
"2024_25","S45G01N128",20250106,"부산 KCC","홈",2,124,-4,"3점",0,FALSE,1.51,-0.325,-1.469
"2024_25","S45G01N128",20250106,"부산 KCC","홈",2,35,-3,"2점",1,FALSE,1.02,0.479,0.981
"2024_25","S45G01N128",20250106,"부산 KCC","홈",3,532,2,"2점",1,FALSE,1.05,0.479,1.009
"2024_25","S45G01N128",20250106,"부산 KCC","홈",3,500,2,"2점",0,FALSE,1.07,-0.521,-1.114
"2024_25","S45G01N128",20250106,"부산 KCC","홈",3,305,1,"3점",0,FALSE,1.81,-0.325,-1.768
"2024_25","S45G01N128",20250106,"부산 KCC","홈",4,203,16,"3점",0,FALSE,0.01,-0.325,-0.008
"2024_25","S45G01N128",20250106,"부산 KCC","홈",4,147,14,"2점",1,FALSE,0.01,0.479,0.005
"2024_25","S45G01N128",20250106,"부산 KCC","홈",4,120,14,"2점",1,FALSE,0,0.479,0.001
"2024_25","S45G01N131",20250109,"창원 LG","홈",2,59,-6,"3점",0,FALSE,1.47,-0.325,-1.431
"2024_25","S45G01N131",20250109,"창원 LG","홈",2,20,-4,"3점",1,FALSE,1.56,0.675,3.167
"2024_25","S45G01N131",20250109,"창원 LG","홈",3,566,-4,"2점",1,FALSE,1.03,0.479,0.989
"2024_25","S45G01N131",20250109,"창원 LG","홈",3,388,-7,"3점",0,FALSE,1.55,-0.325,-1.514
"2024_25","S45G01N131",20250109,"창원 LG","홈",3,268,-4,"2점",0,FALSE,1.18,-0.521,-1.232
"2024_25","S45G01N131",20250109,"창원 LG","홈",3,55,-7,"3점",1,FALSE,1.77,0.675,3.591
"2024_25","S45G01N131",20250109,"창원 LG","홈",4,228,4,"3점",0,TRUE,2.16,-0.325,-2.112
"2024_25","S45G01N131",20250109,"창원 LG","홈",4,188,4,"3점",0,TRUE,2.13,-0.325,-2.081
"2024_25","S45G01N131",20250109,"창원 LG","홈",4,90,4,"3점",1,TRUE,1.58,0.675,3.208
"2024_25","S45G01N131",20250109,"창원 LG","홈",4,64,5,"2점",1,TRUE,0.49,0.479,0.47
"2024_25","S45G01N132",20250109,"부산 KCC","홈",1,586,0,"2점",1,FALSE,0.75,0.479,0.717
"2024_25","S45G01N132",20250109,"부산 KCC","홈",1,554,2,"2점",0,FALSE,0.74,-0.521,-0.775
"2024_25","S45G01N135",20250111,"수원 KT","원정",1,489,-0,"2점",0,FALSE,0.76,-0.521,-0.796
"2024_25","S45G01N135",20250111,"수원 KT","원정",2,373,-5,"3점",1,FALSE,1.36,0.675,2.758
"2024_25","S45G01N135",20250111,"수원 KT","원정",2,344,-4,"2점",0,FALSE,0.91,-0.521,-0.944
"2024_25","S45G01N135",20250111,"수원 KT","원정",2,89,-2,"3점",1,FALSE,1.56,0.675,3.154
"2024_25","S45G01N135",20250111,"수원 KT","원정",2,9,2,"3점",0,FALSE,1.55,-0.325,-1.51
"2024_25","S45G01N135",20250111,"수원 KT","원정",3,335,2,"3점",0,FALSE,1.74,-0.325,-1.696
"2024_25","S45G01N135",20250111,"수원 KT","원정",3,57,7,"2점",1,FALSE,0.95,0.479,0.913
"2024_25","S45G01N135",20250111,"수원 KT","원정",3,21,9,"2점",0,FALSE,0.75,-0.521,-0.782
"2024_25","S45G01N135",20250111,"수원 KT","원정",4,511,12,"2점",1,FALSE,0.4,0.479,0.387
"2024_25","S45G01N135",20250111,"수원 KT","원정",4,484,12,"2점",0,FALSE,0.38,-0.521,-0.401
"2024_25","S45G01N135",20250111,"수원 KT","원정",4,197,6,"2점",1,FALSE,0.94,0.479,0.901
"2024_25","S45G01N135",20250111,"수원 KT","원정",4,141,7,"2점",1,FALSE,0.48,0.479,0.46
"2024_25","S45G01N14",20241026,"대구 한국가스공사","원정",1,515,3,"3점",0,FALSE,1.13,-0.325,-1.098
"2024_25","S45G01N14",20241026,"대구 한국가스공사","원정",1,178,10,"2점",0,FALSE,0.64,-0.521,-0.664
"2024_25","S45G01N14",20241026,"대구 한국가스공사","원정",2,344,2,"2점",1,FALSE,0.91,0.479,0.872
"2024_25","S45G01N14",20241026,"대구 한국가스공사","원정",2,16,-4,"3점",1,FALSE,1.57,0.675,3.172
"2024_25","S45G01N14",20241026,"대구 한국가스공사","원정",3,440,-1,"3점",0,FALSE,1.74,-0.325,-1.693
"2024_25","S45G01N14",20241026,"대구 한국가스공사","원정",3,208,-5,"2점",0,FALSE,1.17,-0.521,-1.224
"2024_25","S45G01N14",20241026,"대구 한국가스공사","원정",4,505,-7,"3점",0,FALSE,1.9,-0.325,-1.852
"2024_25","S45G01N14",20241026,"대구 한국가스공사","원정",4,417,-6,"3점",1,FALSE,2.19,0.675,4.435
"2024_25","S45G01N141",20250113,"부산 KCC","원정",1,566,-0,"2점",0,FALSE,0.75,-0.521,-0.783
"2024_25","S45G01N141",20250113,"부산 KCC","원정",1,269,3,"3점",1,FALSE,1.19,0.675,2.399
"2024_25","S45G01N141",20250113,"부산 KCC","원정",2,451,9,"2점",0,FALSE,0.7,-0.521,-0.729
"2024_25","S45G01N141",20250113,"부산 KCC","원정",3,367,17,"2점",1,FALSE,0.29,0.479,0.273
"2024_25","S45G01N141",20250113,"부산 KCC","원정",3,132,19,"3점",1,FALSE,0.18,0.675,0.372
"2024_25","S45G01N141",20250113,"부산 KCC","원정",3,50,20,"3점",0,FALSE,0.11,-0.325,-0.107
"2024_25","S45G01N141",20250113,"부산 KCC","원정",4,589,21,"3점",1,FALSE,0.06,0.675,0.125
"2024_25","S45G01N145",20250115,"창원 LG","원정",1,580,-0,"2점",0,FALSE,0.75,-0.521,-0.781
"2024_25","S45G01N145",20250115,"창원 LG","원정",1,372,-3,"2점",0,FALSE,0.78,-0.521,-0.811
"2024_25","S45G01N145",20250115,"창원 LG","원정",1,80,-7,"3점",0,FALSE,1.2,-0.325,-1.173
"2024_25","S45G01N145",20250115,"창원 LG","원정",2,473,-11,"3점",1,FALSE,1.08,0.675,2.185
"2024_25","S45G01N145",20250115,"창원 LG","원정",2,0,-5,"2점",1,FALSE,0.99,0.479,0.951
"2024_25","S45G01N145",20250115,"창원 LG","원정",3,491,-2,"3점",0,FALSE,1.69,-0.325,-1.651
"2024_25","S45G01N145",20250115,"창원 LG","원정",3,420,-2,"3점",1,FALSE,1.75,0.675,3.542
"2024_25","S45G01N145",20250115,"창원 LG","원정",3,146,9,"3점",0,FALSE,1.11,-0.325,-1.081
"2024_25","S45G01N145",20250115,"창원 LG","원정",4,548,5,"3점",0,FALSE,1.74,-0.325,-1.7
"2024_25","S45G01N145",20250115,"창원 LG","원정",4,358,6,"2점",0,FALSE,1.1,-0.521,-1.147
"2024_25","S45G01N145",20250115,"창원 LG","원정",4,282,3,"2점",0,TRUE,1.73,-0.521,-1.808
"2024_25","S45G01N145",20250115,"창원 LG","원정",4,252,2,"2점",0,TRUE,2,-0.521,-2.085
"2024_25","S45G01N145",20250115,"창원 LG","원정",4,217,-1,"3점",0,TRUE,3.75,-0.325,-3.659
"2024_25","S45G01N145",20250115,"창원 LG","원정",4,197,-1,"3점",0,TRUE,3.93,-0.325,-3.834
"2024_25","S45G01N145",20250115,"창원 LG","원정",4,22,-6,"3점",0,FALSE,0.37,-0.325,-0.365
"2024_25","S45G01N149",20250122,"수원 KT","원정",1,515,2,"3점",0,FALSE,1.14,-0.325,-1.114
"2024_25","S45G01N149",20250122,"수원 KT","원정",1,176,-0,"3점",0,FALSE,1.26,-0.325,-1.226
"2024_25","S45G01N149",20250122,"수원 KT","원정",2,584,-8,"2점",1,FALSE,0.77,0.479,0.733
"2024_25","S45G01N149",20250122,"수원 KT","원정",2,517,-8,"2점",0,FALSE,0.78,-0.521,-0.81
"2024_25","S45G01N149",20250122,"수원 KT","원정",2,416,-9,"3점",0,FALSE,1.19,-0.325,-1.165
"2024_25","S45G01N149",20250122,"수원 KT","원정",2,349,-13,"2점",0,FALSE,0.62,-0.521,-0.643
"2024_25","S45G01N149",20250122,"수원 KT","원정",2,2,-8,"3점",0,FALSE,1.38,-0.325,-1.347
"2024_25","S45G01N149",20250122,"수원 KT","원정",3,446,-7,"2점",1,FALSE,0.97,0.479,0.927
"2024_25","S45G01N149",20250122,"수원 KT","원정",3,258,-5,"3점",0,FALSE,1.79,-0.325,-1.744
"2024_25","S45G01N149",20250122,"수원 KT","원정",4,334,-11,"2점",0,FALSE,0.53,-0.521,-0.557
"2024_25","S45G01N149",20250122,"수원 KT","원정",4,303,-11,"3점",0,FALSE,0.87,-0.325,-0.852
"2024_25","S45G01N15",20241026,"창원 LG","홈",1,558,2,"2점",1,FALSE,0.74,0.479,0.711
"2024_25","S45G01N15",20241026,"창원 LG","홈",1,387,0,"2점",1,FALSE,0.78,0.479,0.748
"2024_25","S45G01N15",20241026,"창원 LG","홈",1,213,-4,"2점",1,FALSE,0.8,0.479,0.765
"2024_25","S45G01N15",20241026,"창원 LG","홈",1,149,-2,"2점",1,FALSE,0.83,0.479,0.792
"2024_25","S45G01N15",20241026,"창원 LG","홈",1,93,-1,"3점",0,FALSE,1.29,-0.325,-1.257
"2024_25","S45G01N15",20241026,"창원 LG","홈",1,49,1,"3점",0,FALSE,1.29,-0.325,-1.256
"2024_25","S45G01N15",20241026,"창원 LG","홈",2,305,-5,"2점",0,FALSE,0.9,-0.521,-0.936
"2024_25","S45G01N15",20241026,"창원 LG","홈",2,207,-5,"2점",0,FALSE,0.93,-0.521,-0.965
"2024_25","S45G01N15",20241026,"창원 LG","홈",2,138,-6,"3점",0,FALSE,1.43,-0.325,-1.395
"2024_25","S45G01N15",20241026,"창원 LG","홈",2,35,-6,"2점",0,FALSE,0.95,-0.521,-0.989
"2024_25","S45G01N15",20241026,"창원 LG","홈",2,28,-6,"2점",1,FALSE,0.95,0.479,0.911
"2024_25","S45G01N15",20241026,"창원 LG","홈",3,576,-2,"2점",0,FALSE,1.06,-0.521,-1.107
"2024_25","S45G01N15",20241026,"창원 LG","홈",3,515,-4,"3점",0,FALSE,1.63,-0.325,-1.593
"2024_25","S45G01N15",20241026,"창원 LG","홈",3,358,-6,"3점",0,FALSE,1.64,-0.325,-1.602
"2024_25","S45G01N15",20241026,"창원 LG","홈",3,330,-8,"2점",1,FALSE,0.95,0.479,0.907
"2024_25","S45G01N15",20241026,"창원 LG","홈",3,297,-8,"2점",1,FALSE,0.96,0.479,0.915
"2024_25","S45G01N15",20241026,"창원 LG","홈",3,268,-6,"2점",0,FALSE,1.09,-0.521,-1.135
"2024_25","S45G01N15",20241026,"창원 LG","홈",3,180,-5,"3점",0,FALSE,1.86,-0.325,-1.817
"2024_25","S45G01N15",20241026,"창원 LG","홈",3,148,-7,"3점",0,FALSE,1.7,-0.325,-1.663
"2024_25","S45G01N15",20241026,"창원 LG","홈",3,35,-4,"3점",0,FALSE,2.12,-0.325,-2.065
"2024_25","S45G01N15",20241026,"창원 LG","홈",4,557,-4,"2점",0,FALSE,1.43,-0.521,-1.495
"2024_25","S45G01N15",20241026,"창원 LG","홈",4,141,7,"2점",1,FALSE,0.48,0.479,0.46
"2024_25","S45G01N15",20241026,"창원 LG","홈",4,66,8,"3점",0,FALSE,0.03,-0.325,-0.034
"2024_25","S45G01N154",20250124,"원주 DB","원정",2,420,-13,"3점",0,FALSE,0.97,-0.325,-0.948
"2024_25","S45G01N154",20250124,"원주 DB","원정",2,205,-13,"3점",0,FALSE,0.99,-0.325,-0.964
"2024_25","S45G01N154",20250124,"원주 DB","원정",2,163,-15,"2점",1,FALSE,0.53,0.479,0.505
"2024_25","S45G01N154",20250124,"원주 DB","원정",3,85,-6,"3점",0,FALSE,1.87,-0.325,-1.822
"2024_25","S45G01N154",20250124,"원주 DB","원정",4,571,-6,"3점",1,FALSE,1.99,0.675,4.027
"2024_25","S45G01N154",20250124,"원주 DB","원정",4,535,-3,"3점",1,FALSE,2.36,0.675,4.782
"2024_25","S45G01N154",20250124,"원주 DB","원정",4,453,2,"3점",0,FALSE,2.36,-0.325,-2.301
"2024_25","S45G01N154",20250124,"원주 DB","원정",4,328,1,"3점",0,FALSE,2.86,-0.325,-2.791
"2024_25","S45G01N159",20250126,"안양 정관장","홈",1,476,1,"2점",1,FALSE,0.76,0.479,0.73
"2024_25","S45G01N159",20250126,"안양 정관장","홈",1,330,4,"2점",0,FALSE,0.76,-0.521,-0.788
"2024_25","S45G01N159",20250126,"안양 정관장","홈",1,199,3,"3점",0,FALSE,1.2,-0.325,-1.175
"2024_25","S45G01N159",20250126,"안양 정관장","홈",2,532,-1,"3점",0,FALSE,1.35,-0.325,-1.314
"2024_25","S45G01N159",20250126,"안양 정관장","홈",2,351,-5,"3점",1,FALSE,1.37,0.675,2.776
"2024_25","S45G01N159",20250126,"안양 정관장","홈",2,224,0,"2점",0,FALSE,0.97,-0.521,-1.009
"2024_25","S45G01N159",20250126,"안양 정관장","홈",3,534,0,"2점",1,FALSE,1.08,0.479,1.037
"2024_25","S45G01N159",20250126,"안양 정관장","홈",3,442,1,"3점",1,FALSE,1.7,0.675,3.432
"2024_25","S45G01N159",20250126,"안양 정관장","홈",3,404,1,"2점",1,FALSE,1.14,0.479,1.089
"2024_25","S45G01N159",20250126,"안양 정관장","홈",3,354,3,"3점",0,FALSE,1.66,-0.325,-1.624
"2024_25","S45G01N159",20250126,"안양 정관장","홈",3,340,3,"2점",0,FALSE,1.11,-0.521,-1.162
"2024_25","S45G01N159",20250126,"안양 정관장","홈",3,266,5,"3점",0,FALSE,1.56,-0.325,-1.52
"2024_25","S45G01N159",20250126,"안양 정관장","홈",3,115,1,"2점",0,FALSE,1.34,-0.521,-1.396
"2024_25","S45G01N159",20250126,"안양 정관장","홈",4,349,-6,"2점",1,FALSE,1.41,0.479,1.351
"2024_25","S45G01N159",20250126,"안양 정관장","홈",4,138,-10,"3점",0,FALSE,0.5,-0.325,-0.488
"2024_25","S45G01N159",20250126,"안양 정관장","홈",4,3,-11,"2점",0,FALSE,0,-0.521,-0
"2024_25","S45G01N163",20250129,"서울 SK","홈",1,516,-3,"2점",1,FALSE,0.75,0.479,0.722
"2024_25","S45G01N163",20250129,"서울 SK","홈",1,328,-1,"2점",0,FALSE,0.79,-0.521,-0.827
"2024_25","S45G01N163",20250129,"서울 SK","홈",1,319,-1,"2점",1,FALSE,0.8,0.479,0.761
"2024_25","S45G01N163",20250129,"서울 SK","홈",1,213,1,"2점",1,FALSE,0.81,0.479,0.775
"2024_25","S45G01N163",20250129,"서울 SK","홈",2,570,2,"2점",1,FALSE,0.85,0.479,0.817
"2024_25","S45G01N163",20250129,"서울 SK","홈",2,413,-1,"3점",1,FALSE,1.39,0.675,2.824
"2024_25","S45G01N163",20250129,"서울 SK","홈",2,341,0,"2점",0,FALSE,0.93,-0.521,-0.97
"2024_25","S45G01N163",20250129,"서울 SK","홈",2,234,-3,"3점",0,FALSE,1.47,-0.325,-1.432
"2024_25","S45G01N163",20250129,"서울 SK","홈",3,577,4,"2점",0,FALSE,0.98,-0.521,-1.02
"2024_25","S45G01N163",20250129,"서울 SK","홈",3,427,-4,"2점",1,FALSE,1.09,0.479,1.049
"2024_25","S45G01N163",20250129,"서울 SK","홈",3,286,-1,"2점",0,FALSE,1.23,-0.521,-1.28
"2024_25","S45G01N163",20250129,"서울 SK","홈",3,248,-3,"3점",0,FALSE,1.9,-0.325,-1.849
"2024_25","S45G01N163",20250129,"서울 SK","홈",3,108,-7,"3점",0,FALSE,1.73,-0.325,-1.692
"2024_25","S45G01N163",20250129,"서울 SK","홈",4,269,-5,"3점",1,TRUE,2.75,0.675,5.565
"2024_25","S45G01N163",20250129,"서울 SK","홈",4,243,-2,"2점",1,TRUE,2.28,0.479,2.186
"2024_25","S45G01N163",20250129,"서울 SK","홈",4,209,-2,"3점",0,TRUE,3.8,-0.325,-3.705
"2024_25","S45G01N163",20250129,"서울 SK","홈",4,82,-4,"2점",0,TRUE,2.4,-0.521,-2.505
"2024_25","S45G01N163",20250129,"서울 SK","홈",4,42,-4,"2점",0,TRUE,2.11,-0.521,-2.197
"2024_25","S45G01N17",20241027,"서울 SK","홈",1,481,6,"2점",0,FALSE,0.7,-0.521,-0.731
"2024_25","S45G01N17",20241027,"서울 SK","홈",2,97,12,"3점",0,FALSE,0.86,-0.325,-0.841
"2024_25","S45G01N17",20241027,"서울 SK","홈",3,563,9,"3점",1,FALSE,1.11,0.675,2.239
"2024_25","S45G01N17",20241027,"서울 SK","홈",3,536,12,"3점",0,FALSE,0.85,-0.325,-0.827
"2024_25","S45G01N17",20241027,"서울 SK","홈",3,450,10,"3점",0,FALSE,1.02,-0.325,-0.996
"2024_25","S45G01N17",20241027,"서울 SK","홈",3,117,13,"2점",1,FALSE,0.43,0.479,0.414
"2024_25","S45G01N17",20241027,"서울 SK","홈",3,46,12,"3점",0,FALSE,0.68,-0.325,-0.66
"2024_25","S45G01N17",20241027,"서울 SK","홈",4,367,3,"3점",1,FALSE,2.34,0.675,4.727
"2024_25","S45G01N17",20241027,"서울 SK","홈",4,299,1,"3점",0,TRUE,2.97,-0.325,-2.9
"2024_25","S45G01N17",20241027,"서울 SK","홈",4,124,-1,"3점",1,TRUE,4.9,0.675,9.92
"2024_25","S45G01N17",20241027,"서울 SK","홈",4,13,-1,"3점",0,TRUE,12.26,-0.325,-11.966
"2024_25","S45G01N172",20250202,"대구 한국가스공사","원정",1,372,-2,"3점",0,FALSE,1.2,-0.325,-1.173
"2024_25","S45G01N172",20250202,"대구 한국가스공사","원정",1,342,-4,"3점",0,FALSE,1.19,-0.325,-1.166
"2024_25","S45G01N172",20250202,"대구 한국가스공사","원정",1,245,-3,"2점",1,FALSE,0.8,0.479,0.768
"2024_25","S45G01N172",20250202,"대구 한국가스공사","원정",2,262,-3,"2점",1,FALSE,0.94,0.479,0.904
"2024_25","S45G01N172",20250202,"대구 한국가스공사","원정",2,41,3,"3점",0,FALSE,1.49,-0.325,-1.453
"2024_25","S45G01N172",20250202,"대구 한국가스공사","원정",3,464,1,"3점",1,FALSE,1.68,0.675,3.398
"2024_25","S45G01N172",20250202,"대구 한국가스공사","원정",3,354,5,"2점",0,FALSE,1.01,-0.521,-1.058
"2024_25","S45G01N172",20250202,"대구 한국가스공사","원정",4,293,-6,"2점",0,FALSE,1.45,-0.521,-1.509
"2024_25","S45G01N172",20250202,"대구 한국가스공사","원정",4,255,-9,"3점",0,FALSE,1.32,-0.325,-1.292
"2024_25","S45G01N176",20250205,"울산 현대모비스","홈",1,550,0,"2점",1,FALSE,0.75,0.479,0.722
"2024_25","S45G01N176",20250205,"울산 현대모비스","홈",1,372,-1,"2점",0,FALSE,0.79,-0.521,-0.819
"2024_25","S45G01N176",20250205,"울산 현대모비스","홈",2,202,-2,"3점",0,FALSE,1.49,-0.325,-1.458
"2024_25","S45G01N176",20250205,"울산 현대모비스","홈",3,468,0,"3점",0,FALSE,1.7,-0.325,-1.66
"2024_25","S45G01N176",20250205,"울산 현대모비스","홈",3,404,0,"3점",1,FALSE,1.75,0.675,3.548
"2024_25","S45G01N176",20250205,"울산 현대모비스","홈",3,379,3,"2점",1,FALSE,1.1,0.479,1.049
"2024_25","S45G01N176",20250205,"울산 현대모비스","홈",4,294,-15,"2점",0,FALSE,0.12,-0.521,-0.121
"2024_25","S45G01N176",20250205,"울산 현대모비스","홈",4,205,-13,"3점",0,FALSE,0.24,-0.325,-0.237
"2024_25","S45G01N176",20250205,"울산 현대모비스","홈",4,36,-10,"2점",1,FALSE,0,0.479,0
"2024_25","S45G01N180",20250207,"고양 소노","홈",1,446,3,"3점",0,FALSE,1.14,-0.325,-1.113
"2024_25","S45G01N180",20250207,"고양 소노","홈",1,332,10,"3점",1,FALSE,0.94,0.675,1.895
"2024_25","S45G01N180",20250207,"고양 소노","홈",2,469,20,"3점",0,FALSE,0.42,-0.325,-0.414
"2024_25","S45G01N180",20250207,"고양 소노","홈",2,322,21,"3점",0,FALSE,0.35,-0.325,-0.342
"2024_25","S45G01N180",20250207,"고양 소노","홈",3,380,12,"2점",0,FALSE,0.57,-0.521,-0.59
"2024_25","S45G01N180",20250207,"고양 소노","홈",3,303,10,"3점",1,FALSE,1.01,0.675,2.046
"2024_25","S45G01N180",20250207,"고양 소노","홈",4,258,14,"3점",0,FALSE,0.07,-0.325,-0.072
"2024_25","S45G01N185",20250209,"고양 소노","홈",1,546,0,"3점",0,FALSE,1.15,-0.325,-1.126
"2024_25","S45G01N185",20250209,"고양 소노","홈",2,374,-15,"2점",0,FALSE,0.53,-0.521,-0.556
"2024_25","S45G01N185",20250209,"고양 소노","홈",2,322,-17,"2점",1,FALSE,0.45,0.479,0.43
"2024_25","S45G01N185",20250209,"고양 소노","홈",2,278,-15,"3점",0,FALSE,0.85,-0.325,-0.828
"2024_25","S45G01N185",20250209,"고양 소노","홈",2,67,-17,"2점",1,FALSE,0.42,0.479,0.406
"2024_25","S45G01N185",20250209,"고양 소노","홈",3,538,-12,"3점",0,FALSE,1.08,-0.325,-1.057
"2024_25","S45G01N185",20250209,"고양 소노","홈",3,463,-15,"3점",0,FALSE,0.81,-0.325,-0.791
"2024_25","S45G01N185",20250209,"고양 소노","홈",3,377,-17,"3점",1,FALSE,0.61,0.675,1.24
"2024_25","S45G01N185",20250209,"고양 소노","홈",3,311,-12,"2점",0,FALSE,0.67,-0.521,-0.703
"2024_25","S45G01N185",20250209,"고양 소노","홈",3,111,-16,"2점",1,FALSE,0.34,0.479,0.328
"2024_25","S45G01N185",20250209,"고양 소노","홈",3,43,-16,"2점",0,FALSE,0.31,-0.521,-0.325
"2024_25","S45G01N185",20250209,"고양 소노","홈",4,473,-15,"2점",1,FALSE,0.27,0.479,0.262
"2024_25","S45G01N185",20250209,"고양 소노","홈",4,393,-18,"3점",0,FALSE,0.14,-0.325,-0.138
"2024_25","S45G01N185",20250209,"고양 소노","홈",4,243,-17,"3점",1,FALSE,0.05,0.675,0.104
"2024_25","S45G01N185",20250209,"고양 소노","홈",4,127,-14,"3점",0,FALSE,0.03,-0.325,-0.027
"2024_25","S45G01N185",20250209,"고양 소노","홈",4,93,-12,"3점",0,FALSE,0.04,-0.325,-0.039
"2024_25","S45G01N194",20250227,"창원 LG","원정",1,541,-0,"3점",0,FALSE,1.16,-0.325,-1.127
"2024_25","S45G01N194",20250227,"창원 LG","원정",2,541,3,"2점",0,FALSE,0.85,-0.521,-0.881
"2024_25","S45G01N194",20250227,"창원 LG","원정",2,370,1,"3점",0,FALSE,1.39,-0.325,-1.359
"2024_25","S45G01N194",20250227,"창원 LG","원정",3,560,-8,"3점",0,FALSE,1.4,-0.325,-1.363
"2024_25","S45G01N194",20250227,"창원 LG","원정",3,303,-11,"2점",0,FALSE,0.75,-0.521,-0.777
"2024_25","S45G01N194",20250227,"창원 LG","원정",4,292,-20,"3점",1,FALSE,0.02,0.675,0.043
"2024_25","S45G01N197",20250301,"원주 DB","원정",1,42,-6,"3점",0,FALSE,1.24,-0.325,-1.212
"2024_25","S45G01N197",20250301,"원주 DB","원정",2,553,-9,"3점",0,FALSE,1.16,-0.325,-1.132
"2024_25","S45G01N197",20250301,"원주 DB","원정",2,73,-9,"2점",0,FALSE,0.82,-0.521,-0.854
"2024_25","S45G01N197",20250301,"원주 DB","원정",3,582,-11,"3점",0,FALSE,1.16,-0.325,-1.134
"2024_25","S45G01N197",20250301,"원주 DB","원정",3,533,-13,"3점",0,FALSE,1,-0.325,-0.972
"2024_25","S45G01N197",20250301,"원주 DB","원정",4,238,-4,"3점",0,TRUE,3.18,-0.325,-3.099
"2024_25","S45G01N197",20250301,"원주 DB","원정",4,4,-0,"2점",0,TRUE,9.01,-0.521,-9.391
"2024_25","S45G01N198",20250301,"대구 한국가스공사","홈",2,584,-5,"2점",1,FALSE,0.83,0.479,0.796
"2024_25","S45G01N198",20250301,"대구 한국가스공사","홈",2,533,-5,"3점",1,FALSE,1.3,0.675,2.637
"2024_25","S45G01N198",20250301,"대구 한국가스공사","홈",2,477,-5,"3점",0,FALSE,1.32,-0.325,-1.291
"2024_25","S45G01N198",20250301,"대구 한국가스공사","홈",2,302,-3,"3점",0,FALSE,1.43,-0.325,-1.4
"2024_25","S45G01N198",20250301,"대구 한국가스공사","홈",2,123,-1,"3점",1,FALSE,1.54,0.675,3.116
"2024_25","S45G01N198",20250301,"대구 한국가스공사","홈",2,94,0,"3점",0,FALSE,1.55,-0.325,-1.51
"2024_25","S45G01N198",20250301,"대구 한국가스공사","홈",3,429,-8,"2점",1,FALSE,0.92,0.479,0.882
"2024_25","S45G01N198",20250301,"대구 한국가스공사","홈",3,181,-12,"2점",0,FALSE,0.66,-0.521,-0.688
"2024_25","S45G01N198",20250301,"대구 한국가스공사","홈",4,346,-8,"3점",0,FALSE,1.74,-0.325,-1.701
"2024_25","S45G01N198",20250301,"대구 한국가스공사","홈",4,291,-6,"2점",0,FALSE,1.45,-0.521,-1.51
"2024_25","S45G01N198",20250301,"대구 한국가스공사","홈",4,187,-3,"3점",0,TRUE,3.8,-0.325,-3.712
"2024_25","S45G01N2",20241019,"원주 DB","원정",1,551,-0,"2점",1,FALSE,0.75,0.479,0.722
"2024_25","S45G01N2",20241019,"원주 DB","원정",1,459,-0,"3점",0,FALSE,1.18,-0.325,-1.147
"2024_25","S45G01N2",20241019,"원주 DB","원정",2,107,-8,"2점",0,FALSE,0.86,-0.521,-0.892
"2024_25","S45G01N2",20241019,"원주 DB","원정",3,330,-11,"2점",0,FALSE,0.75,-0.521,-0.777
"2024_25","S45G01N2",20241019,"원주 DB","원정",3,278,-9,"3점",0,FALSE,1.42,-0.325,-1.386
"2024_25","S45G01N2",20241019,"원주 DB","원정",4,542,-8,"2점",1,FALSE,1.05,0.479,1.003
"2024_25","S45G01N2",20241019,"원주 DB","원정",4,500,-6,"3점",1,FALSE,2.08,0.675,4.204
"2024_25","S45G01N2",20241019,"원주 DB","원정",4,371,-3,"3점",0,FALSE,2.8,-0.325,-2.736
"2024_25","S45G01N2",20241019,"원주 DB","원정",4,103,-6,"3점",0,FALSE,2.29,-0.325,-2.238
"2024_25","S45G01N2",20241019,"원주 DB","원정",4,98,-6,"3점",0,FALSE,2.25,-0.325,-2.2
"2024_25","S45G01N20",20241028,"안양 정관장","홈",1,440,-2,"3점",0,FALSE,1.18,-0.325,-1.155
"2024_25","S45G01N20",20241028,"안양 정관장","홈",1,363,-5,"2점",1,FALSE,0.76,0.479,0.728
"2024_25","S45G01N20",20241028,"안양 정관장","홈",1,270,-1,"3점",0,FALSE,1.23,-0.325,-1.202
"2024_25","S45G01N20",20241028,"안양 정관장","홈",1,50,-1,"2점",1,FALSE,0.85,0.479,0.815
"2024_25","S45G01N20",20241028,"안양 정관장","홈",2,401,4,"3점",0,FALSE,1.3,-0.325,-1.266
"2024_25","S45G01N20",20241028,"안양 정관장","홈",2,353,4,"3점",0,FALSE,1.31,-0.325,-1.282
"2024_25","S45G01N20",20241028,"안양 정관장","홈",2,258,2,"2점",1,FALSE,0.94,0.479,0.896
"2024_25","S45G01N20",20241028,"안양 정관장","홈",2,153,2,"3점",0,FALSE,1.47,-0.325,-1.434
"2024_25","S45G01N20",20241028,"안양 정관장","홈",2,50,1,"2점",0,FALSE,1.02,-0.521,-1.066
"2024_25","S45G01N20",20241028,"안양 정관장","홈",3,524,0,"3점",0,FALSE,1.66,-0.325,-1.618
"2024_25","S45G01N20",20241028,"안양 정관장","홈",3,471,-3,"3점",1,FALSE,1.69,0.675,3.426
"2024_25","S45G01N20",20241028,"안양 정관장","홈",3,443,0,"3점",0,FALSE,1.72,-0.325,-1.679
"2024_25","S45G01N20",20241028,"안양 정관장","홈",3,350,-1,"2점",0,FALSE,1.19,-0.521,-1.237
"2024_25","S45G01N20",20241028,"안양 정관장","홈",3,245,-2,"3점",0,FALSE,1.92,-0.325,-1.874
"2024_25","S45G01N20",20241028,"안양 정관장","홈",3,64,-1,"3점",1,FALSE,2.17,0.675,4.387
"2024_25","S45G01N20",20241028,"안양 정관장","홈",4,502,6,"2점",1,FALSE,1.09,0.479,1.046
"2024_25","S45G01N20",20241028,"안양 정관장","홈",4,408,6,"3점",0,FALSE,1.57,-0.325,-1.533
"2024_25","S45G01N20",20241028,"안양 정관장","홈",4,113,14,"2점",0,FALSE,0,-0.521,-0.001
"2024_25","S45G01N20",20241028,"안양 정관장","홈",4,54,13,"2점",1,FALSE,0,0.479,0
"2024_25","S45G01N20",20241028,"안양 정관장","홈",4,22,15,"3점",0,FALSE,0,-0.325,-0
"2024_25","S45G01N202",20250302,"대구 한국가스공사","홈",1,517,-4,"2점",1,FALSE,0.75,0.479,0.715
"2024_25","S45G01N202",20250302,"대구 한국가스공사","홈",1,325,-2,"2점",0,FALSE,0.79,-0.521,-0.825
"2024_25","S45G01N202",20250302,"대구 한국가스공사","홈",1,286,-4,"2점",0,FALSE,0.79,-0.521,-0.818
"2024_25","S45G01N202",20250302,"대구 한국가스공사","홈",1,210,-5,"3점",1,FALSE,1.22,0.675,2.46
"2024_25","S45G01N202",20250302,"대구 한국가스공사","홈",1,192,-2,"2점",1,FALSE,0.82,0.479,0.783
"2024_25","S45G01N202",20250302,"대구 한국가스공사","홈",2,536,-4,"3점",1,FALSE,1.32,0.675,2.676
"2024_25","S45G01N202",20250302,"대구 한국가스공사","홈",2,434,-1,"2점",0,FALSE,0.91,-0.521,-0.944
"2024_25","S45G01N202",20250302,"대구 한국가스공사","홈",2,293,3,"3점",0,FALSE,1.37,-0.325,-1.34
"2024_25","S45G01N202",20250302,"대구 한국가스공사","홈",2,240,5,"3점",0,FALSE,1.31,-0.325,-1.277
"2024_25","S45G01N202",20250302,"대구 한국가스공사","홈",3,488,2,"2점",1,FALSE,1.07,0.479,1.028
"2024_25","S45G01N202",20250302,"대구 한국가스공사","홈",3,448,4,"3점",0,FALSE,1.54,-0.325,-1.501
"2024_25","S45G01N202",20250302,"대구 한국가스공사","홈",3,356,3,"2점",1,FALSE,1.11,0.479,1.06
"2024_25","S45G01N202",20250302,"대구 한국가스공사","홈",4,500,-2,"2점",0,FALSE,1.62,-0.521,-1.684
"2024_25","S45G01N202",20250302,"대구 한국가스공사","홈",4,444,-2,"3점",0,FALSE,2.64,-0.325,-2.572
"2024_25","S45G01N204",20250303,"안양 정관장","홈",1,527,-3,"3점",1,FALSE,1.16,0.675,2.341
"2024_25","S45G01N204",20250303,"안양 정관장","홈",1,311,5,"3점",0,FALSE,1.12,-0.325,-1.097
"2024_25","S45G01N204",20250303,"안양 정관장","홈",1,254,6,"2점",0,FALSE,0.73,-0.521,-0.763
"2024_25","S45G01N204",20250303,"안양 정관장","홈",1,195,1,"2점",0,FALSE,0.81,-0.521,-0.848
"2024_25","S45G01N204",20250303,"안양 정관장","홈",2,480,5,"3점",0,FALSE,1.23,-0.325,-1.203
"2024_25","S45G01N204",20250303,"안양 정관장","홈",2,269,-1,"2점",0,FALSE,0.95,-0.521,-0.995
"2024_25","S45G01N204",20250303,"안양 정관장","홈",3,519,-2,"3점",0,FALSE,1.67,-0.325,-1.631
"2024_25","S45G01N204",20250303,"안양 정관장","홈",3,58,-5,"2점",0,FALSE,1.27,-0.521,-1.328
"2024_25","S45G01N204",20250303,"안양 정관장","홈",4,379,-8,"2점",1,FALSE,1.05,0.479,1.008
"2024_25","S45G01N204",20250303,"안양 정관장","홈",4,223,-12,"3점",0,FALSE,0.44,-0.325,-0.429
"2024_25","S45G01N204",20250303,"안양 정관장","홈",4,18,-12,"3점",0,FALSE,0,-0.325,-0
"2024_25","S45G01N206",20250305,"서울 SK","홈",2,470,13,"3점",0,FALSE,0.81,-0.325,-0.788
"2024_25","S45G01N206",20250305,"서울 SK","홈",2,457,13,"3점",0,FALSE,0.81,-0.325,-0.788
"2024_25","S45G01N206",20250305,"서울 SK","홈",3,582,15,"3점",0,FALSE,0.62,-0.325,-0.602
"2024_25","S45G01N206",20250305,"서울 SK","홈",4,234,-7,"3점",0,FALSE,2.05,-0.325,-1.996
"2024_25","S45G01N209",20250307,"서울 SK","홈",1,196,1,"2점",0,FALSE,0.81,-0.521,-0.848
"2024_25","S45G01N209",20250307,"서울 SK","홈",1,160,1,"3점",1,FALSE,1.25,0.675,2.532
"2024_25","S45G01N209",20250307,"서울 SK","홈",1,136,4,"3점",0,FALSE,1.2,-0.325,-1.167
"2024_25","S45G01N209",20250307,"서울 SK","홈",1,65,4,"2점",0,FALSE,0.8,-0.521,-0.837
"2024_25","S45G01N209",20250307,"서울 SK","홈",2,568,7,"3점",1,FALSE,1.13,0.675,2.278
"2024_25","S45G01N209",20250307,"서울 SK","홈",2,521,10,"2점",0,FALSE,0.66,-0.521,-0.685
"2024_25","S45G01N209",20250307,"서울 SK","홈",2,516,10,"3점",1,FALSE,0.98,0.675,1.984
"2024_25","S45G01N209",20250307,"서울 SK","홈",2,487,13,"2점",0,FALSE,0.55,-0.521,-0.569
"2024_25","S45G01N209",20250307,"서울 SK","홈",2,132,9,"2점",1,FALSE,0.73,0.479,0.702
"2024_25","S45G01N209",20250307,"서울 SK","홈",3,533,7,"2점",0,FALSE,0.86,-0.521,-0.897
"2024_25","S45G01N209",20250307,"서울 SK","홈",3,410,7,"3점",1,FALSE,1.31,0.675,2.652
"2024_25","S45G01N209",20250307,"서울 SK","홈",3,147,0,"2점",1,FALSE,1.33,0.479,1.276
"2024_25","S45G01N209",20250307,"서울 SK","홈",3,96,0,"3점",1,FALSE,2.1,0.675,4.241
"2024_25","S45G01N209",20250307,"서울 SK","홈",3,58,1,"3점",0,FALSE,2.1,-0.325,-2.051
"2024_25","S45G01N209",20250307,"서울 SK","홈",3,22,1,"3점",0,FALSE,2.16,-0.325,-2.105
"2024_25","S45G01N209",20250307,"서울 SK","홈",4,469,1,"3점",0,FALSE,2.45,-0.325,-2.39
"2024_25","S45G01N209",20250307,"서울 SK","홈",4,229,-9,"3점",0,FALSE,1.25,-0.325,-1.224
"2024_25","S45G01N21",20241029,"부산 KCC","홈",2,328,-11,"2점",1,FALSE,0.7,0.479,0.671
"2024_25","S45G01N21",20241029,"부산 KCC","홈",2,245,-13,"3점",1,FALSE,0.99,0.675,1.994
"2024_25","S45G01N21",20241029,"부산 KCC","홈",2,167,-15,"2점",1,FALSE,0.53,0.479,0.505
"2024_25","S45G01N21",20241029,"부산 KCC","홈",3,585,-9,"2점",0,FALSE,0.84,-0.521,-0.871
"2024_25","S45G01N21",20241029,"부산 KCC","홈",3,547,-9,"3점",1,FALSE,1.33,0.675,2.69
"2024_25","S45G01N21",20241029,"부산 KCC","홈",3,255,-7,"3점",0,FALSE,1.63,-0.325,-1.592
"2024_25","S45G01N21",20241029,"부산 KCC","홈",3,161,-11,"3점",0,FALSE,1.2,-0.325,-1.173
"2024_25","S45G01N21",20241029,"부산 KCC","홈",4,112,-11,"3점",0,FALSE,0.17,-0.325,-0.169
"2024_25","S45G01N21",20241029,"부산 KCC","홈",4,71,-9,"2점",1,FALSE,0.09,0.479,0.084
"2024_25","S45G01N210",20250308,"원주 DB","원정",1,554,-2,"2점",1,FALSE,0.75,0.479,0.721
"2024_25","S45G01N210",20250308,"원주 DB","원정",1,406,-3,"2점",1,FALSE,0.77,0.479,0.74
"2024_25","S45G01N210",20250308,"원주 DB","원정",1,371,-1,"2점",0,FALSE,0.79,-0.521,-0.819
"2024_25","S45G01N210",20250308,"원주 DB","원정",2,276,-4,"3점",0,FALSE,1.43,-0.325,-1.395
"2024_25","S45G01N210",20250308,"원주 DB","원정",2,253,-6,"2점",0,FALSE,0.89,-0.521,-0.925
"2024_25","S45G01N210",20250308,"원주 DB","원정",2,94,-1,"2점",1,FALSE,1.02,0.479,0.974
"2024_25","S45G01N210",20250308,"원주 DB","원정",2,32,1,"2점",0,FALSE,1.03,-0.521,-1.074
"2024_25","S45G01N210",20250308,"원주 DB","원정",3,465,2,"2점",1,FALSE,1.08,0.479,1.039
"2024_25","S45G01N210",20250308,"원주 DB","원정",3,435,1,"3점",0,FALSE,1.7,-0.325,-1.66
"2024_25","S45G01N210",20250308,"원주 DB","원정",4,356,5,"2점",0,FALSE,1.28,-0.521,-1.336
"2024_25","S45G01N210",20250308,"원주 DB","원정",4,107,1,"3점",1,TRUE,4.27,0.675,8.65
"2024_25","S45G01N210",20250308,"원주 DB","원정",4,19,-0,"3점",0,TRUE,8.18,-0.325,-7.987
"2024_25","S45G01N210",20250308,"원주 DB","원정",5,149,3,"2점",1,TRUE,1.95,0.479,1.868
"2024_25","S45G01N213",20250309,"창원 LG","원정",1,236,-6,"3점",0,FALSE,1.19,-0.325,-1.158
"2024_25","S45G01N213",20250309,"창원 LG","원정",1,128,-12,"3점",1,FALSE,0.99,0.675,2.008
"2024_25","S45G01N213",20250309,"창원 LG","원정",1,78,-7,"3점",0,FALSE,1.2,-0.325,-1.174
"2024_25","S45G01N213",20250309,"창원 LG","원정",2,510,-11,"3점",0,FALSE,1.07,-0.325,-1.047
"2024_25","S45G01N213",20250309,"창원 LG","원정",2,358,-14,"2점",0,FALSE,0.58,-0.521,-0.6
"2024_25","S45G01N213",20250309,"창원 LG","원정",3,490,-8,"2점",0,FALSE,0.91,-0.521,-0.944
"2024_25","S45G01N213",20250309,"창원 LG","원정",4,95,-15,"2점",0,FALSE,0,-0.521,-0.001
"2024_25","S45G01N213",20250309,"창원 LG","원정",4,91,-15,"3점",0,FALSE,0,-0.325,-0.001
"2024_25","S45G01N215",20250311,"울산 현대모비스","원정",1,449,2,"2점",0,FALSE,0.76,-0.521,-0.792
"2024_25","S45G01N215",20250311,"울산 현대모비스","원정",2,330,-3,"3점",0,FALSE,1.42,-0.325,-1.387
"2024_25","S45G01N215",20250311,"울산 현대모비스","원정",2,192,1,"2점",0,FALSE,0.97,-0.521,-1.011
"2024_25","S45G01N215",20250311,"울산 현대모비스","원정",2,66,-6,"2점",0,FALSE,0.94,-0.521,-0.98
"2024_25","S45G01N215",20250311,"울산 현대모비스","원정",4,533,-1,"3점",0,FALSE,2.42,-0.325,-2.357
"2024_25","S45G01N215",20250311,"울산 현대모비스","원정",4,491,-1,"2점",0,FALSE,1.65,-0.521,-1.718
"2024_25","S45G01N215",20250311,"울산 현대모비스","원정",4,311,-3,"3점",0,FALSE,3.04,-0.325,-2.966
"2024_25","S45G01N215",20250311,"울산 현대모비스","원정",4,127,-1,"2점",0,TRUE,3.21,-0.521,-3.35
"2024_25","S45G01N217",20250313,"부산 KCC","원정",1,509,-0,"2점",0,FALSE,0.76,-0.521,-0.793
"2024_25","S45G01N217",20250313,"부산 KCC","원정",1,266,5,"3점",1,FALSE,1.13,0.675,2.296
"2024_25","S45G01N217",20250313,"부산 KCC","원정",1,202,8,"3점",0,FALSE,1.04,-0.325,-1.013
"2024_25","S45G01N217",20250313,"부산 KCC","원정",1,109,4,"2점",0,FALSE,0.79,-0.521,-0.828
"2024_25","S45G01N217",20250313,"부산 KCC","원정",3,103,5,"3점",0,FALSE,1.65,-0.325,-1.61
"2024_25","S45G01N217",20250313,"부산 KCC","원정",4,530,13,"3점",0,FALSE,0.46,-0.325,-0.452
"2024_25","S45G01N217",20250313,"부산 KCC","원정",4,226,10,"3점",0,FALSE,0.34,-0.325,-0.328
"2024_25","S45G01N217",20250313,"부산 KCC","원정",4,186,10,"3점",1,FALSE,0.22,0.675,0.455
"2024_25","S45G01N217",20250313,"부산 KCC","원정",4,81,11,"2점",0,FALSE,0,-0.521,-0.003
"2024_25","S45G01N217",20250313,"부산 KCC","원정",4,46,7,"3점",1,FALSE,0.02,0.675,0.047
"2024_25","S45G01N218",20250313,"수원 KT","원정",1,101,-18,"3점",0,FALSE,0.69,-0.325,-0.671
"2024_25","S45G01N218",20250313,"수원 KT","원정",2,447,-16,"3점",0,FALSE,0.79,-0.325,-0.77
"2024_25","S45G01N218",20250313,"수원 KT","원정",2,156,-19,"3점",0,FALSE,0.57,-0.325,-0.554
"2024_25","S45G01N218",20250313,"수원 KT","원정",2,7,-16,"2점",0,FALSE,0.46,-0.521,-0.485
"2024_25","S45G01N218",20250313,"수원 KT","원정",3,47,-8,"3점",0,FALSE,1.64,-0.325,-1.602
"2024_25","S45G01N218",20250313,"수원 KT","원정",4,497,-7,"3점",0,FALSE,1.91,-0.325,-1.859
"2024_25","S45G01N218",20250313,"수원 KT","원정",4,153,-5,"2점",0,TRUE,1.82,-0.521,-1.9
"2024_25","S45G01N218",20250313,"수원 KT","원정",4,94,-7,"2점",0,FALSE,0.69,-0.521,-0.72
"2024_25","S45G01N218",20250313,"수원 KT","원정",4,52,-7,"2점",0,FALSE,0.25,-0.521,-0.262
"2024_25","S45G01N218",20250313,"수원 KT","원정",4,8,-5,"3점",0,TRUE,0.19,-0.325,-0.181
"2024_25","S45G01N218",20250313,"수원 KT","원정",4,1,-6,"3점",0,FALSE,0,-0.325,-0
"2024_25","S45G01N222",20250315,"수원 KT","홈",1,482,0,"3점",0,FALSE,1.17,-0.325,-1.141
"2024_25","S45G01N222",20250315,"수원 KT","홈",1,396,-3,"2점",0,FALSE,0.77,-0.521,-0.807
"2024_25","S45G01N222",20250315,"수원 KT","홈",1,182,3,"2점",0,FALSE,0.8,-0.521,-0.83
"2024_25","S45G01N222",20250315,"수원 KT","홈",2,83,7,"3점",1,FALSE,1.24,0.675,2.507
"2024_25","S45G01N222",20250315,"수원 KT","홈",3,544,10,"2점",0,FALSE,0.69,-0.521,-0.724
"2024_25","S45G01N222",20250315,"수원 KT","홈",3,503,11,"2점",0,FALSE,0.64,-0.521,-0.664
"2024_25","S45G01N222",20250315,"수원 KT","홈",3,358,11,"2점",0,FALSE,0.63,-0.521,-0.656
"2024_25","S45G01N222",20250315,"수원 KT","홈",3,300,13,"2점",0,FALSE,0.49,-0.521,-0.508
"2024_25","S45G01N222",20250315,"수원 KT","홈",3,40,8,"2점",1,FALSE,0.85,0.479,0.818
"2024_25","S45G01N222",20250315,"수원 KT","홈",4,577,12,"3점",0,FALSE,0.62,-0.325,-0.607
"2024_25","S45G01N222",20250315,"수원 KT","홈",4,422,10,"2점",1,FALSE,0.54,0.479,0.515
"2024_25","S45G01N222",20250315,"수원 KT","홈",4,223,11,"2점",0,FALSE,0.17,-0.521,-0.174
"2024_25","S45G01N222",20250315,"수원 KT","홈",4,87,10,"2점",1,FALSE,0.01,0.479,0.013
"2024_25","S45G01N223",20250315,"안양 정관장","홈",1,49,-9,"3점",0,FALSE,1.14,-0.325,-1.111
"2024_25","S45G01N223",20250315,"안양 정관장","홈",2,563,-11,"2점",1,FALSE,0.68,0.479,0.649
"2024_25","S45G01N223",20250315,"안양 정관장","홈",2,525,-9,"3점",1,FALSE,1.17,0.675,2.362
"2024_25","S45G01N223",20250315,"안양 정관장","홈",2,447,-9,"2점",0,FALSE,0.76,-0.521,-0.79
"2024_25","S45G01N223",20250315,"안양 정관장","홈",2,422,-9,"3점",0,FALSE,1.19,-0.325,-1.163
"2024_25","S45G01N223",20250315,"안양 정관장","홈",2,3,-8,"3점",0,FALSE,1.38,-0.325,-1.346
"2024_25","S45G01N223",20250315,"안양 정관장","홈",3,256,-5,"2점",0,FALSE,1.15,-0.521,-1.195
"2024_25","S45G01N223",20250315,"안양 정관장","홈",3,120,-4,"3점",1,FALSE,2,0.675,4.046
"2024_25","S45G01N223",20250315,"안양 정관장","홈",3,63,-3,"2점",0,FALSE,1.38,-0.521,-1.436
"2024_25","S45G01N223",20250315,"안양 정관장","홈",3,2,-3,"2점",1,FALSE,1.44,0.479,1.38
"2024_25","S45G01N223",20250315,"안양 정관장","홈",4,570,-1,"3점",1,FALSE,2.34,0.675,4.731
"2024_25","S45G01N223",20250315,"안양 정관장","홈",4,362,2,"2점",0,FALSE,1.74,-0.521,-1.816
"2024_25","S45G01N223",20250315,"안양 정관장","홈",4,196,2,"3점",0,TRUE,3.11,-0.325,-3.032
"2024_25","S45G01N23",20241031,"수원 KT","홈",1,397,1,"3점",0,FALSE,1.18,-0.325,-1.155
"2024_25","S45G01N23",20241031,"수원 KT","홈",1,204,3,"3점",0,FALSE,1.2,-0.325,-1.173
"2024_25","S45G01N23",20241031,"수원 KT","홈",2,434,0,"3점",1,FALSE,1.38,0.675,2.793
"2024_25","S45G01N23",20241031,"수원 KT","홈",2,354,2,"2점",0,FALSE,0.91,-0.521,-0.946
"2024_25","S45G01N23",20241031,"수원 KT","홈",3,510,-3,"2점",0,FALSE,1.08,-0.521,-1.124
"2024_25","S45G01N23",20241031,"수원 KT","홈",3,469,-3,"3점",1,FALSE,1.69,0.675,3.429
"2024_25","S45G01N23",20241031,"수원 KT","홈",3,239,-4,"3점",0,FALSE,1.86,-0.325,-1.819
"2024_25","S45G01N23",20241031,"수원 KT","홈",4,300,-6,"3점",1,FALSE,2.37,0.675,4.794
"2024_25","S45G01N23",20241031,"수원 KT","홈",4,253,-3,"3점",0,TRUE,3.33,-0.325,-3.254
"2024_25","S45G01N23",20241031,"수원 KT","홈",4,72,-6,"2점",0,FALSE,0.92,-0.521,-0.957
"2024_25","S45G01N230",20250320,"대구 한국가스공사","홈",1,547,3,"2점",1,FALSE,0.74,0.479,0.704
"2024_25","S45G01N230",20250320,"대구 한국가스공사","홈",1,287,1,"3점",0,FALSE,1.21,-0.325,-1.184
"2024_25","S45G01N230",20250320,"대구 한국가스공사","홈",1,152,-3,"2점",1,FALSE,0.82,0.479,0.785
"2024_25","S45G01N230",20250320,"대구 한국가스공사","홈",2,335,-12,"3점",0,FALSE,1.04,-0.325,-1.017
"2024_25","S45G01N230",20250320,"대구 한국가스공사","홈",2,199,-16,"3점",1,FALSE,0.78,0.675,1.57
"2024_25","S45G01N230",20250320,"대구 한국가스공사","홈",2,132,-13,"3점",1,FALSE,0.99,0.675,2.008
"2024_25","S45G01N230",20250320,"대구 한국가스공사","홈",2,22,-6,"2점",0,FALSE,0.95,-0.521,-0.994
"2024_25","S45G01N230",20250320,"대구 한국가스공사","홈",3,496,-5,"2점",1,FALSE,1.03,0.479,0.989
"2024_25","S45G01N230",20250320,"대구 한국가스공사","홈",3,110,-6,"3점",1,FALSE,1.84,0.675,3.73
"2024_25","S45G01N230",20250320,"대구 한국가스공사","홈",3,24,-1,"2점",1,FALSE,1.46,0.479,1.401
"2024_25","S45G01N230",20250320,"대구 한국가스공사","홈",3,9,1,"3점",0,FALSE,2.18,-0.325,-2.125
"2024_25","S45G01N230",20250320,"대구 한국가스공사","홈",4,578,-1,"3점",0,FALSE,2.32,-0.325,-2.265
"2024_25","S45G01N230",20250320,"대구 한국가스공사","홈",4,552,-1,"3점",0,FALSE,2.37,-0.325,-2.317
"2024_25","S45G01N230",20250320,"대구 한국가스공사","홈",4,374,4,"2점",1,FALSE,1.44,0.479,1.38
"2024_25","S45G01N230",20250320,"대구 한국가스공사","홈",4,294,8,"3점",0,FALSE,0.92,-0.325,-0.9
"2024_25","S45G01N230",20250320,"대구 한국가스공사","홈",4,120,2,"2점",0,TRUE,2.48,-0.521,-2.59
"2024_25","S45G01N236",20250322,"서울 삼성","홈",1,462,2,"2점",1,FALSE,0.76,0.479,0.726
"2024_25","S45G01N236",20250322,"서울 삼성","홈",1,438,5,"3점",0,FALSE,1.1,-0.325,-1.07
"2024_25","S45G01N236",20250322,"고양 소노","원정",1,344,-3,"3점",0,FALSE,1.2,-0.325,-1.175
"2024_25","S45G01N236",20250322,"서울 삼성","홈",1,272,4,"2점",1,FALSE,0.77,0.479,0.733
"2024_25","S45G01N236",20250322,"서울 삼성","홈",1,234,5,"2점",0,FALSE,0.75,-0.521,-0.787
"2024_25","S45G01N236",20250322,"서울 삼성","홈",1,167,3,"2점",1,FALSE,0.8,0.479,0.765
"2024_25","S45G01N236",20250322,"서울 삼성","홈",1,130,3,"2점",1,FALSE,0.81,0.479,0.772
"2024_25","S45G01N236",20250322,"서울 삼성","홈",2,442,3,"3점",0,FALSE,1.32,-0.325,-1.284
"2024_25","S45G01N236",20250322,"서울 삼성","홈",2,427,3,"3점",1,FALSE,1.32,0.675,2.675
"2024_25","S45G01N236",20250322,"서울 삼성","홈",2,294,12,"3점",0,FALSE,0.87,-0.325,-0.847
"2024_25","S45G01N236",20250322,"고양 소노","원정",2,212,-10,"2점",0,FALSE,0.75,-0.521,-0.787
"2024_25","S45G01N236",20250322,"고양 소노","원정",2,82,-17,"3점",0,FALSE,0.69,-0.325,-0.673
"2024_25","S45G01N236",20250322,"서울 삼성","홈",2,28,17,"2점",0,FALSE,0.34,-0.521,-0.356
"2024_25","S45G01N236",20250322,"서울 삼성","홈",3,480,18,"3점",1,FALSE,0.39,0.675,0.78
"2024_25","S45G01N236",20250322,"서울 삼성","홈",3,367,18,"3점",0,FALSE,0.34,-0.325,-0.334
"2024_25","S45G01N236",20250322,"고양 소노","원정",3,362,-18,"2점",1,FALSE,0.32,0.479,0.304
"2024_25","S45G01N236",20250322,"고양 소노","원정",3,346,-15,"2점",0,FALSE,0.48,-0.521,-0.499
"2024_25","S45G01N236",20250322,"서울 삼성","홈",3,305,17,"2점",1,FALSE,0.27,0.479,0.256
"2024_25","S45G01N236",20250322,"고양 소노","원정",3,246,-21,"3점",0,FALSE,0.27,-0.325,-0.266
"2024_25","S45G01N236",20250322,"고양 소노","원정",3,142,-26,"2점",0,FALSE,0.03,-0.521,-0.036
"2024_25","S45G01N236",20250322,"고양 소노","원정",3,50,-26,"3점",1,FALSE,0.04,0.675,0.082
"2024_25","S45G01N236",20250322,"서울 삼성","홈",4,478,25,"3점",0,FALSE,0.01,-0.325,-0.005
"2024_25","S45G01N24",20241031,"울산 현대모비스","홈",2,187,11,"2점",1,FALSE,0.64,0.479,0.609
"2024_25","S45G01N24",20241031,"울산 현대모비스","홈",2,24,14,"2점",0,FALSE,0.48,-0.521,-0.502
"2024_25","S45G01N24",20241031,"울산 현대모비스","홈",3,309,14,"3점",1,FALSE,0.61,0.675,1.238
"2024_25","S45G01N24",20241031,"울산 현대모비스","홈",4,577,9,"2점",1,FALSE,0.74,0.479,0.708
"2024_25","S45G01N24",20241031,"울산 현대모비스","홈",4,519,9,"3점",0,FALSE,1.02,-0.325,-0.992
"2024_25","S45G01N24",20241031,"울산 현대모비스","홈",4,486,7,"3점",1,FALSE,1.37,0.675,2.78
"2024_25","S45G01N24",20241031,"울산 현대모비스","홈",4,305,7,"3점",1,FALSE,1.21,0.675,2.45
"2024_25","S45G01N24",20241031,"울산 현대모비스","홈",4,230,5,"2점",1,TRUE,1.27,0.479,1.219
"2024_25","S45G01N24",20241031,"울산 현대모비스","홈",4,156,5,"2점",0,TRUE,1.15,-0.521,-1.196
"2024_25","S45G01N24",20241031,"울산 현대모비스","홈",4,51,2,"3점",0,TRUE,3.18,-0.325,-3.108
"2024_25","S45G01N24",20241031,"울산 현대모비스","홈",4,1,0,"3점",0,TRUE,9.76,-0.325,-9.522
"2024_25","S45G01N24",20241031,"울산 현대모비스","홈",5,131,-4,"3점",0,TRUE,3.85,-0.325,-3.756
"2024_25","S45G01N24",20241031,"울산 현대모비스","홈",5,42,-4,"3점",0,TRUE,4.34,-0.325,-4.234
"2024_25","S45G01N24",20241031,"울산 현대모비스","홈",5,1,-3,"3점",0,TRUE,4.62,-0.325,-4.506
"2024_25","S45G01N240",20250324,"수원 KT","홈",2,234,-4,"2점",1,FALSE,0.94,0.479,0.898
"2024_25","S45G01N240",20250324,"수원 KT","홈",2,186,-3,"3점",0,FALSE,1.49,-0.325,-1.456
"2024_25","S45G01N240",20250324,"수원 KT","홈",3,569,-9,"2점",0,FALSE,0.84,-0.521,-0.874
"2024_25","S45G01N240",20250324,"수원 KT","홈",3,430,-8,"3점",0,FALSE,1.45,-0.325,-1.417
"2024_25","S45G01N240",20250324,"수원 KT","홈",3,346,-10,"2점",0,FALSE,0.81,-0.521,-0.847
"2024_25","S45G01N241",20250325,"안양 정관장","원정",1,570,-0,"2점",1,FALSE,0.75,0.479,0.719
"2024_25","S45G01N241",20250325,"안양 정관장","원정",1,514,-0,"3점",0,FALSE,1.16,-0.325,-1.134
"2024_25","S45G01N241",20250325,"안양 정관장","원정",1,374,-3,"3점",0,FALSE,1.2,-0.325,-1.167
"2024_25","S45G01N241",20250325,"안양 정관장","원정",1,33,-14,"2점",1,FALSE,0.57,0.479,0.545
"2024_25","S45G01N241",20250325,"안양 정관장","원정",1,3,-14,"3점",0,FALSE,0.9,-0.325,-0.88
"2024_25","S45G01N241",20250325,"안양 정관장","원정",2,476,-19,"2점",1,FALSE,0.38,0.479,0.367
"2024_25","S45G01N241",20250325,"안양 정관장","원정",2,456,-17,"2점",1,FALSE,0.46,0.479,0.437
"2024_25","S45G01N241",20250325,"안양 정관장","원정",2,376,-17,"3점",1,FALSE,0.72,0.675,1.467
"2024_25","S45G01N241",20250325,"안양 정관장","원정",2,326,-14,"3점",0,FALSE,0.91,-0.325,-0.893
"2024_25","S45G01N241",20250325,"안양 정관장","원정",3,515,-4,"3점",0,FALSE,1.63,-0.325,-1.593
"2024_25","S45G01N241",20250325,"안양 정관장","원정",3,298,-12,"2점",0,FALSE,0.67,-0.521,-0.702
"2024_25","S45G01N241",20250325,"안양 정관장","원정",3,47,-10,"3점",1,FALSE,1.34,0.675,2.716
"2024_25","S45G01N241",20250325,"안양 정관장","원정",4,567,-13,"3점",0,FALSE,0.85,-0.325,-0.825
"2024_25","S45G01N241",20250325,"안양 정관장","원정",4,360,-17,"2점",1,FALSE,0.09,0.479,0.083
"2024_25","S45G01N242",20250326,"창원 LG","홈",2,582,1,"3점",1,FALSE,1.31,0.675,2.652
"2024_25","S45G01N242",20250326,"창원 LG","홈",2,490,3,"3점",0,FALSE,1.3,-0.325,-1.268
"2024_25","S45G01N242",20250326,"창원 LG","홈",2,309,-2,"2점",0,FALSE,0.94,-0.521,-0.978
"2024_25","S45G01N242",20250326,"창원 LG","홈",2,245,-4,"3점",0,FALSE,1.44,-0.325,-1.409
"2024_25","S45G01N242",20250326,"창원 LG","홈",3,1,-18,"3점",0,FALSE,0.32,-0.325,-0.311
"2024_25","S45G01N242",20250326,"창원 LG","홈",4,587,-18,"2점",0,FALSE,0.18,-0.521,-0.183
"2024_25","S45G01N243",20250327,"수원 KT","원정",1,460,-4,"3점",1,FALSE,1.16,0.675,2.356
"2024_25","S45G01N243",20250327,"수원 KT","원정",1,393,1,"2점",0,FALSE,0.78,-0.521,-0.809
"2024_25","S45G01N243",20250327,"수원 KT","원정",2,404,-1,"3점",1,FALSE,1.4,0.675,2.832
"2024_25","S45G01N243",20250327,"수원 KT","원정",2,346,1,"2점",0,FALSE,0.92,-0.521,-0.961
"2024_25","S45G01N243",20250327,"수원 KT","원정",2,281,-5,"2점",0,FALSE,0.9,-0.521,-0.943
"2024_25","S45G01N243",20250327,"수원 KT","원정",2,261,-7,"3점",1,FALSE,1.33,0.675,2.702
"2024_25","S45G01N243",20250327,"수원 KT","원정",2,234,-4,"3점",1,FALSE,1.45,0.675,2.933
"2024_25","S45G01N243",20250327,"수원 KT","원정",2,87,1,"3점",1,FALSE,1.53,0.675,3.103
"2024_25","S45G01N243",20250327,"수원 KT","원정",3,331,-2,"3점",1,FALSE,1.83,0.675,3.706
"2024_25","S45G01N243",20250327,"수원 KT","원정",3,277,-2,"3점",1,FALSE,1.89,0.675,3.817
"2024_25","S45G01N243",20250327,"수원 KT","원정",3,167,2,"3점",0,FALSE,1.9,-0.325,-1.851
"2024_25","S45G01N243",20250327,"수원 KT","원정",4,591,3,"3점",0,FALSE,2,-0.325,-1.955
"2024_25","S45G01N243",20250327,"수원 KT","원정",4,347,-5,"2점",1,FALSE,1.58,0.479,1.517
"2024_25","S45G01N243",20250327,"수원 KT","원정",4,186,-13,"3점",0,FALSE,0.19,-0.325,-0.188
"2024_25","S45G01N247",20250329,"울산 현대모비스","원정",1,583,-0,"3점",0,FALSE,1.14,-0.325,-1.117
"2024_25","S45G01N247",20250329,"울산 현대모비스","원정",1,573,-0,"3점",0,FALSE,1.15,-0.325,-1.12
"2024_25","S45G01N247",20250329,"울산 현대모비스","원정",1,388,-0,"2점",1,FALSE,0.78,0.479,0.748
"2024_25","S45G01N247",20250329,"울산 현대모비스","원정",1,325,-5,"3점",0,FALSE,1.18,-0.325,-1.155
"2024_25","S45G01N247",20250329,"울산 현대모비스","원정",1,193,-9,"2점",0,FALSE,0.71,-0.521,-0.74
"2024_25","S45G01N247",20250329,"울산 현대모비스","원정",1,190,-9,"2점",1,FALSE,0.71,0.479,0.681
"2024_25","S45G01N247",20250329,"울산 현대모비스","원정",3,475,-11,"2점",1,FALSE,0.74,0.479,0.708
"2024_25","S45G01N247",20250329,"울산 현대모비스","원정",3,58,-16,"2점",0,FALSE,0.32,-0.521,-0.332
"2024_25","S45G01N248",20250329,"안양 정관장","홈",1,529,2,"3점",1,FALSE,1.14,0.675,2.304
"2024_25","S45G01N248",20250329,"안양 정관장","홈",1,295,10,"3점",0,FALSE,0.94,-0.325,-0.918
"2024_25","S45G01N248",20250329,"안양 정관장","홈",1,255,7,"3점",0,FALSE,1.07,-0.325,-1.043
"2024_25","S45G01N248",20250329,"안양 정관장","홈",2,372,0,"3점",1,FALSE,1.41,0.675,2.847
"2024_25","S45G01N248",20250329,"안양 정관장","홈",3,337,-1,"3점",0,FALSE,1.83,-0.325,-1.783
"2024_25","S45G01N248",20250329,"안양 정관장","홈",3,230,-4,"3점",0,FALSE,1.87,-0.325,-1.828
"2024_25","S45G01N248",20250329,"안양 정관장","홈",3,136,0,"2점",0,FALSE,1.34,-0.521,-1.399
"2024_25","S45G01N248",20250329,"안양 정관장","홈",4,342,-8,"2점",0,FALSE,1.04,-0.521,-1.085
"2024_25","S45G01N248",20250329,"안양 정관장","홈",4,269,-10,"2점",1,FALSE,0.59,0.479,0.564
"2024_25","S45G01N248",20250329,"안양 정관장","홈",4,161,-13,"2점",0,FALSE,0.06,-0.521,-0.061
"2024_25","S45G01N252",20250330,"원주 DB","홈",1,411,-4,"3점",1,FALSE,1.18,0.675,2.381
"2024_25","S45G01N252",20250330,"원주 DB","홈",1,385,-3,"3점",0,FALSE,1.19,-0.325,-1.164
"2024_25","S45G01N252",20250330,"원주 DB","홈",2,154,-4,"2점",0,FALSE,0.96,-0.521,-1.004
"2024_25","S45G01N252",20250330,"원주 DB","홈",2,10,-2,"3점",0,FALSE,1.61,-0.325,-1.569
"2024_25","S45G01N252",20250330,"원주 DB","홈",3,53,-12,"3점",0,FALSE,1.04,-0.325,-1.017
"2024_25","S45G01N252",20250330,"원주 DB","홈",4,352,-23,"3점",1,FALSE,0.01,0.675,0.021
"2024_25","S45G01N252",20250330,"원주 DB","홈",4,309,-20,"3점",1,FALSE,0.03,0.675,0.055
"2024_25","S45G01N252",20250330,"원주 DB","홈",4,80,-12,"3점",1,FALSE,0.02,0.675,0.041
"2024_25","S45G01N252",20250330,"원주 DB","홈",4,35,-9,"3점",0,FALSE,0.02,-0.325,-0.017
"2024_25","S45G01N254",20250401,"대구 한국가스공사","홈",1,345,-6,"2점",0,FALSE,0.75,-0.521,-0.781
"2024_25","S45G01N254",20250401,"대구 한국가스공사","홈",1,98,-14,"2점",0,FALSE,0.57,-0.521,-0.592
"2024_25","S45G01N254",20250401,"대구 한국가스공사","홈",1,97,-14,"2점",0,FALSE,0.57,-0.521,-0.592
"2024_25","S45G01N254",20250401,"대구 한국가스공사","홈",2,587,-18,"3점",0,FALSE,0.68,-0.325,-0.665
"2024_25","S45G01N254",20250401,"대구 한국가스공사","홈",2,96,-24,"3점",1,FALSE,0.29,0.675,0.577
"2024_25","S45G01N254",20250401,"대구 한국가스공사","홈",3,471,-19,"2점",0,FALSE,0.3,-0.521,-0.311
"2024_25","S45G01N254",20250401,"대구 한국가스공사","홈",3,341,-23,"3점",1,FALSE,0.22,0.675,0.438
"2024_25","S45G01N254",20250401,"대구 한국가스공사","홈",3,258,-23,"2점",0,FALSE,0.11,-0.521,-0.112
"2024_25","S45G01N254",20250401,"대구 한국가스공사","홈",4,378,-20,"2점",0,FALSE,0.03,-0.521,-0.031
"2024_25","S45G01N255",20250402,"부산 KCC","원정",1,500,-5,"3점",1,FALSE,1.14,0.675,2.309
"2024_25","S45G01N255",20250402,"부산 KCC","원정",1,350,1,"2점",1,FALSE,0.78,0.479,0.751
"2024_25","S45G01N255",20250402,"부산 KCC","원정",1,314,1,"3점",0,FALSE,1.21,-0.325,-1.177
"2024_25","S45G01N255",20250402,"부산 KCC","원정",2,268,-8,"2점",1,FALSE,0.82,0.479,0.787
"2024_25","S45G01N255",20250402,"부산 KCC","원정",2,128,-11,"3점",0,FALSE,1.14,-0.325,-1.111
"2024_25","S45G01N255",20250402,"부산 KCC","원정",3,550,-9,"2점",1,FALSE,0.84,0.479,0.806
"2024_25","S45G01N255",20250402,"부산 KCC","원정",3,511,-7,"3점",0,FALSE,1.49,-0.325,-1.45
"2024_25","S45G01N255",20250402,"부산 KCC","원정",3,476,-5,"2점",1,FALSE,1.04,0.479,0.997
"2024_25","S45G01N255",20250402,"부산 KCC","원정",3,327,-6,"2점",0,FALSE,1.06,-0.521,-1.107
"2024_25","S45G01N255",20250402,"부산 KCC","원정",4,578,1,"3점",0,FALSE,2.23,-0.325,-2.176
"2024_25","S45G01N255",20250402,"부산 KCC","원정",4,538,-1,"3점",0,FALSE,2.4,-0.325,-2.347
"2024_25","S45G01N255",20250402,"부산 KCC","원정",4,380,-3,"2점",0,FALSE,1.78,-0.521,-1.853
"2024_25","S45G01N255",20250402,"부산 KCC","원정",4,343,-6,"3점",0,FALSE,2.3,-0.325,-2.247
"2024_25","S45G01N255",20250402,"부산 KCC","원정",4,221,-6,"3점",0,FALSE,2.47,-0.325,-2.414
"2024_25","S45G01N255",20250402,"부산 KCC","원정",4,142,-5,"2점",0,TRUE,1.82,-0.521,-1.901
"2024_25","S45G01N258",20250404,"부산 KCC","원정",1,562,-0,"3점",0,FALSE,1.15,-0.325,-1.122
"2024_25","S45G01N258",20250404,"부산 KCC","원정",1,529,-2,"2점",1,FALSE,0.76,0.479,0.725
"2024_25","S45G01N258",20250404,"부산 KCC","원정",1,467,-0,"3점",0,FALSE,1.17,-0.325,-1.145
"2024_25","S45G01N258",20250404,"부산 KCC","원정",1,334,-0,"2점",0,FALSE,0.79,-0.521,-0.825
"2024_25","S45G01N258",20250404,"부산 KCC","원정",2,444,-13,"2점",1,FALSE,0.61,0.479,0.587
"2024_25","S45G01N258",20250404,"부산 KCC","원정",2,192,-16,"3점",0,FALSE,0.78,-0.325,-0.756
"2024_25","S45G01N258",20250404,"부산 KCC","원정",2,8,-19,"3점",1,FALSE,0.53,0.675,1.08
"2024_25","S45G01N258",20250404,"부산 KCC","원정",3,324,-16,"3점",1,FALSE,0.68,0.675,1.379
"2024_25","S45G01N258",20250404,"부산 KCC","원정",3,283,-15,"3점",1,FALSE,0.76,0.675,1.546
"2024_25","S45G01N258",20250404,"부산 KCC","원정",3,224,-12,"3점",0,FALSE,1.08,-0.325,-1.056
"2024_25","S45G01N258",20250404,"부산 KCC","원정",3,148,-7,"3점",0,FALSE,1.7,-0.325,-1.663
"2024_25","S45G01N258",20250404,"부산 KCC","원정",4,432,2,"2점",0,FALSE,1.62,-0.521,-1.689
"2024_25","S45G01N259",20250404,"원주 DB","홈",3,484,1,"2점",1,FALSE,1.1,0.479,1.05
"2024_25","S45G01N259",20250404,"원주 DB","홈",3,325,-1,"3점",1,FALSE,1.84,0.675,3.723
"2024_25","S45G01N259",20250404,"원주 DB","홈",3,302,2,"3점",0,FALSE,1.77,-0.325,-1.724
"2024_25","S45G01N259",20250404,"원주 DB","홈",3,208,6,"3점",0,FALSE,1.48,-0.325,-1.442
"2024_25","S45G01N259",20250404,"원주 DB","홈",3,135,6,"3점",1,FALSE,1.51,0.675,3.048
"2024_25","S45G01N259",20250404,"원주 DB","홈",3,116,9,"2점",0,FALSE,0.76,-0.521,-0.796
"2024_25","S45G01N259",20250404,"원주 DB","홈",4,560,9,"3점",0,FALSE,1.04,-0.325,-1.018
"2024_25","S45G01N259",20250404,"원주 DB","홈",4,320,4,"2점",0,FALSE,1.49,-0.521,-1.552
"2024_25","S45G01N259",20250404,"원주 DB","홈",4,279,2,"2점",1,TRUE,1.93,0.479,1.845
"2024_25","S45G01N259",20250404,"원주 DB","홈",4,242,4,"2점",1,TRUE,1.55,0.479,1.481
"2024_25","S45G01N259",20250404,"원주 DB","홈",4,197,7,"3점",0,FALSE,0.9,-0.325,-0.874
"2024_25","S45G01N259",20250404,"원주 DB","홈",4,150,9,"3점",0,FALSE,0.23,-0.325,-0.227
"2024_25","S45G01N259",20250404,"원주 DB","홈",4,67,12,"2점",1,FALSE,0,0.479,0
"2024_25","S45G01N263",20250406,"서울 SK","원정",1,578,-0,"3점",1,FALSE,1.15,0.675,2.32
"2024_25","S45G01N263",20250406,"서울 SK","원정",1,348,-0,"2점",1,FALSE,0.79,0.479,0.755
"2024_25","S45G01N263",20250406,"서울 SK","원정",1,334,2,"3점",0,FALSE,1.19,-0.325,-1.158
"2024_25","S45G01N263",20250406,"서울 SK","원정",1,285,2,"3점",1,FALSE,1.2,0.675,2.429
"2024_25","S45G01N263",20250406,"서울 SK","원정",1,246,5,"3점",0,FALSE,1.14,-0.325,-1.111
"2024_25","S45G01N263",20250406,"서울 SK","원정",1,199,6,"2점",1,FALSE,0.74,0.479,0.709
"2024_25","S45G01N263",20250406,"서울 SK","원정",1,164,5,"3점",1,FALSE,1.16,0.675,2.344
"2024_25","S45G01N263",20250406,"서울 SK","원정",2,579,9,"3점",0,FALSE,1.03,-0.325,-1.001
"2024_25","S45G01N263",20250406,"서울 SK","원정",2,419,10,"3점",1,FALSE,0.99,0.675,2.003
"2024_25","S45G01N263",20250406,"서울 SK","원정",2,399,13,"2점",1,FALSE,0.55,0.479,0.523
"2024_25","S45G01N263",20250406,"서울 SK","원정",2,255,9,"2점",1,FALSE,0.72,0.479,0.689
"2024_25","S45G01N263",20250406,"서울 SK","원정",2,182,11,"3점",1,FALSE,0.94,0.675,1.899
"2024_25","S45G01N263",20250406,"서울 SK","원정",3,586,20,"2점",0,FALSE,0.22,-0.521,-0.229
"2024_25","S45G01N263",20250406,"서울 SK","원정",3,556,20,"3점",0,FALSE,0.3,-0.325,-0.296
"2024_25","S45G01N263",20250406,"서울 SK","원정",3,368,22,"3점",0,FALSE,0.16,-0.325,-0.157
"2024_25","S45G01N263",20250406,"서울 SK","원정",3,295,21,"3점",1,FALSE,0.17,0.675,0.347
"2024_25","S45G01N263",20250406,"서울 SK","원정",3,267,24,"3점",0,FALSE,0.08,-0.325,-0.078
"2024_25","S45G01N263",20250406,"서울 SK","원정",4,529,24,"3점",1,FALSE,0.01,0.675,0.028
"2024_25","S45G01N263",20250406,"서울 SK","원정",4,503,25,"3점",0,FALSE,0.01,-0.325,-0.007
"2024_25","S45G01N263",20250406,"서울 SK","원정",4,187,22,"3점",1,FALSE,0,0.675,0
"2024_25","S45G01N264",20250406,"울산 현대모비스","원정",1,533,-3,"2점",0,FALSE,0.75,-0.521,-0.783
"2024_25","S45G01N264",20250406,"울산 현대모비스","원정",1,350,-2,"3점",0,FALSE,1.21,-0.325,-1.179
"2024_25","S45G01N264",20250406,"울산 현대모비스","원정",2,558,-1,"2점",0,FALSE,0.87,-0.521,-0.91
"2024_25","S45G01N264",20250406,"울산 현대모비스","원정",2,134,4,"2점",1,FALSE,0.93,0.479,0.889
"2024_25","S45G01N264",20250406,"울산 현대모비스","원정",2,102,6,"3점",0,FALSE,1.3,-0.325,-1.268
"2024_25","S45G01N264",20250406,"울산 현대모비스","원정",3,376,-1,"3점",0,FALSE,1.79,-0.325,-1.747
"2024_25","S45G01N264",20250406,"울산 현대모비스","원정",3,114,5,"3점",0,FALSE,1.64,-0.325,-1.603
"2024_25","S45G01N264",20250406,"울산 현대모비스","원정",4,511,-1,"2점",0,FALSE,1.62,-0.521,-1.684
"2024_25","S45G01N264",20250406,"울산 현대모비스","원정",4,408,-6,"3점",0,FALSE,2.2,-0.325,-2.151
"2024_25","S45G01N264",20250406,"울산 현대모비스","원정",4,235,-10,"2점",1,FALSE,0.52,0.479,0.499
"2024_25","S45G01N264",20250406,"울산 현대모비스","원정",4,157,-8,"3점",0,FALSE,1.37,-0.325,-1.336
"2024_25","S45G01N264",20250406,"울산 현대모비스","원정",4,95,-10,"2점",1,FALSE,0.09,0.479,0.088
"2024_25","S45G01N268",20250408,"서울 SK","원정",1,469,-2,"3점",0,FALSE,1.18,-0.325,-1.148
"2024_25","S45G01N268",20250408,"서울 SK","원정",1,386,-1,"2점",1,FALSE,0.78,0.479,0.75
"2024_25","S45G01N268",20250408,"서울 SK","원정",1,192,-1,"2점",0,FALSE,0.82,-0.521,-0.855
"2024_25","S45G01N268",20250408,"서울 SK","원정",2,197,-5,"3점",0,FALSE,1.44,-0.325,-1.404
"2024_25","S45G01N268",20250408,"서울 SK","원정",3,401,-9,"3점",0,FALSE,1.38,-0.325,-1.344
"2024_25","S45G01N268",20250408,"서울 SK","원정",4,146,-6,"2점",0,FALSE,1.39,-0.521,-1.452
"2024_25","S45G01N270",20250408,"창원 LG","홈",1,300,-15,"3점",0,FALSE,0.84,-0.325,-0.816
"2024_25","S45G01N270",20250408,"창원 LG","홈",2,399,-20,"2점",0,FALSE,0.34,-0.521,-0.356
"2024_25","S45G01N270",20250408,"창원 LG","홈",2,321,-20,"3점",0,FALSE,0.54,-0.325,-0.526
"2024_25","S45G01N270",20250408,"창원 LG","홈",2,219,-17,"2점",1,FALSE,0.44,0.479,0.422
"2024_25","S45G01N270",20250408,"창원 LG","홈",4,283,-10,"3점",1,FALSE,1.08,0.675,2.194
"2024_25","S45G01N270",20250408,"창원 LG","홈",4,203,-4,"3점",0,TRUE,3.36,-0.325,-3.28
"2024_25","S45G01N270",20250408,"창원 LG","홈",4,186,-4,"3점",0,TRUE,3.46,-0.325,-3.379
"2024_25","S45G01N270",20250408,"창원 LG","홈",4,70,-7,"3점",1,FALSE,1.06,0.675,2.146
"2024_25","S45G01N270",20250408,"창원 LG","홈",4,56,-6,"3점",1,FALSE,1.6,0.675,3.234
"2024_25","S45G01N270",20250408,"창원 LG","홈",4,33,-3,"3점",1,TRUE,6.67,0.675,13.506
"2024_25","S45G01N270",20250408,"창원 LG","홈",4,1,0,"3점",0,TRUE,9.76,-0.325,-9.522
"2024_25","S45G01N29",20241102,"서울 삼성","원정",1,512,-5,"2점",0,FALSE,0.74,-0.521,-0.768
"2024_25","S45G01N29",20241102,"서울 삼성","원정",1,340,-6,"2점",1,FALSE,0.75,0.479,0.718
"2024_25","S45G01N29",20241102,"고양 소노","홈",1,188,4,"3점",0,FALSE,1.18,-0.325,-1.153
"2024_25","S45G01N29",20241102,"서울 삼성","원정",1,64,-0,"3점",1,FALSE,1.29,0.675,2.617
"2024_25","S45G01N29",20241102,"서울 삼성","원정",2,553,3,"3점",1,FALSE,1.28,0.675,2.587
"2024_25","S45G01N29",20241102,"서울 삼성","원정",2,476,8,"3점",0,FALSE,1.09,-0.325,-1.068
"2024_25","S45G01N29",20241102,"서울 삼성","원정",2,472,8,"2점",1,FALSE,0.73,0.479,0.7
"2024_25","S45G01N29",20241102,"고양 소노","홈",2,443,-10,"2점",0,FALSE,0.73,-0.521,-0.756
"2024_25","S45G01N29",20241102,"서울 삼성","원정",2,322,13,"3점",0,FALSE,0.8,-0.325,-0.784
"2024_25","S45G01N29",20241102,"서울 삼성","원정",2,99,9,"3점",0,FALSE,1.09,-0.325,-1.064
"2024_25","S45G01N29",20241102,"서울 삼성","원정",2,16,5,"3점",0,FALSE,1.39,-0.325,-1.359
"2024_25","S45G01N29",20241102,"서울 삼성","원정",3,554,3,"3점",0,FALSE,1.54,-0.325,-1.499
"2024_25","S45G01N29",20241102,"서울 삼성","원정",3,535,3,"3점",1,FALSE,1.55,0.675,3.132
"2024_25","S45G01N29",20241102,"고양 소노","홈",3,476,-8,"3점",0,FALSE,1.43,-0.325,-1.397
"2024_25","S45G01N29",20241102,"고양 소노","홈",3,368,-8,"2점",1,FALSE,0.94,0.479,0.897
"2024_25","S45G01N29",20241102,"고양 소노","홈",3,270,-6,"3점",0,FALSE,1.71,-0.325,-1.665
"2024_25","S45G01N29",20241102,"서울 삼성","원정",4,567,5,"3점",1,FALSE,1.73,0.675,3.504
"2024_25","S45G01N29",20241102,"서울 삼성","원정",4,531,6,"3점",1,FALSE,1.57,0.675,3.177
"2024_25","S45G01N29",20241102,"서울 삼성","원정",4,464,7,"3점",0,FALSE,1.37,-0.325,-1.333
"2024_25","S45G01N29",20241102,"고양 소노","홈",4,395,-7,"2점",1,FALSE,1.22,0.479,1.167
"2024_25","S45G01N29",20241102,"고양 소노","홈",4,335,-5,"3점",0,FALSE,2.57,-0.325,-2.508
"2024_25","S45G01N29",20241102,"서울 삼성","원정",4,321,5,"2점",0,FALSE,1.29,-0.521,-1.345
"2024_25","S45G01N29",20241102,"서울 삼성","원정",4,231,2,"3점",0,TRUE,2.97,-0.325,-2.9
"2024_25","S45G01N33",20241104,"원주 DB","원정",1,453,-4,"2점",0,FALSE,0.76,-0.521,-0.789
"2024_25","S45G01N33",20241104,"원주 DB","원정",1,347,-5,"3점",0,FALSE,1.18,-0.325,-1.15
"2024_25","S45G01N33",20241104,"원주 DB","원정",1,168,-8,"3점",0,FALSE,1.15,-0.325,-1.12
"2024_25","S45G01N33",20241104,"원주 DB","원정",1,128,-6,"2점",1,FALSE,0.79,0.479,0.752
"2024_25","S45G01N33",20241104,"원주 DB","원정",1,18,-4,"2점",1,FALSE,0.84,0.479,0.803
"2024_25","S45G01N33",20241104,"원주 DB","원정",2,559,-2,"3점",0,FALSE,1.34,-0.325,-1.303
"2024_25","S45G01N33",20241104,"원주 DB","원정",2,476,-0,"3점",0,FALSE,1.36,-0.325,-1.33
"2024_25","S45G01N33",20241104,"원주 DB","원정",3,579,-3,"2점",1,FALSE,1.05,0.479,1.003
"2024_25","S45G01N33",20241104,"원주 DB","원정",3,542,-1,"3점",1,FALSE,1.66,0.675,3.353
"2024_25","S45G01N33",20241104,"원주 DB","원정",3,291,8,"2점",1,FALSE,0.84,0.479,0.804
"2024_25","S45G01N33",20241104,"원주 DB","원정",3,64,9,"2점",0,FALSE,0.76,-0.521,-0.79
"2024_25","S45G01N33",20241104,"원주 DB","원정",4,390,5,"2점",1,FALSE,1.27,0.479,1.215
"2024_25","S45G01N33",20241104,"원주 DB","원정",4,341,10,"2점",1,FALSE,0.45,0.479,0.432
"2024_25","S45G01N33",20241104,"원주 DB","원정",4,308,12,"3점",0,FALSE,0.27,-0.325,-0.268
"2024_25","S45G01N33",20241104,"원주 DB","원정",4,90,11,"3점",0,FALSE,0.01,-0.325,-0.006
"2024_25","S45G01N33",20241104,"원주 DB","원정",4,26,12,"3점",0,FALSE,0,-0.325,-0
"2024_25","S45G01N33",20241104,"원주 DB","원정",4,11,12,"3점",1,FALSE,0,0.675,0
"2024_25","S45G01N36",20241107,"창원 LG","홈",1,272,-3,"3점",0,FALSE,1.22,-0.325,-1.195
"2024_25","S45G01N36",20241107,"창원 LG","홈",2,358,5,"2점",0,FALSE,0.84,-0.521,-0.879
"2024_25","S45G01N36",20241107,"창원 LG","홈",2,37,1,"3점",0,FALSE,1.56,-0.325,-1.524
"2024_25","S45G01N36",20241107,"창원 LG","홈",3,134,-6,"2점",1,FALSE,1.16,0.479,1.107
"2024_25","S45G01N36",20241107,"창원 LG","홈",3,1,-11,"2점",0,FALSE,0.71,-0.521,-0.745
"2024_25","S45G01N36",20241107,"창원 LG","홈",4,68,-5,"3점",0,TRUE,3.02,-0.325,-2.943
"2024_25","S45G01N39",20241108,"대구 한국가스공사","원정",1,279,-11,"3점",0,FALSE,1.01,-0.325,-0.99
"2024_25","S45G01N39",20241108,"대구 한국가스공사","원정",1,172,-10,"2점",0,FALSE,0.69,-0.521,-0.716
"2024_25","S45G01N39",20241108,"대구 한국가스공사","원정",2,555,-12,"2점",0,FALSE,0.64,-0.521,-0.671
"2024_25","S45G01N39",20241108,"대구 한국가스공사","원정",2,433,-16,"3점",0,FALSE,0.79,-0.325,-0.77
"2024_25","S45G01N39",20241108,"대구 한국가스공사","원정",2,345,-22,"3점",0,FALSE,0.44,-0.325,-0.426
"2024_25","S45G01N4",20241020,"수원 KT","원정",1,542,-0,"2점",0,FALSE,0.76,-0.521,-0.787
"2024_25","S45G01N4",20241020,"수원 KT","원정",1,190,-3,"3점",0,FALSE,1.25,-0.325,-1.219
"2024_25","S45G01N4",20241020,"수원 KT","원정",2,435,-6,"2점",0,FALSE,0.84,-0.521,-0.88
"2024_25","S45G01N4",20241020,"수원 KT","원정",2,240,-3,"3점",1,FALSE,1.46,0.675,2.965
"2024_25","S45G01N4",20241020,"수원 KT","원정",3,479,-17,"3점",0,FALSE,0.64,-0.325,-0.629
"2024_25","S45G01N4",20241020,"수원 KT","원정",4,434,-15,"2점",1,FALSE,0.24,0.479,0.233
"2024_25","S45G01N4",20241020,"수원 KT","원정",4,365,-15,"3점",0,FALSE,0.34,-0.325,-0.327
"2024_25","S45G01N42",20241109,"안양 정관장","원정",1,561,-2,"2점",0,FALSE,0.75,-0.521,-0.783
"2024_25","S45G01N42",20241109,"안양 정관장","원정",1,399,-5,"3점",0,FALSE,1.17,-0.325,-1.137
"2024_25","S45G01N42",20241109,"안양 정관장","원정",2,246,-24,"3점",1,FALSE,0.32,0.675,0.651
"2024_25","S45G01N42",20241109,"안양 정관장","원정",2,199,-23,"3점",0,FALSE,0.36,-0.325,-0.347
"2024_25","S45G01N42",20241109,"안양 정관장","원정",2,12,-26,"3점",1,FALSE,0.19,0.675,0.38
"2024_25","S45G01N42",20241109,"안양 정관장","원정",3,411,-29,"3점",0,FALSE,0.07,-0.325,-0.067
"2024_25","S45G01N53",20241128,"수원 KT","홈",1,131,-3,"2점",0,FALSE,0.82,-0.521,-0.859
"2024_25","S45G01N53",20241128,"수원 KT","홈",1,121,-3,"3점",0,FALSE,1.27,-0.325,-1.241
"2024_25","S45G01N53",20241128,"수원 KT","홈",1,5,-1,"2점",0,FALSE,0.86,-0.521,-0.898
"2024_25","S45G01N53",20241128,"수원 KT","홈",2,509,-2,"2점",0,FALSE,0.88,-0.521,-0.92
"2024_25","S45G01N53",20241128,"수원 KT","홈",2,402,-3,"3점",0,FALSE,1.39,-0.325,-1.356
"2024_25","S45G01N53",20241128,"수원 KT","홈",2,328,-8,"2점",0,FALSE,0.81,-0.521,-0.845
"2024_25","S45G01N53",20241128,"수원 KT","홈",3,366,-10,"2점",0,FALSE,0.81,-0.521,-0.845
"2024_25","S45G01N53",20241128,"수원 KT","홈",3,289,-8,"3점",0,FALSE,1.52,-0.325,-1.481
"2024_25","S45G01N53",20241128,"수원 KT","홈",4,548,-11,"2점",0,FALSE,0.7,-0.521,-0.727
"2024_25","S45G01N59",20241130,"원주 DB","홈",1,502,3,"2점",0,FALSE,0.74,-0.521,-0.773
"2024_25","S45G01N59",20241130,"원주 DB","홈",2,101,4,"2점",1,FALSE,0.94,0.479,0.899
"2024_25","S45G01N59",20241130,"원주 DB","홈",3,429,-1,"2점",1,FALSE,1.14,0.479,1.092
"2024_25","S45G01N59",20241130,"원주 DB","홈",3,363,-3,"2점",0,FALSE,1.15,-0.521,-1.203
"2024_25","S45G01N59",20241130,"원주 DB","홈",4,583,-13,"2점",1,FALSE,0.51,0.479,0.489
"2024_25","S45G01N59",20241130,"원주 DB","홈",4,362,-8,"2점",0,FALSE,1.05,-0.521,-1.093
"2024_25","S45G01N59",20241130,"원주 DB","홈",4,272,-5,"2점",0,TRUE,1.69,-0.521,-1.758
"2024_25","S45G01N59",20241130,"원주 DB","홈",4,149,-7,"3점",0,FALSE,1.86,-0.325,-1.815
"2024_25","S45G01N59",20241130,"원주 DB","홈",4,143,-7,"3점",0,FALSE,1.83,-0.325,-1.787
"2024_25","S45G01N6",20241020,"울산 현대모비스","원정",1,531,-0,"2점",1,FALSE,0.76,0.479,0.725
"2024_25","S45G01N6",20241020,"울산 현대모비스","원정",1,461,-0,"2점",0,FALSE,0.77,-0.521,-0.801
"2024_25","S45G01N6",20241020,"울산 현대모비스","원정",1,375,2,"2점",0,FALSE,0.77,-0.521,-0.805
"2024_25","S45G01N6",20241020,"울산 현대모비스","원정",1,307,-0,"3점",0,FALSE,1.22,-0.325,-1.187
"2024_25","S45G01N6",20241020,"울산 현대모비스","원정",1,227,5,"3점",1,FALSE,1.14,0.675,2.314
"2024_25","S45G01N6",20241020,"울산 현대모비스","원정",1,188,10,"2점",1,FALSE,0.64,0.479,0.609
"2024_25","S45G01N6",20241020,"울산 현대모비스","원정",1,135,6,"2점",1,FALSE,0.75,0.479,0.718
"2024_25","S45G01N6",20241020,"울산 현대모비스","원정",1,99,6,"2점",0,FALSE,0.76,-0.521,-0.787
"2024_25","S45G01N6",20241020,"울산 현대모비스","원정",1,68,4,"2점",0,FALSE,0.8,-0.521,-0.836
"2024_25","S45G01N6",20241020,"울산 현대모비스","원정",1,6,1,"3점",0,FALSE,1.3,-0.325,-1.27
"2024_25","S45G01N6",20241020,"울산 현대모비스","원정",2,588,1,"2점",0,FALSE,0.86,-0.521,-0.895
"2024_25","S45G01N6",20241020,"울산 현대모비스","원정",2,557,-1,"3점",1,FALSE,1.34,0.675,2.706
"2024_25","S45G01N6",20241020,"울산 현대모비스","원정",2,478,5,"2점",1,FALSE,0.82,0.479,0.784
"2024_25","S45G01N6",20241020,"울산 현대모비스","원정",2,442,4,"3점",1,FALSE,1.28,0.675,2.597
"2024_25","S45G01N6",20241020,"울산 현대모비스","원정",2,265,12,"2점",0,FALSE,0.59,-0.521,-0.614
"2024_25","S45G01N6",20241020,"울산 현대모비스","원정",2,221,10,"3점",0,FALSE,1.01,-0.325,-0.983
"2024_25","S45G01N6",20241020,"울산 현대모비스","원정",2,163,11,"3점",1,FALSE,0.94,0.675,1.9
"2024_25","S45G01N6",20241020,"울산 현대모비스","원정",2,139,14,"2점",1,FALSE,0.49,0.479,0.471
"2024_25","S45G01N6",20241020,"울산 현대모비스","원정",2,38,17,"3점",0,FALSE,0.5,-0.325,-0.484
"2024_25","S45G01N6",20241020,"울산 현대모비스","원정",3,584,17,"2점",0,FALSE,0.33,-0.521,-0.348
"2024_25","S45G01N6",20241020,"울산 현대모비스","원정",3,500,14,"2점",1,FALSE,0.47,0.479,0.446
"2024_25","S45G01N6",20241020,"울산 현대모비스","원정",3,480,16,"2점",0,FALSE,0.36,-0.521,-0.375
"2024_25","S45G01N6",20241020,"울산 현대모비스","원정",3,445,16,"3점",0,FALSE,0.5,-0.325,-0.492
"2024_25","S45G01N6",20241020,"울산 현대모비스","원정",3,330,18,"3점",0,FALSE,0.33,-0.325,-0.319
"2024_25","S45G01N6",20241020,"울산 현대모비스","원정",3,266,18,"3점",1,FALSE,0.3,0.675,0.604
"2024_25","S45G01N6",20241020,"울산 현대모비스","원정",3,4,16,"2점",1,FALSE,0.2,0.479,0.189
"2024_25","S45G01N6",20241020,"울산 현대모비스","원정",4,577,15,"3점",0,FALSE,0.32,-0.325,-0.314
"2024_25","S45G01N6",20241020,"울산 현대모비스","원정",4,387,18,"2점",1,FALSE,0.04,0.479,0.035
"2024_25","S45G01N6",20241020,"울산 현대모비스","원정",4,308,16,"2점",1,FALSE,0.04,0.479,0.039
"2024_25","S45G01N6",20241020,"울산 현대모비스","원정",4,273,18,"2점",1,FALSE,0.01,0.479,0.008
"2024_25","S45G01N6",20241020,"울산 현대모비스","원정",4,226,18,"2점",1,FALSE,0,0.479,0.003
"2024_25","S45G01N6",20241020,"울산 현대모비스","원정",4,211,20,"3점",1,FALSE,0,0.675,0.001
"2024_25","S45G01N63",20241202,"울산 현대모비스","홈",1,569,0,"2점",1,FALSE,0.75,0.479,0.719
"2024_25","S45G01N63",20241202,"울산 현대모비스","홈",1,481,-6,"3점",0,FALSE,1.13,-0.325,-1.1
"2024_25","S45G01N63",20241202,"울산 현대모비스","홈",1,333,-5,"2점",1,FALSE,0.77,0.479,0.733
"2024_25","S45G01N63",20241202,"울산 현대모비스","홈",2,449,-14,"2점",0,FALSE,0.57,-0.521,-0.598
"2024_25","S45G01N63",20241202,"울산 현대모비스","홈",2,366,-12,"2점",0,FALSE,0.66,-0.521,-0.685
"2024_25","S45G01N63",20241202,"울산 현대모비스","홈",2,285,-12,"3점",0,FALSE,1.05,-0.325,-1.023
"2024_25","S45G01N63",20241202,"울산 현대모비스","홈",2,211,-16,"2점",1,FALSE,0.48,0.479,0.463
"2024_25","S45G01N63",20241202,"울산 현대모비스","홈",2,184,-14,"2점",1,FALSE,0.57,0.479,0.55
"2024_25","S45G01N63",20241202,"울산 현대모비스","홈",2,53,-18,"2점",1,FALSE,0.38,0.479,0.361
"2024_25","S45G01N63",20241202,"울산 현대모비스","홈",2,25,-16,"3점",1,FALSE,0.76,0.675,1.529
"2024_25","S45G01N63",20241202,"울산 현대모비스","홈",3,479,-12,"2점",1,FALSE,0.68,0.479,0.65
"2024_25","S45G01N63",20241202,"울산 현대모비스","홈",3,403,-13,"2점",0,FALSE,0.61,-0.521,-0.64
"2024_25","S45G01N63",20241202,"울산 현대모비스","홈",3,5,-20,"3점",0,FALSE,0.2,-0.325,-0.191
"2024_25","S45G01N63",20241202,"울산 현대모비스","홈",4,558,-18,"2점",1,FALSE,0.16,0.479,0.154
"2024_25","S45G01N63",20241202,"울산 현대모비스","홈",4,389,-18,"3점",0,FALSE,0.14,-0.325,-0.134
"2024_25","S45G01N67",20241205,"대구 한국가스공사","원정",1,279,1,"2점",0,FALSE,0.8,-0.521,-0.831
"2024_25","S45G01N67",20241205,"대구 한국가스공사","원정",2,231,6,"3점",0,FALSE,1.26,-0.325,-1.229
"2024_25","S45G01N67",20241205,"대구 한국가스공사","원정",2,192,4,"2점",0,FALSE,0.91,-0.521,-0.951
"2024_25","S45G01N67",20241205,"대구 한국가스공사","원정",3,491,8,"3점",0,FALSE,1.2,-0.325,-1.173
"2024_25","S45G01N67",20241205,"대구 한국가스공사","원정",3,347,7,"3점",1,FALSE,1.33,0.675,2.685
"2024_25","S45G01N67",20241205,"대구 한국가스공사","원정",3,257,9,"2점",1,FALSE,0.77,0.479,0.735
"2024_25","S45G01N67",20241205,"대구 한국가스공사","원정",4,551,13,"3점",0,FALSE,0.48,-0.325,-0.471
"2024_25","S45G01N67",20241205,"대구 한국가스공사","원정",4,540,13,"3점",0,FALSE,0.47,-0.325,-0.461
"2024_25","S45G01N67",20241205,"대구 한국가스공사","원정",4,288,13,"2점",0,FALSE,0.12,-0.521,-0.13
"2024_25","S45G01N67",20241205,"대구 한국가스공사","원정",4,65,15,"2점",0,FALSE,0,-0.521,-0
"2024_25","S45G01N71",20241207,"부산 KCC","홈",1,435,4,"3점",1,FALSE,1.12,0.675,2.272
"2024_25","S45G01N71",20241207,"부산 KCC","홈",1,302,7,"3점",0,FALSE,1.06,-0.325,-1.035
"2024_25","S45G01N71",20241207,"부산 KCC","홈",1,192,7,"2점",0,FALSE,0.72,-0.521,-0.748
"2024_25","S45G01N71",20241207,"부산 KCC","홈",2,396,-6,"2점",1,FALSE,0.85,0.479,0.817
"2024_25","S45G01N71",20241207,"부산 KCC","홈",2,278,-4,"3점",1,FALSE,1.43,0.675,2.891
"2024_25","S45G01N71",20241207,"부산 KCC","홈",2,221,-3,"3점",0,FALSE,1.47,-0.325,-1.439
"2024_25","S45G01N71",20241207,"부산 KCC","홈",2,119,-5,"3점",0,FALSE,1.48,-0.325,-1.441
"2024_25","S45G01N71",20241207,"부산 KCC","홈",2,1,-8,"3점",0,FALSE,1.38,-0.325,-1.347
"2024_25","S45G01N71",20241207,"부산 KCC","홈",3,408,-11,"3점",0,FALSE,1.19,-0.325,-1.159
"2024_25","S45G01N71",20241207,"부산 KCC","홈",3,353,-13,"3점",0,FALSE,0.99,-0.325,-0.962
"2024_25","S45G01N78",20241211,"안양 정관장","원정",1,502,3,"2점",1,FALSE,0.74,0.479,0.711
"2024_25","S45G01N78",20241211,"안양 정관장","원정",1,413,1,"3점",1,FALSE,1.18,0.675,2.387
"2024_25","S45G01N78",20241211,"안양 정관장","원정",2,438,-5,"3점",1,FALSE,1.34,0.675,2.707
"2024_25","S45G01N78",20241211,"안양 정관장","원정",2,93,-5,"3점",1,FALSE,1.49,0.675,3.017
"2024_25","S45G01N78",20241211,"안양 정관장","원정",3,585,-2,"2점",1,FALSE,1.06,0.479,1.013
"2024_25","S45G01N78",20241211,"안양 정관장","원정",3,354,4,"3점",0,FALSE,1.59,-0.325,-1.555
"2024_25","S45G01N78",20241211,"안양 정관장","원정",3,220,6,"3점",0,FALSE,1.47,-0.325,-1.438
"2024_25","S45G01N78",20241211,"안양 정관장","원정",3,195,4,"2점",0,FALSE,1.14,-0.521,-1.19
"2024_25","S45G01N78",20241211,"안양 정관장","원정",4,489,8,"2점",0,FALSE,0.83,-0.521,-0.866
"2024_25","S45G01N78",20241211,"안양 정관장","원정",4,216,7,"3점",1,FALSE,0.97,0.675,1.969
"2024_25","S45G01N78",20241211,"안양 정관장","원정",4,175,10,"3점",0,FALSE,0.19,-0.325,-0.189
"2024_25","S45G01N78",20241211,"안양 정관장","원정",4,113,9,"2점",1,FALSE,0.09,0.479,0.088
"2024_25","S45G01N78",20241211,"안양 정관장","원정",4,57,13,"3점",0,FALSE,0,-0.325,-0
"2024_25","S45G01N81",20241213,"고양 소노","원정",1,454,-4,"2점",1,FALSE,0.76,0.479,0.724
"2024_25","S45G01N81",20241213,"고양 소노","원정",1,350,-7,"2점",0,FALSE,0.73,-0.521,-0.763
"2024_25","S45G01N81",20241213,"서울 삼성","홈",1,189,5,"3점",0,FALSE,1.15,-0.325,-1.124
"2024_25","S45G01N81",20241213,"서울 삼성","홈",1,23,1,"2점",1,FALSE,0.85,0.479,0.814
"2024_25","S45G01N81",20241213,"서울 삼성","홈",1,5,3,"2점",0,FALSE,0.83,-0.521,-0.867
"2024_25","S45G01N81",20241213,"고양 소노","원정",2,561,-2,"3점",0,FALSE,1.33,-0.325,-1.302
"2024_25","S45G01N81",20241213,"고양 소노","원정",2,528,-5,"3점",0,FALSE,1.3,-0.325,-1.273
"2024_25","S45G01N81",20241213,"고양 소노","원정",2,161,-7,"2점",1,FALSE,0.88,0.479,0.843
"2024_25","S45G01N81",20241213,"서울 삼성","홈",2,73,3,"2점",0,FALSE,0.98,-0.521,-1.017
"2024_25","S45G01N81",20241213,"서울 삼성","홈",2,13,1,"2점",1,FALSE,1.04,0.479,0.994
"2024_25","S45G01N81",20241213,"서울 삼성","홈",3,531,3,"3점",0,FALSE,1.55,-0.325,-1.512
"2024_25","S45G01N81",20241213,"고양 소노","원정",3,520,-3,"3점",1,FALSE,1.66,0.675,3.352
"2024_25","S45G01N81",20241213,"고양 소노","원정",3,386,-1,"3점",1,FALSE,1.78,0.675,3.606
"2024_25","S45G01N81",20241213,"서울 삼성","홈",3,232,1,"3점",0,FALSE,1.89,-0.325,-1.839
"2024_25","S45G01N81",20241213,"고양 소노","원정",3,169,-1,"3점",0,FALSE,2.02,-0.325,-1.967
"2024_25","S45G01N81",20241213,"고양 소노","원정",3,106,-5,"3점",0,FALSE,1.94,-0.325,-1.895
"2024_25","S45G01N81",20241213,"서울 삼성","홈",4,580,1,"3점",0,FALSE,2.23,-0.325,-2.173
"2024_25","S45G01N81",20241213,"고양 소노","원정",4,503,4,"2점",1,FALSE,1.33,0.479,1.276
"2024_25","S45G01N81",20241213,"서울 삼성","홈",4,449,-6,"3점",1,FALSE,2.15,0.675,4.343
"2024_25","S45G01N81",20241213,"고양 소노","원정",4,431,3,"2점",1,FALSE,1.52,0.479,1.453
"2024_25","S45G01N81",20241213,"고양 소노","원정",4,392,5,"2점",1,FALSE,1.27,0.479,1.215
"2024_25","S45G01N81",20241213,"서울 삼성","홈",4,375,-7,"3점",0,FALSE,2.01,-0.325,-1.957
"2024_25","S45G01N81",20241213,"서울 삼성","홈",4,290,-8,"3점",0,FALSE,1.72,-0.325,-1.674
"2024_25","S45G01N81",20241213,"고양 소노","원정",4,249,5,"2점",1,TRUE,1.28,0.479,1.23
"2024_25","S45G01N81",20241213,"고양 소노","원정",4,133,4,"3점",0,TRUE,1.96,-0.325,-1.911
"2024_25","S45G01N81",20241213,"서울 삼성","홈",4,112,-4,"2점",0,TRUE,2.36,-0.521,-2.456
"2024_25","S45G01N81",20241213,"서울 삼성","홈",4,31,-7,"3점",0,FALSE,0.22,-0.325,-0.216
"2024_25","S45G01N87",20241215,"안양 정관장","원정",1,509,-2,"3점",0,FALSE,1.17,-0.325,-1.138
"2024_25","S45G01N87",20241215,"안양 정관장","원정",1,424,3,"2점",1,FALSE,0.75,0.479,0.722
"2024_25","S45G01N87",20241215,"안양 정관장","원정",1,390,4,"2점",0,FALSE,0.75,-0.521,-0.778
"2024_25","S45G01N87",20241215,"안양 정관장","원정",1,308,2,"3점",1,FALSE,1.19,0.675,2.416
"2024_25","S45G01N87",20241215,"안양 정관장","원정",1,267,2,"3점",1,FALSE,1.2,0.675,2.439
"2024_25","S45G01N87",20241215,"안양 정관장","원정",1,238,5,"3점",1,FALSE,1.14,0.675,2.309
"2024_25","S45G01N87",20241215,"안양 정관장","원정",1,198,7,"3점",1,FALSE,1.08,0.675,2.185
"2024_25","S45G01N87",20241215,"안양 정관장","원정",2,436,12,"2점",0,FALSE,0.59,-0.521,-0.611
"2024_25","S45G01N87",20241215,"안양 정관장","원정",2,227,7,"3점",1,FALSE,1.2,0.675,2.434
"2024_25","S45G01N87",20241215,"안양 정관장","원정",2,182,7,"3점",0,FALSE,1.21,-0.325,-1.184
"2024_25","S45G01N87",20241215,"안양 정관장","원정",3,520,7,"3점",0,FALSE,1.28,-0.325,-1.25
"2024_25","S45G01N87",20241215,"안양 정관장","원정",3,480,4,"2점",0,FALSE,1.01,-0.521,-1.056
"2024_25","S45G01N87",20241215,"안양 정관장","원정",3,430,4,"2점",0,FALSE,1.03,-0.521,-1.077
"2024_25","S45G01N87",20241215,"안양 정관장","원정",3,259,-1,"3점",1,FALSE,1.91,0.675,3.862
"2024_25","S45G01N87",20241215,"안양 정관장","원정",3,18,5,"2점",0,FALSE,1.16,-0.521,-1.208
"2024_25","S45G01N87",20241215,"안양 정관장","원정",3,13,5,"2점",0,FALSE,1.16,-0.521,-1.211
"2024_25","S45G01N87",20241215,"안양 정관장","원정",4,575,2,"3점",0,FALSE,2.14,-0.325,-2.091
"2024_25","S45G01N87",20241215,"안양 정관장","원정",4,446,-3,"2점",0,FALSE,1.65,-0.521,-1.724
"2024_25","S45G01N87",20241215,"안양 정관장","원정",4,439,-3,"2점",1,FALSE,1.67,0.479,1.595
"2024_25","S45G01N87",20241215,"안양 정관장","원정",4,360,1,"3점",0,FALSE,2.75,-0.325,-2.683
"2024_25","S45G01N87",20241215,"안양 정관장","원정",4,295,1,"2점",1,TRUE,2.02,0.479,1.934
"2024_25","S45G01N87",20241215,"안양 정관장","원정",4,266,3,"2점",0,TRUE,1.76,-0.521,-1.836
"2024_25","S45G01N87",20241215,"안양 정관장","원정",4,192,-0,"3점",0,TRUE,3.83,-0.325,-3.74
"2024_25","S45G01N87",20241215,"안양 정관장","원정",4,2,-1,"2점",0,TRUE,15.54,-0.521,-16.195
"2024_25","S45G01N88",20241215,"서울 SK","원정",2,446,-3,"2점",1,FALSE,0.89,0.479,0.853
"2024_25","S45G01N88",20241215,"서울 SK","원정",2,384,-3,"2점",1,FALSE,0.91,0.479,0.869
"2024_25","S45G01N88",20241215,"서울 SK","원정",2,349,-2,"2점",1,FALSE,0.93,0.479,0.887
"2024_25","S45G01N88",20241215,"서울 SK","원정",2,320,-0,"3점",0,FALSE,1.43,-0.325,-1.395
"2024_25","S45G01N88",20241215,"서울 SK","원정",2,278,-3,"3점",0,FALSE,1.45,-0.325,-1.411
"2024_25","S45G01N88",20241215,"서울 SK","원정",2,248,-1,"2점",0,FALSE,0.96,-0.521,-1.002
"2024_25","S45G01N88",20241215,"서울 SK","원정",2,89,-0,"2점",1,FALSE,1.02,0.479,0.973
"2024_25","S45G01N88",20241215,"서울 SK","원정",3,582,5,"2점",0,FALSE,0.94,-0.521,-0.979
"2024_25","S45G01N88",20241215,"서울 SK","원정",3,460,2,"3점",0,FALSE,1.64,-0.325,-1.603
"2024_25","S45G01N88",20241215,"서울 SK","원정",3,414,5,"3점",0,FALSE,1.48,-0.325,-1.446
"2024_25","S45G01N88",20241215,"서울 SK","원정",4,523,3,"2점",0,FALSE,1.41,-0.521,-1.474
"2024_25","S45G01N88",20241215,"서울 SK","원정",4,371,-3,"3점",0,FALSE,2.8,-0.325,-2.736
"2024_25","S45G01N88",20241215,"서울 SK","원정",4,277,-5,"2점",1,TRUE,1.68,0.479,1.609
"2024_25","S45G01N88",20241215,"서울 SK","원정",4,121,-3,"2점",1,TRUE,2.8,0.479,2.685
"2024_25","S45G01N88",20241215,"서울 SK","원정",4,28,1,"2점",1,TRUE,4.09,0.479,3.912
"2024_25","S45G01N9",20241023,"부산 KCC","원정",1,572,-0,"2점",1,FALSE,0.75,0.479,0.719
"2024_25","S45G01N9",20241023,"부산 KCC","원정",1,531,2,"2점",0,FALSE,0.75,-0.521,-0.778
"2024_25","S45G01N9",20241023,"부산 KCC","원정",1,384,1,"3점",0,FALSE,1.19,-0.325,-1.158
"2024_25","S45G01N9",20241023,"부산 KCC","원정",1,156,-0,"3점",0,FALSE,1.26,-0.325,-1.232
"2024_25","S45G01N9",20241023,"부산 KCC","원정",2,397,2,"2점",0,FALSE,0.9,-0.521,-0.934
"2024_25","S45G01N9",20241023,"부산 KCC","원정",2,358,-0,"3점",1,FALSE,1.41,0.675,2.859
"2024_25","S45G01N9",20241023,"부산 KCC","원정",2,258,2,"2점",1,FALSE,0.94,0.479,0.896
"2024_25","S45G01N9",20241023,"부산 KCC","원정",2,0,3,"3점",0,FALSE,1.51,-0.325,-1.474
"2024_25","S45G01N9",20241023,"부산 KCC","원정",3,542,5,"2점",1,FALSE,0.95,0.479,0.911
"2024_25","S45G01N9",20241023,"부산 KCC","원정",3,264,6,"3점",0,FALSE,1.46,-0.325,-1.421
"2024_25","S45G01N9",20241023,"부산 KCC","원정",3,203,8,"3점",0,FALSE,1.24,-0.325,-1.209
"2024_25","S45G01N9",20241023,"부산 KCC","원정",3,199,8,"3점",0,FALSE,1.24,-0.325,-1.209
"2024_25","S45G01N9",20241023,"부산 KCC","원정",3,129,5,"2점",0,FALSE,1.11,-0.521,-1.154
"2024_25","S45G01N9",20241023,"부산 KCC","원정",4,555,3,"3점",0,FALSE,2.05,-0.325,-2
"2024_25","S45G01N9",20241023,"부산 KCC","원정",4,317,4,"2점",1,FALSE,1.49,0.479,1.428
"2024_25","S45G01N9",20241023,"부산 KCC","원정",4,151,9,"3점",1,FALSE,0.24,0.675,0.479
"2024_25","S45G01N9",20241023,"부산 KCC","원정",4,120,9,"2점",0,FALSE,0.11,-0.521,-0.114
"2024_25","S45G01N90",20241217,"창원 LG","원정",1,551,-0,"2점",1,FALSE,0.75,0.479,0.722
"2024_25","S45G01N90",20241217,"창원 LG","원정",1,226,-8,"2점",1,FALSE,0.73,0.479,0.699
"2024_25","S45G01N90",20241217,"창원 LG","원정",2,308,-9,"2점",1,FALSE,0.78,0.479,0.747
"2024_25","S45G01N90",20241217,"창원 LG","원정",2,248,-4,"2점",0,FALSE,0.93,-0.521,-0.973
"2024_25","S45G01N90",20241217,"창원 LG","원정",2,226,-7,"2점",1,FALSE,0.86,0.479,0.828
"2024_25","S45G01N90",20241217,"창원 LG","원정",3,558,-14,"2점",0,FALSE,0.57,-0.521,-0.59
"2024_25","S45G01N90",20241217,"창원 LG","원정",3,516,-16,"2점",0,FALSE,0.45,-0.521,-0.471
"2024_25","S45G01N90",20241217,"창원 LG","원정",3,355,-14,"2점",0,FALSE,0.54,-0.521,-0.567
"2024_25","S45G01N90",20241217,"창원 LG","원정",4,552,-23,"2점",0,FALSE,0.03,-0.521,-0.036
"2024_25","S45G01N90",20241217,"창원 LG","원정",4,524,-21,"2점",1,FALSE,0.06,0.479,0.055
"2024_25","S45G01N91",20241218,"수원 KT","홈",1,579,0,"2점",0,FALSE,0.75,-0.521,-0.781
"2024_25","S45G01N91",20241218,"수원 KT","홈",1,375,2,"2점",1,FALSE,0.77,0.479,0.74
"2024_25","S45G01N91",20241218,"수원 KT","홈",1,149,7,"3점",0,FALSE,1.09,-0.325,-1.062
"2024_25","S45G01N91",20241218,"수원 KT","홈",1,77,8,"2점",1,FALSE,0.71,0.479,0.676
"2024_25","S45G01N91",20241218,"수원 KT","홈",1,1,10,"3점",0,FALSE,0.97,-0.325,-0.948
"2024_25","S45G01N91",20241218,"수원 KT","홈",2,561,12,"3점",1,FALSE,0.86,0.675,1.75
"2024_25","S45G01N91",20241218,"수원 KT","홈",2,493,9,"3점",0,FALSE,1.04,-0.325,-1.013
"2024_25","S45G01N91",20241218,"수원 KT","홈",2,268,17,"3점",1,FALSE,0.55,0.675,1.106
"2024_25","S45G01N91",20241218,"수원 KT","홈",2,195,22,"3점",0,FALSE,0.28,-0.325,-0.273
"2024_25","S45G01N91",20241218,"수원 KT","홈",2,147,24,"2점",1,FALSE,0.14,0.479,0.133
"2024_25","S45G01N91",20241218,"수원 KT","홈",2,67,22,"3점",1,FALSE,0.25,0.675,0.503
"2024_25","S45G01N91",20241218,"수원 KT","홈",2,32,23,"2점",1,FALSE,0.14,0.479,0.137
"2024_25","S45G01N91",20241218,"수원 KT","홈",3,400,22,"2점",1,FALSE,0.12,0.479,0.117
"2024_25","S45G01N91",20241218,"수원 KT","홈",3,138,22,"3점",0,FALSE,0.09,-0.325,-0.085
"2024_25","S45G01N91",20241218,"수원 KT","홈",4,586,23,"2점",1,FALSE,0.02,0.479,0.022
"2024_25","S45G01N91",20241218,"수원 KT","홈",4,293,17,"2점",1,FALSE,0.02,0.479,0.02
"2024_25","S45G01N91",20241218,"수원 KT","홈",4,120,17,"3점",1,FALSE,0,0.675,0
"2024_25","S45G01N91",20241218,"수원 KT","홈",4,18,19,"2점",0,FALSE,0,-0.521,-0
"2024_25","S45G01N92",20241219,"울산 현대모비스","원정",1,380,1,"2점",0,FALSE,0.78,-0.521,-0.812
"2024_25","S45G01N92",20241219,"울산 현대모비스","원정",2,369,4,"2점",0,FALSE,0.87,-0.521,-0.903
"2024_25","S45G01N92",20241219,"울산 현대모비스","원정",2,64,-2,"3점",0,FALSE,1.57,-0.325,-1.535
"2024_25","S45G01N92",20241219,"울산 현대모비스","원정",3,503,-3,"2점",1,FALSE,1.08,0.479,1.036
"2024_25","S45G01N92",20241219,"울산 현대모비스","원정",3,473,-1,"3점",1,FALSE,1.71,0.675,3.458
"2024_25","S45G01N92",20241219,"울산 현대모비스","원정",3,329,-4,"2점",0,FALSE,1.15,-0.521,-1.195
"2024_25","S45G01N92",20241219,"울산 현대모비스","원정",3,300,-4,"3점",0,FALSE,1.8,-0.325,-1.761
"2024_25","S45G01N92",20241219,"울산 현대모비스","원정",4,240,-6,"3점",0,FALSE,2.45,-0.325,-2.394
"2024_25","S45G01N92",20241219,"울산 현대모비스","원정",4,41,-3,"3점",0,TRUE,6.39,-0.325,-6.235
"2024_25","S45G01N96",20241221,"고양 소노","원정",1,560,-2,"2점",1,FALSE,0.75,0.479,0.72
"2024_25","S45G01N96",20241221,"서울 삼성","홈",1,527,0,"2점",0,FALSE,0.76,-0.521,-0.79
"2024_25","S45G01N96",20241221,"고양 소노","원정",1,518,-0,"3점",0,FALSE,1.16,-0.325,-1.133
"2024_25","S45G01N96",20241221,"서울 삼성","홈",1,479,0,"3점",0,FALSE,1.17,-0.325,-1.142
"2024_25","S45G01N96",20241221,"서울 삼성","홈",1,357,3,"2점",0,FALSE,0.77,-0.521,-0.798
"2024_25","S45G01N96",20241221,"고양 소노","원정",1,116,-10,"2점",1,FALSE,0.69,0.479,0.663
"2024_25","S45G01N96",20241221,"고양 소노","원정",1,46,-12,"3점",1,FALSE,1,0.675,2.029
"2024_25","S45G01N96",20241221,"서울 삼성","홈",1,35,9,"3점",1,FALSE,1.02,0.675,2.061
"2024_25","S45G01N96",20241221,"고양 소노","원정",2,436,-9,"2점",1,FALSE,0.76,0.479,0.728
"2024_25","S45G01N96",20241221,"서울 삼성","홈",2,376,7,"3점",0,FALSE,1.17,-0.325,-1.139
"2024_25","S45G01N96",20241221,"고양 소노","원정",2,227,-9,"3점",1,FALSE,1.24,0.675,2.518
"2024_25","S45G01N96",20241221,"서울 삼성","홈",2,68,9,"2점",0,FALSE,0.74,-0.521,-0.771
"2024_25","S45G01N96",20241221,"고양 소노","원정",2,55,-9,"2점",0,FALSE,0.82,-0.521,-0.857
"2024_25","S45G01N96",20241221,"서울 삼성","홈",3,566,9,"3점",0,FALSE,1.11,-0.325,-1.079
"2024_25","S45G01N96",20241221,"고양 소노","원정",3,430,-11,"3점",0,FALSE,1.18,-0.325,-1.156
"2024_25","S45G01N96",20241221,"고양 소노","원정",3,262,-13,"3점",0,FALSE,0.97,-0.325,-0.948
"2024_25","S45G01N96",20241221,"서울 삼성","홈",4,476,17,"3점",0,FALSE,0.13,-0.325,-0.123
"2024_25","S45G01N96",20241221,"서울 삼성","홈",4,409,20,"2점",1,FALSE,0.02,0.479,0.018
"2025_26","S47G01N102",20251214,"창원 LG","홈",1,468,-3,"3점",0,FALSE,1.17,-0.325,-1.143
"2025_26","S47G01N102",20251214,"창원 LG","홈",1,419,0,"2점",0,FALSE,0.78,-0.521,-0.809
"2025_26","S47G01N102",20251214,"창원 LG","홈",1,91,0,"2점",0,FALSE,0.84,-0.521,-0.876
"2025_26","S47G01N102",20251214,"창원 LG","홈",1,35,-3,"3점",1,FALSE,1.3,0.675,2.632
"2025_26","S47G01N102",20251214,"창원 LG","홈",1,1,-3,"3점",0,FALSE,1.31,-0.325,-1.281
"2025_26","S47G01N102",20251214,"창원 LG","홈",2,267,6,"2점",1,FALSE,0.83,0.479,0.797
"2025_26","S47G01N102",20251214,"창원 LG","홈",3,586,-4,"3점",1,FALSE,1.59,0.675,3.21
"2025_26","S47G01N102",20251214,"창원 LG","홈",3,475,-2,"3점",0,FALSE,1.7,-0.325,-1.664
"2025_26","S47G01N102",20251214,"창원 LG","홈",3,242,-4,"2점",0,FALSE,1.2,-0.521,-1.249
"2025_26","S47G01N102",20251214,"창원 LG","홈",3,106,-6,"3점",0,FALSE,1.85,-0.325,-1.802
"2025_26","S47G01N102",20251214,"창원 LG","홈",4,558,-7,"2점",0,FALSE,1.16,-0.521,-1.206
"2025_26","S47G01N102",20251214,"창원 LG","홈",4,420,-6,"2점",0,FALSE,1.36,-0.521,-1.417
"2025_26","S47G01N102",20251214,"창원 LG","홈",4,145,-9,"2점",0,FALSE,0.43,-0.521,-0.452
"2025_26","S47G01N106",20251216,"수원 KT","홈",1,502,4,"3점",0,FALSE,1.11,-0.325,-1.081
"2025_26","S47G01N106",20251216,"수원 KT","홈",1,256,8,"3점",1,FALSE,1.03,0.675,2.085
"2025_26","S47G01N106",20251216,"수원 KT","홈",1,205,11,"2점",0,FALSE,0.6,-0.521,-0.63
"2025_26","S47G01N106",20251216,"수원 KT","홈",1,106,11,"2점",1,FALSE,0.61,0.479,0.585
"2025_26","S47G01N106",20251216,"수원 KT","홈",1,2,15,"2점",0,FALSE,0.47,-0.521,-0.493
"2025_26","S47G01N106",20251216,"수원 KT","홈",2,387,8,"3점",1,FALSE,1.11,0.675,2.247
"2025_26","S47G01N106",20251216,"수원 KT","홈",2,350,9,"3점",0,FALSE,1.06,-0.325,-1.032
"2025_26","S47G01N106",20251216,"수원 KT","홈",2,137,7,"2점",0,FALSE,0.82,-0.521,-0.855
"2025_26","S47G01N106",20251216,"수원 KT","홈",2,125,5,"3점",0,FALSE,1.35,-0.325,-1.318
"2025_26","S47G01N106",20251216,"수원 KT","홈",2,116,5,"3점",0,FALSE,1.35,-0.325,-1.321
"2025_26","S47G01N106",20251216,"수원 KT","홈",3,429,7,"2점",1,FALSE,0.88,0.479,0.844
"2025_26","S47G01N106",20251216,"수원 KT","홈",3,288,9,"2점",1,FALSE,0.77,0.479,0.735
"2025_26","S47G01N106",20251216,"수원 KT","홈",3,262,11,"3점",0,FALSE,0.89,-0.325,-0.872
"2025_26","S47G01N106",20251216,"수원 KT","홈",3,116,4,"3점",0,FALSE,1.76,-0.325,-1.718
"2025_26","S47G01N106",20251216,"수원 KT","홈",4,488,-4,"3점",0,FALSE,2.38,-0.325,-2.319
"2025_26","S47G01N106",20251216,"수원 KT","홈",4,434,-6,"2점",0,FALSE,1.35,-0.521,-1.406
"2025_26","S47G01N106",20251216,"수원 KT","홈",4,305,-6,"2점",1,FALSE,1.44,0.479,1.379
"2025_26","S47G01N106",20251216,"수원 KT","홈",4,272,-4,"3점",1,TRUE,3.02,0.675,6.115
"2025_26","S47G01N106",20251216,"수원 KT","홈",4,62,1,"3점",0,TRUE,4.79,-0.325,-4.675
"2025_26","S47G01N109",20251219,"수원 KT","원정",2,197,-2,"3점",0,FALSE,1.5,-0.325,-1.461
"2025_26","S47G01N112",20251220,"부산 KCC","원정",1,566,-0,"2점",1,FALSE,0.75,0.479,0.72
"2025_26","S47G01N112",20251220,"부산 KCC","원정",1,407,-4,"3점",1,FALSE,1.18,0.675,2.383
"2025_26","S47G01N112",20251220,"부산 KCC","원정",1,277,-6,"3점",1,FALSE,1.18,0.675,2.382
"2025_26","S47G01N112",20251220,"부산 KCC","원정",1,1,-7,"2점",1,FALSE,0.79,0.479,0.754
"2025_26","S47G01N112",20251220,"부산 KCC","원정",2,344,-2,"2점",1,FALSE,0.93,0.479,0.888
"2025_26","S47G01N112",20251220,"부산 KCC","원정",2,123,-6,"3점",0,FALSE,1.44,-0.325,-1.401
"2025_26","S47G01N112",20251220,"부산 KCC","원정",2,56,-10,"3점",0,FALSE,1.22,-0.325,-1.195
"2025_26","S47G01N112",20251220,"부산 KCC","원정",3,516,-11,"2점",1,FALSE,0.74,0.479,0.705
"2025_26","S47G01N112",20251220,"부산 KCC","원정",3,466,-9,"3점",0,FALSE,1.36,-0.325,-1.323
"2025_26","S47G01N112",20251220,"부산 KCC","원정",3,137,-11,"3점",1,FALSE,1.2,0.675,2.431
"2025_26","S47G01N112",20251220,"부산 KCC","원정",3,97,-11,"3점",0,FALSE,1.2,-0.325,-1.168
"2025_26","S47G01N112",20251220,"부산 KCC","원정",3,83,-11,"2점",1,FALSE,0.73,0.479,0.701
"2025_26","S47G01N112",20251220,"부산 KCC","원정",4,255,-27,"3점",0,FALSE,0,-0.325,-0
"2025_26","S47G01N113",20251221,"창원 LG","원정",1,496,-2,"2점",1,FALSE,0.76,0.479,0.73
"2025_26","S47G01N113",20251221,"창원 LG","원정",1,310,-0,"2점",0,FALSE,0.8,-0.521,-0.829
"2025_26","S47G01N113",20251221,"창원 LG","원정",1,222,-3,"3점",1,FALSE,1.24,0.675,2.509
"2025_26","S47G01N113",20251221,"창원 LG","원정",1,87,-1,"3점",0,FALSE,1.29,-0.325,-1.259
"2025_26","S47G01N113",20251221,"창원 LG","원정",2,582,1,"2점",0,FALSE,0.86,-0.521,-0.896
"2025_26","S47G01N113",20251221,"창원 LG","원정",2,507,1,"3점",1,FALSE,1.34,0.675,2.708
"2025_26","S47G01N113",20251221,"창원 LG","원정",4,55,-4,"3점",0,TRUE,4.39,-0.325,-4.285
"2025_26","S47G01N119",20251225,"울산 현대모비스","원정",1,456,-2,"3점",0,FALSE,1.18,-0.325,-1.151
"2025_26","S47G01N119",20251225,"울산 현대모비스","원정",1,431,-2,"3점",0,FALSE,1.19,-0.325,-1.157
"2025_26","S47G01N119",20251225,"울산 현대모비스","원정",1,275,2,"3점",0,FALSE,1.2,-0.325,-1.173
"2025_26","S47G01N119",20251225,"울산 현대모비스","원정",1,206,2,"2점",1,FALSE,0.8,0.479,0.769
"2025_26","S47G01N119",20251225,"울산 현대모비스","원정",1,49,8,"2점",1,FALSE,0.71,0.479,0.679
"2025_26","S47G01N119",20251225,"울산 현대모비스","원정",2,588,7,"2점",0,FALSE,0.75,-0.521,-0.778
"2025_26","S47G01N119",20251225,"울산 현대모비스","원정",2,422,9,"3점",0,FALSE,1.05,-0.325,-1.022
"2025_26","S47G01N119",20251225,"울산 현대모비스","원정",3,500,4,"3점",1,FALSE,1.51,0.675,3.056
"2025_26","S47G01N119",20251225,"울산 현대모비스","원정",3,368,7,"3점",0,FALSE,1.32,-0.325,-1.289
"2025_26","S47G01N119",20251225,"울산 현대모비스","원정",3,203,15,"2점",0,FALSE,0.34,-0.521,-0.351
"2025_26","S47G01N119",20251225,"울산 현대모비스","원정",3,180,15,"3점",1,FALSE,0.46,0.675,0.935
"2025_26","S47G01N119",20251225,"울산 현대모비스","원정",4,572,16,"2점",1,FALSE,0.18,0.479,0.174
"2025_26","S47G01N119",20251225,"울산 현대모비스","원정",4,469,21,"2점",0,FALSE,0.02,-0.521,-0.022
"2025_26","S47G01N119",20251225,"울산 현대모비스","원정",4,291,22,"3점",0,FALSE,0,-0.325,-0.001
"2025_26","S47G01N12",20251008,"안양 정관장","홈",2,536,0,"3점",0,FALSE,1.34,-0.325,-1.307
"2025_26","S47G01N12",20251008,"안양 정관장","홈",2,436,-5,"3점",1,FALSE,1.34,0.675,2.709
"2025_26","S47G01N12",20251008,"안양 정관장","홈",2,393,-4,"2점",0,FALSE,0.89,-0.521,-0.93
"2025_26","S47G01N12",20251008,"안양 정관장","홈",2,312,1,"3점",0,FALSE,1.42,-0.325,-1.384
"2025_26","S47G01N12",20251008,"안양 정관장","홈",2,233,1,"3점",1,FALSE,1.46,0.675,2.947
"2025_26","S47G01N12",20251008,"안양 정관장","홈",2,24,6,"3점",0,FALSE,1.32,-0.325,-1.293
"2025_26","S47G01N12",20251008,"안양 정관장","홈",3,424,4,"2점",0,FALSE,1.04,-0.521,-1.079
"2025_26","S47G01N12",20251008,"안양 정관장","홈",4,311,1,"3점",0,FALSE,2.92,-0.325,-2.853
"2025_26","S47G01N12",20251008,"안양 정관장","홈",4,217,0,"3점",0,TRUE,3.63,-0.325,-3.54
"2025_26","S47G01N121",20251225,"안양 정관장","원정",1,387,-2,"3점",0,FALSE,1.2,-0.325,-1.169
"2025_26","S47G01N121",20251225,"안양 정관장","원정",1,205,-4,"2점",0,FALSE,0.8,-0.521,-0.834
"2025_26","S47G01N124",20251227,"고양 소노","원정",1,459,-1,"3점",0,FALSE,1.18,-0.325,-1.151
"2025_26","S47G01N124",20251227,"원주 DB","홈",1,203,2,"2점",0,FALSE,0.8,-0.521,-0.838
"2025_26","S47G01N124",20251227,"원주 DB","홈",1,154,-1,"3점",0,FALSE,1.27,-0.325,-1.237
"2025_26","S47G01N124",20251227,"원주 DB","홈",1,104,2,"2점",1,FALSE,0.82,0.479,0.789
"2025_26","S47G01N124",20251227,"원주 DB","홈",2,557,0,"3점",1,FALSE,1.33,0.675,2.695
"2025_26","S47G01N124",20251227,"원주 DB","홈",2,426,3,"3점",0,FALSE,1.32,-0.325,-1.29
"2025_26","S47G01N124",20251227,"원주 DB","홈",2,404,1,"3점",0,FALSE,1.38,-0.325,-1.345
"2025_26","S47G01N124",20251227,"원주 DB","홈",2,344,1,"2점",0,FALSE,0.92,-0.521,-0.961
"2025_26","S47G01N124",20251227,"원주 DB","홈",2,341,1,"2점",1,FALSE,0.92,0.479,0.884
"2025_26","S47G01N124",20251227,"원주 DB","홈",2,4,4,"2점",0,FALSE,0.97,-0.521,-1.01
"2025_26","S47G01N124",20251227,"원주 DB","홈",3,463,-3,"3점",1,FALSE,1.7,0.675,3.438
"2025_26","S47G01N124",20251227,"원주 DB","홈",3,307,-1,"2점",1,FALSE,1.21,0.479,1.163
"2025_26","S47G01N124",20251227,"원주 DB","홈",3,140,-2,"2점",1,FALSE,1.33,0.479,1.277
"2025_26","S47G01N124",20251227,"원주 DB","홈",4,548,-4,"3점",0,FALSE,2.26,-0.325,-2.204
"2025_26","S47G01N124",20251227,"원주 DB","홈",4,384,-2,"3점",0,FALSE,2.83,-0.325,-2.761
"2025_26","S47G01N124",20251227,"원주 DB","홈",4,341,-4,"2점",0,FALSE,1.74,-0.521,-1.819
"2025_26","S47G01N124",20251227,"원주 DB","홈",4,263,-6,"3점",1,FALSE,2.42,0.675,4.904
"2025_26","S47G01N124",20251227,"원주 DB","홈",4,99,-2,"3점",0,TRUE,5.38,-0.325,-5.252
"2025_26","S47G01N124",20251227,"원주 DB","홈",4,17,-7,"3점",1,FALSE,0.02,0.675,0.047
"2025_26","S47G01N127",20251228,"서울 삼성","홈",1,162,12,"3점",0,FALSE,0.86,-0.325,-0.836
"2025_26","S47G01N127",20251228,"서울 삼성","홈",2,580,11,"2점",0,FALSE,0.62,-0.521,-0.644
"2025_26","S47G01N13",20251008,"서울 SK","홈",1,586,0,"2점",0,FALSE,0.75,-0.521,-0.78
"2025_26","S47G01N13",20251008,"서울 SK","홈",1,558,2,"3점",1,FALSE,1.13,0.675,2.29
"2025_26","S47G01N13",20251008,"서울 SK","홈",1,489,2,"3점",0,FALSE,1.15,-0.325,-1.12
"2025_26","S47G01N13",20251008,"서울 SK","홈",1,400,5,"2점",0,FALSE,0.73,-0.521,-0.761
"2025_26","S47G01N13",20251008,"서울 SK","홈",1,341,1,"3점",0,FALSE,1.2,-0.325,-1.169
"2025_26","S47G01N13",20251008,"서울 SK","홈",2,386,11,"3점",0,FALSE,0.93,-0.325,-0.908
"2025_26","S47G01N13",20251008,"서울 SK","홈",2,126,13,"3점",1,FALSE,0.79,0.675,1.599
"2025_26","S47G01N13",20251008,"서울 SK","홈",2,1,13,"3점",0,FALSE,0.77,-0.325,-0.756
"2025_26","S47G01N13",20251008,"서울 SK","홈",3,258,11,"3점",1,FALSE,0.89,0.675,1.806
"2025_26","S47G01N13",20251008,"서울 SK","홈",3,229,14,"2점",0,FALSE,0.4,-0.521,-0.422
"2025_26","S47G01N13",20251008,"서울 SK","홈",3,165,15,"3점",0,FALSE,0.45,-0.325,-0.442
"2025_26","S47G01N13",20251008,"서울 SK","홈",4,457,11,"2점",0,FALSE,0.46,-0.521,-0.477
"2025_26","S47G01N13",20251008,"서울 SK","홈",4,251,8,"3점",0,FALSE,0.81,-0.325,-0.788
"2025_26","S47G01N132",20251231,"부산 KCC","원정",1,393,-1,"3점",0,FALSE,1.2,-0.325,-1.168
"2025_26","S47G01N142",20260105,"대구 한국가스공사","원정",1,506,1,"2점",1,FALSE,0.76,0.479,0.725
"2025_26","S47G01N142",20260105,"대구 한국가스공사","원정",1,402,4,"3점",1,FALSE,1.13,0.675,2.287
"2025_26","S47G01N142",20260105,"대구 한국가스공사","원정",2,568,10,"2점",0,FALSE,0.65,-0.521,-0.681
"2025_26","S47G01N142",20260105,"대구 한국가스공사","원정",2,433,10,"3점",1,FALSE,0.99,0.675,2
"2025_26","S47G01N142",20260105,"대구 한국가스공사","원정",3,542,16,"3점",0,FALSE,0.53,-0.325,-0.522
"2025_26","S47G01N142",20260105,"대구 한국가스공사","원정",3,518,16,"2점",1,FALSE,0.37,0.479,0.351
"2025_26","S47G01N142",20260105,"대구 한국가스공사","원정",3,491,18,"2점",1,FALSE,0.27,0.479,0.261
"2025_26","S47G01N142",20260105,"대구 한국가스공사","원정",3,461,21,"2점",0,FALSE,0.16,-0.521,-0.169
"2025_26","S47G01N142",20260105,"대구 한국가스공사","원정",4,501,10,"3점",0,FALSE,0.83,-0.325,-0.813
"2025_26","S47G01N142",20260105,"대구 한국가스공사","원정",4,455,10,"3점",0,FALSE,0.78,-0.325,-0.765
"2025_26","S47G01N142",20260105,"대구 한국가스공사","원정",4,361,13,"3점",0,FALSE,0.26,-0.325,-0.255
"2025_26","S47G01N142",20260105,"대구 한국가스공사","원정",4,349,13,"2점",1,FALSE,0.19,0.479,0.178
"2025_26","S47G01N142",20260105,"대구 한국가스공사","원정",4,203,12,"2점",0,FALSE,0.08,-0.521,-0.084
"2025_26","S47G01N145",20260108,"수원 KT","홈",1,368,-10,"3점",1,FALSE,1.04,0.675,2.102
"2025_26","S47G01N149",20260110,"창원 LG","원정",2,326,-10,"3점",1,FALSE,1.16,0.675,2.353
"2025_26","S47G01N149",20260110,"창원 LG","원정",3,526,-9,"3점",0,FALSE,1.34,-0.325,-1.304
"2025_26","S47G01N149",20260110,"창원 LG","원정",3,480,-11,"2점",1,FALSE,0.74,0.479,0.707
"2025_26","S47G01N149",20260110,"창원 LG","원정",3,325,-12,"3점",0,FALSE,1.09,-0.325,-1.063
"2025_26","S47G01N149",20260110,"창원 LG","원정",3,77,-8,"2점",1,FALSE,1.02,0.479,0.973
"2025_26","S47G01N149",20260110,"창원 LG","원정",4,413,-11,"3점",0,FALSE,1.05,-0.325,-1.028
"2025_26","S47G01N15",20251010,"창원 LG","홈",1,529,0,"3점",0,FALSE,1.16,-0.325,-1.13
"2025_26","S47G01N15",20251010,"창원 LG","홈",1,445,-4,"3점",0,FALSE,1.17,-0.325,-1.139
"2025_26","S47G01N15",20251010,"창원 LG","홈",1,423,-4,"2점",1,FALSE,0.76,0.479,0.729
"2025_26","S47G01N15",20251010,"창원 LG","홈",1,276,-9,"3점",1,FALSE,1.09,0.675,2.207
"2025_26","S47G01N15",20251010,"창원 LG","홈",1,175,-9,"3점",1,FALSE,1.11,0.675,2.249
"2025_26","S47G01N15",20251010,"창원 LG","홈",1,82,-6,"3점",0,FALSE,1.23,-0.325,-1.2
"2025_26","S47G01N15",20251010,"창원 LG","홈",2,527,-8,"2점",1,FALSE,0.78,0.479,0.742
"2025_26","S47G01N15",20251010,"창원 LG","홈",2,309,-8,"2점",0,FALSE,0.81,-0.521,-0.849
"2025_26","S47G01N15",20251010,"창원 LG","홈",2,207,-10,"3점",0,FALSE,1.19,-0.325,-1.16
"2025_26","S47G01N15",20251010,"창원 LG","홈",2,90,-7,"2점",1,FALSE,0.9,0.479,0.86
"2025_26","S47G01N15",20251010,"창원 LG","홈",3,326,-2,"2점",1,FALSE,1.19,0.479,1.144
"2025_26","S47G01N15",20251010,"창원 LG","홈",4,461,3,"3점",1,FALSE,2.18,0.675,4.415
"2025_26","S47G01N15",20251010,"창원 LG","홈",4,100,-4,"2점",1,TRUE,2.38,0.479,2.283
"2025_26","S47G01N151",20260111,"안양 정관장","홈",1,581,0,"2점",1,FALSE,0.75,0.479,0.717
"2025_26","S47G01N151",20260111,"안양 정관장","홈",1,478,2,"2점",0,FALSE,0.76,-0.521,-0.787
"2025_26","S47G01N151",20260111,"안양 정관장","홈",1,344,5,"2점",1,FALSE,0.74,0.479,0.707
"2025_26","S47G01N151",20260111,"안양 정관장","홈",1,270,5,"2점",0,FALSE,0.75,-0.521,-0.781
"2025_26","S47G01N154",20260112,"부산 KCC","원정",1,402,-3,"3점",0,FALSE,1.19,-0.325,-1.16
"2025_26","S47G01N154",20260112,"부산 KCC","원정",1,324,-7,"3점",1,FALSE,1.14,0.675,2.309
"2025_26","S47G01N154",20260112,"부산 KCC","원정",1,284,-4,"2점",1,FALSE,0.79,0.479,0.752
"2025_26","S47G01N154",20260112,"부산 KCC","원정",2,381,-14,"2점",0,FALSE,0.57,-0.521,-0.599
"2025_26","S47G01N154",20260112,"부산 KCC","원정",2,121,-14,"2점",1,FALSE,0.57,0.479,0.549
"2025_26","S47G01N154",20260112,"부산 KCC","원정",2,2,-11,"2점",0,FALSE,0.73,-0.521,-0.761
"2025_26","S47G01N154",20260112,"부산 KCC","원정",3,555,-10,"3점",0,FALSE,1.25,-0.325,-1.218
"2025_26","S47G01N154",20260112,"부산 KCC","원정",3,382,-14,"2점",1,FALSE,0.55,0.479,0.524
"2025_26","S47G01N154",20260112,"부산 KCC","원정",3,306,-14,"2점",1,FALSE,0.54,0.479,0.512
"2025_26","S47G01N154",20260112,"부산 KCC","원정",3,30,-12,"3점",0,FALSE,1.03,-0.325,-1.008
"2025_26","S47G01N154",20260112,"부산 KCC","원정",4,366,-13,"3점",0,FALSE,0.61,-0.325,-0.591
"2025_26","S47G01N154",20260112,"부산 KCC","원정",4,269,-11,"3점",0,FALSE,0.79,-0.325,-0.769
"2025_26","S47G01N154",20260112,"부산 KCC","원정",4,60,-8,"3점",1,FALSE,0.39,0.675,0.783
"2025_26","S47G01N155",20260113,"서울 SK","원정",1,444,2,"2점",0,FALSE,0.76,-0.521,-0.793
"2025_26","S47G01N155",20260113,"서울 SK","원정",1,428,1,"3점",1,FALSE,1.18,0.675,2.379
"2025_26","S47G01N155",20260113,"서울 SK","원정",1,250,-0,"3점",0,FALSE,1.23,-0.325,-1.204
"2025_26","S47G01N155",20260113,"서울 SK","원정",2,584,-3,"2점",1,FALSE,0.86,0.479,0.821
"2025_26","S47G01N155",20260113,"서울 SK","원정",2,552,-1,"3점",0,FALSE,1.34,-0.325,-1.306
"2025_26","S47G01N160",20260115,"고양 소노","원정",1,441,-7,"2점",0,FALSE,0.72,-0.521,-0.75
"2025_26","S47G01N160",20260115,"원주 DB","홈",1,338,11,"3점",1,FALSE,0.89,0.675,1.806
"2025_26","S47G01N160",20260115,"원주 DB","홈",1,173,9,"3점",0,FALSE,1,-0.325,-0.975
"2025_26","S47G01N160",20260115,"고양 소노","원정",1,84,-11,"3점",0,FALSE,1.04,-0.325,-1.019
"2025_26","S47G01N160",20260115,"원주 DB","홈",2,350,15,"3점",0,FALSE,0.68,-0.325,-0.662
"2025_26","S47G01N160",20260115,"원주 DB","홈",2,215,16,"2점",1,FALSE,0.41,0.479,0.393
"2025_26","S47G01N160",20260115,"원주 DB","홈",2,0,15,"2점",1,FALSE,0.43,0.479,0.411
"2025_26","S47G01N160",20260115,"원주 DB","홈",3,507,12,"2점",1,FALSE,0.58,0.479,0.554
"2025_26","S47G01N160",20260115,"원주 DB","홈",3,407,11,"3점",0,FALSE,0.92,-0.325,-0.899
"2025_26","S47G01N160",20260115,"원주 DB","홈",3,290,18,"2점",1,FALSE,0.22,0.479,0.211
"2025_26","S47G01N160",20260115,"원주 DB","홈",3,1,19,"2점",0,FALSE,0.09,-0.521,-0.093
"2025_26","S47G01N160",20260115,"원주 DB","홈",4,534,17,"3점",0,FALSE,0.16,-0.325,-0.16
"2025_26","S47G01N160",20260115,"원주 DB","홈",4,399,18,"3점",0,FALSE,0.05,-0.325,-0.051
"2025_26","S47G01N160",20260115,"원주 DB","홈",4,292,14,"3점",0,FALSE,0.11,-0.325,-0.105
"2025_26","S47G01N160",20260115,"원주 DB","홈",4,140,12,"3점",1,FALSE,0.02,0.675,0.049
"2025_26","S47G01N162",20260121,"부산 KCC","홈",1,557,0,"2점",1,FALSE,0.75,0.479,0.721
"2025_26","S47G01N162",20260121,"부산 KCC","홈",1,490,4,"3점",1,FALSE,1.11,0.675,2.248
"2025_26","S47G01N162",20260121,"부산 KCC","홈",1,411,4,"2점",0,FALSE,0.74,-0.521,-0.775
"2025_26","S47G01N17",20251011,"대구 한국가스공사","원정",2,412,-0,"2점",0,FALSE,0.91,-0.521,-0.948
"2025_26","S47G01N17",20251011,"대구 한국가스공사","원정",3,197,1,"3점",1,FALSE,1.92,0.675,3.893
"2025_26","S47G01N17",20251011,"대구 한국가스공사","원정",4,535,7,"3점",0,FALSE,1.38,-0.325,-1.351
"2025_26","S47G01N172",20260125,"서울 삼성","원정",1,359,6,"3점",1,FALSE,1.08,0.675,2.193
"2025_26","S47G01N172",20260125,"서울 삼성","원정",1,279,10,"3점",1,FALSE,0.94,0.675,1.907
"2025_26","S47G01N172",20260125,"서울 삼성","원정",2,444,8,"2점",1,FALSE,0.74,0.479,0.704
"2025_26","S47G01N172",20260125,"서울 삼성","원정",2,398,10,"2점",1,FALSE,0.67,0.479,0.638
"2025_26","S47G01N172",20260125,"서울 삼성","원정",2,346,10,"3점",0,FALSE,1,-0.325,-0.972
"2025_26","S47G01N172",20260125,"서울 삼성","원정",2,250,8,"3점",0,FALSE,1.14,-0.325,-1.108
"2025_26","S47G01N172",20260125,"서울 삼성","원정",2,220,6,"3점",0,FALSE,1.26,-0.325,-1.232
"2025_26","S47G01N172",20260125,"서울 삼성","원정",2,1,5,"2점",1,FALSE,0.93,0.479,0.894
"2025_26","S47G01N172",20260125,"서울 삼성","원정",3,443,7,"3점",1,FALSE,1.3,0.675,2.634
"2025_26","S47G01N172",20260125,"서울 삼성","원정",3,396,8,"2점",0,FALSE,0.83,-0.521,-0.861
"2025_26","S47G01N172",20260125,"서울 삼성","원정",3,5,10,"2점",1,FALSE,0.64,0.479,0.617
"2025_26","S47G01N172",20260125,"서울 삼성","원정",4,416,16,"3점",0,FALSE,0.13,-0.325,-0.123
"2025_26","S47G01N172",20260125,"서울 삼성","원정",4,356,14,"3점",0,FALSE,0.18,-0.325,-0.174
"2025_26","S47G01N174",20260127,"울산 현대모비스","홈",1,393,4,"3점",1,FALSE,1.13,0.675,2.291
"2025_26","S47G01N174",20260127,"울산 현대모비스","홈",1,241,1,"3점",1,FALSE,1.23,0.675,2.483
"2025_26","S47G01N174",20260127,"울산 현대모비스","홈",1,203,1,"2점",0,FALSE,0.81,-0.521,-0.846
"2025_26","S47G01N174",20260127,"울산 현대모비스","홈",1,84,2,"2점",1,FALSE,0.83,0.479,0.793
"2025_26","S47G01N174",20260127,"울산 현대모비스","홈",1,64,4,"3점",0,FALSE,1.22,-0.325,-1.186
"2025_26","S47G01N174",20260127,"울산 현대모비스","홈",1,31,6,"3점",1,FALSE,1.15,0.675,2.336
"2025_26","S47G01N174",20260127,"울산 현대모비스","홈",2,286,21,"3점",0,FALSE,0.34,-0.325,-0.335
"2025_26","S47G01N174",20260127,"울산 현대모비스","홈",2,217,24,"2점",0,FALSE,0.15,-0.521,-0.155
"2025_26","S47G01N174",20260127,"울산 현대모비스","홈",2,193,24,"2점",1,FALSE,0.15,0.479,0.139
"2025_26","S47G01N174",20260127,"울산 현대모비스","홈",2,154,26,"2점",0,FALSE,0.1,-0.521,-0.105
"2025_26","S47G01N174",20260127,"울산 현대모비스","홈",2,61,30,"2점",1,FALSE,0.04,0.479,0.038
"2025_26","S47G01N174",20260127,"울산 현대모비스","홈",2,33,30,"3점",0,FALSE,0.05,-0.325,-0.051
"2025_26","S47G01N174",20260127,"울산 현대모비스","홈",3,471,27,"2점",1,FALSE,0.05,0.479,0.048
"2025_26","S47G01N174",20260127,"울산 현대모비스","홈",3,442,29,"3점",0,FALSE,0.04,-0.325,-0.038
"2025_26","S47G01N174",20260127,"울산 현대모비스","홈",3,75,27,"2점",0,FALSE,0.01,-0.521,-0.011
"2025_26","S47G01N174",20260127,"울산 현대모비스","홈",3,67,27,"2점",1,FALSE,0.01,0.479,0.009
"2025_26","S47G01N175",20260128,"창원 LG","원정",2,285,-3,"2점",0,FALSE,0.94,-0.521,-0.977
"2025_26","S47G01N175",20260128,"창원 LG","원정",2,152,-5,"2점",0,FALSE,0.94,-0.521,-0.982
"2025_26","S47G01N175",20260128,"창원 LG","원정",2,71,-3,"2점",0,FALSE,1.01,-0.521,-1.053
"2025_26","S47G01N177",20260130,"대구 한국가스공사","홈",1,2,14,"2점",1,FALSE,0.51,0.479,0.488
"2025_26","S47G01N180",20260131,"서울 SK","원정",1,514,-1,"3점",0,FALSE,1.17,-0.325,-1.137
"2025_26","S47G01N180",20260131,"서울 SK","원정",1,492,-1,"2점",0,FALSE,0.76,-0.521,-0.797
"2025_26","S47G01N180",20260131,"서울 SK","원정",1,388,-8,"3점",1,FALSE,1.1,0.675,2.225
"2025_26","S47G01N180",20260131,"서울 SK","원정",1,322,-5,"3점",0,FALSE,1.18,-0.325,-1.156
"2025_26","S47G01N180",20260131,"서울 SK","원정",1,156,-8,"3점",0,FALSE,1.15,-0.325,-1.123
"2025_26","S47G01N180",20260131,"서울 SK","원정",1,36,-14,"2점",0,FALSE,0.57,-0.521,-0.594
"2025_26","S47G01N180",20260131,"서울 SK","원정",2,531,-20,"3점",0,FALSE,0.57,-0.325,-0.555
"2025_26","S47G01N180",20260131,"서울 SK","원정",2,523,-20,"2점",1,FALSE,0.35,0.479,0.338
"2025_26","S47G01N180",20260131,"서울 SK","원정",2,480,-20,"2점",0,FALSE,0.35,-0.521,-0.364
"2025_26","S47G01N180",20260131,"서울 SK","원정",2,460,-20,"3점",0,FALSE,0.56,-0.325,-0.546
"2025_26","S47G01N180",20260131,"서울 SK","원정",2,121,-20,"2점",1,FALSE,0.31,0.479,0.292
"2025_26","S47G01N180",20260131,"서울 SK","원정",2,75,-19,"2점",0,FALSE,0.34,-0.521,-0.352
"2025_26","S47G01N180",20260131,"서울 SK","원정",3,241,-17,"2점",1,FALSE,0.33,0.479,0.319
"2025_26","S47G01N180",20260131,"서울 SK","원정",4,498,-22,"3점",0,FALSE,0.07,-0.325,-0.064
"2025_26","S47G01N180",20260131,"서울 SK","원정",4,333,-27,"3점",1,FALSE,0,0.675,0.001
"2025_26","S47G01N182",20260201,"수원 KT","원정",1,556,-0,"3점",0,FALSE,1.15,-0.325,-1.124
"2025_26","S47G01N182",20260201,"수원 KT","원정",1,421,-0,"3점",1,FALSE,1.19,0.675,2.4
"2025_26","S47G01N182",20260201,"수원 KT","원정",1,352,7,"3점",1,FALSE,1.05,0.675,2.128
"2025_26","S47G01N182",20260201,"수원 KT","원정",1,88,11,"3점",1,FALSE,0.91,0.675,1.845
"2025_26","S47G01N182",20260201,"수원 KT","원정",2,191,19,"3점",1,FALSE,0.42,0.675,0.847
"2025_26","S47G01N182",20260201,"수원 KT","원정",3,252,1,"3점",1,FALSE,1.86,0.675,3.773
"2025_26","S47G01N182",20260201,"수원 KT","원정",3,48,6,"3점",0,FALSE,1.54,-0.325,-1.5
"2025_26","S47G01N182",20260201,"수원 KT","원정",4,525,7,"3점",0,FALSE,1.38,-0.325,-1.349
"2025_26","S47G01N182",20260201,"수원 KT","원정",4,226,5,"3점",0,TRUE,1.74,-0.325,-1.699
"2025_26","S47G01N183",20260201,"대구 한국가스공사","홈",1,586,0,"2점",0,FALSE,0.75,-0.521,-0.78
"2025_26","S47G01N183",20260201,"대구 한국가스공사","홈",1,528,-1,"2점",0,FALSE,0.76,-0.521,-0.791
"2025_26","S47G01N183",20260201,"대구 한국가스공사","홈",1,466,3,"3점",0,FALSE,1.14,-0.325,-1.109
"2025_26","S47G01N183",20260201,"대구 한국가스공사","홈",1,290,1,"2점",0,FALSE,0.79,-0.521,-0.829
"2025_26","S47G01N183",20260201,"대구 한국가스공사","홈",2,426,-6,"2점",0,FALSE,0.85,-0.521,-0.882
"2025_26","S47G01N183",20260201,"대구 한국가스공사","홈",2,379,-8,"3점",0,FALSE,1.25,-0.325,-1.22
"2025_26","S47G01N183",20260201,"대구 한국가스공사","홈",2,183,-5,"2점",1,FALSE,0.93,0.479,0.893
"2025_26","S47G01N183",20260201,"대구 한국가스공사","홈",3,459,1,"2점",0,FALSE,1.11,-0.521,-1.155
"2025_26","S47G01N183",20260201,"대구 한국가스공사","홈",3,277,-5,"2점",1,FALSE,1.13,0.479,1.087
"2025_26","S47G01N183",20260201,"대구 한국가스공사","홈",3,234,-3,"2점",1,FALSE,1.24,0.479,1.184
"2025_26","S47G01N183",20260201,"대구 한국가스공사","홈",3,132,-2,"3점",1,FALSE,2.06,0.675,4.173
"2025_26","S47G01N183",20260201,"대구 한국가스공사","홈",3,97,1,"2점",1,FALSE,1.36,0.479,1.298
"2025_26","S47G01N183",20260201,"대구 한국가스공사","홈",3,6,6,"2점",1,FALSE,1.06,0.479,1.02
"2025_26","S47G01N183",20260201,"대구 한국가스공사","홈",4,545,10,"3점",1,FALSE,0.87,0.675,1.766
"2025_26","S47G01N183",20260201,"대구 한국가스공사","홈",4,471,9,"2점",1,FALSE,0.7,0.479,0.666
"2025_26","S47G01N183",20260201,"대구 한국가스공사","홈",4,411,11,"2점",1,FALSE,0.42,0.479,0.399
"2025_26","S47G01N183",20260201,"대구 한국가스공사","홈",4,174,19,"3점",1,FALSE,0,0.675,0
"2025_26","S47G01N186",20260204,"부산 KCC","홈",1,586,0,"2점",1,FALSE,0.75,0.479,0.717
"2025_26","S47G01N186",20260204,"부산 KCC","홈",1,425,-1,"3점",0,FALSE,1.19,-0.325,-1.16
"2025_26","S47G01N186",20260204,"부산 KCC","홈",1,323,5,"3점",1,FALSE,1.12,0.675,2.27
"2025_26","S47G01N186",20260204,"부산 KCC","홈",1,280,6,"3점",1,FALSE,1.1,0.675,2.225
"2025_26","S47G01N186",20260204,"부산 KCC","홈",1,240,6,"3점",1,FALSE,1.11,0.675,2.242
"2025_26","S47G01N186",20260204,"부산 KCC","홈",1,218,7,"2점",0,FALSE,0.71,-0.521,-0.745
"2025_26","S47G01N186",20260204,"부산 KCC","홈",1,85,7,"3점",1,FALSE,1.1,0.675,2.229
"2025_26","S47G01N186",20260204,"부산 KCC","홈",2,323,5,"3점",0,FALSE,1.28,-0.325,-1.25
"2025_26","S47G01N186",20260204,"부산 KCC","홈",2,24,8,"3점",0,FALSE,1.18,-0.325,-1.15
"2025_26","S47G01N186",20260204,"부산 KCC","홈",3,571,3,"3점",1,FALSE,1.53,0.675,3.091
"2025_26","S47G01N186",20260204,"부산 KCC","홈",3,484,4,"2점",1,FALSE,1.01,0.479,0.969
"2025_26","S47G01N186",20260204,"부산 KCC","홈",3,409,-1,"2점",0,FALSE,1.15,-0.521,-1.2
"2025_26","S47G01N186",20260204,"부산 KCC","홈",3,281,-11,"2점",1,FALSE,0.75,0.479,0.714
"2025_26","S47G01N186",20260204,"부산 KCC","홈",3,71,-9,"2점",1,FALSE,0.92,0.479,0.884
"2025_26","S47G01N186",20260204,"부산 KCC","홈",3,13,-4,"2점",0,FALSE,1.38,-0.521,-1.435
"2025_26","S47G01N186",20260204,"부산 KCC","홈",4,562,-2,"3점",0,FALSE,2.35,-0.325,-2.292
"2025_26","S47G01N186",20260204,"부산 KCC","홈",4,195,2,"2점",0,TRUE,2.18,-0.521,-2.274
"2025_26","S47G01N186",20260204,"부산 KCC","홈",4,174,2,"3점",0,TRUE,3.2,-0.325,-3.119
"2025_26","S47G01N190",20260207,"수원 KT","홈",1,420,6,"2점",1,FALSE,0.71,0.479,0.679
"2025_26","S47G01N190",20260207,"수원 KT","홈",1,379,6,"3점",0,FALSE,1.08,-0.325,-1.054
"2025_26","S47G01N190",20260207,"수원 KT","홈",1,280,3,"3점",0,FALSE,1.18,-0.325,-1.154
"2025_26","S47G01N190",20260207,"수원 KT","홈",1,231,2,"2점",1,FALSE,0.8,0.479,0.764
"2025_26","S47G01N190",20260207,"수원 KT","홈",2,483,-1,"3점",0,FALSE,1.37,-0.325,-1.333
"2025_26","S47G01N190",20260207,"수원 KT","홈",2,335,1,"2점",1,FALSE,0.93,0.479,0.886
"2025_26","S47G01N190",20260207,"수원 KT","홈",2,186,-4,"2점",1,FALSE,0.95,0.479,0.913
"2025_26","S47G01N190",20260207,"수원 KT","홈",2,51,1,"2점",1,FALSE,1.02,0.479,0.979
"2025_26","S47G01N190",20260207,"수원 KT","홈",2,28,3,"2점",0,FALSE,0.99,-0.521,-1.033
"2025_26","S47G01N190",20260207,"수원 KT","홈",3,390,6,"3점",1,FALSE,1.41,0.675,2.85
"2025_26","S47G01N190",20260207,"수원 KT","홈",3,229,4,"3점",1,FALSE,1.68,0.675,3.392
"2025_26","S47G01N190",20260207,"수원 KT","홈",3,157,4,"3점",0,FALSE,1.73,-0.325,-1.687
"2025_26","S47G01N190",20260207,"수원 KT","홈",3,28,6,"2점",0,FALSE,1.06,-0.521,-1.103
"2025_26","S47G01N190",20260207,"수원 KT","홈",4,565,4,"2점",0,FALSE,1.29,-0.521,-1.34
"2025_26","S47G01N190",20260207,"수원 KT","홈",4,538,4,"2점",1,FALSE,1.31,0.479,1.25
"2025_26","S47G01N190",20260207,"수원 KT","홈",4,485,5,"2점",1,FALSE,1.23,0.479,1.173
"2025_26","S47G01N190",20260207,"수원 KT","홈",4,454,7,"3점",0,FALSE,1.36,-0.325,-1.328
"2025_26","S47G01N190",20260207,"수원 KT","홈",4,348,6,"3점",1,FALSE,1.54,0.675,3.127
"2025_26","S47G01N190",20260207,"수원 KT","홈",4,249,10,"3점",0,FALSE,0.4,-0.325,-0.389
"2025_26","S47G01N190",20260207,"수원 KT","홈",4,149,13,"2점",1,FALSE,0.01,0.479,0.012
"2025_26","S47G01N190",20260207,"수원 KT","홈",4,82,12,"2점",0,FALSE,0,-0.521,-0.001
"2025_26","S47G01N191",20260207,"서울 삼성","원정",1,363,-2,"3점",0,FALSE,1.2,-0.325,-1.175
"2025_26","S47G01N194",20260208,"서울 SK","홈",1,376,-5,"3점",1,FALSE,1.17,0.675,2.37
"2025_26","S47G01N194",20260208,"서울 SK","홈",1,57,0,"3점",0,FALSE,1.3,-0.325,-1.264
"2025_26","S47G01N194",20260208,"서울 SK","홈",3,527,-3,"3점",1,FALSE,1.65,0.675,3.342
"2025_26","S47G01N194",20260208,"서울 SK","홈",3,488,0,"3점",0,FALSE,1.69,-0.325,-1.645
"2025_26","S47G01N194",20260208,"서울 SK","홈",3,418,-2,"3점",0,FALSE,1.75,-0.325,-1.709
"2025_26","S47G01N194",20260208,"서울 SK","홈",3,328,0,"2점",1,FALSE,1.2,0.479,1.146
"2025_26","S47G01N197",20260211,"서울 SK","원정",1,518,-2,"3점",0,FALSE,1.16,-0.325,-1.136
"2025_26","S47G01N197",20260211,"서울 SK","원정",1,461,-4,"2점",0,FALSE,0.76,-0.521,-0.787
"2025_26","S47G01N197",20260211,"서울 SK","원정",1,210,1,"3점",1,FALSE,1.24,0.675,2.501
"2025_26","S47G01N197",20260211,"서울 SK","원정",1,182,2,"3점",0,FALSE,1.23,-0.325,-1.199
"2025_26","S47G01N197",20260211,"서울 SK","원정",2,389,-6,"3점",0,FALSE,1.33,-0.325,-1.294
"2025_26","S47G01N197",20260211,"서울 SK","원정",2,370,-6,"2점",1,FALSE,0.86,0.479,0.822
"2025_26","S47G01N197",20260211,"서울 SK","원정",2,258,-11,"3점",1,FALSE,1.12,0.675,2.259
"2025_26","S47G01N197",20260211,"서울 SK","원정",2,226,-10,"3점",0,FALSE,1.18,-0.325,-1.156
"2025_26","S47G01N197",20260211,"서울 SK","원정",3,573,-20,"3점",0,FALSE,0.46,-0.325,-0.448
"2025_26","S47G01N197",20260211,"서울 SK","원정",3,295,-19,"3점",0,FALSE,0.42,-0.325,-0.412
"2025_26","S47G01N197",20260211,"서울 SK","원정",3,200,-19,"3점",0,FALSE,0.37,-0.325,-0.365
"2025_26","S47G01N197",20260211,"서울 SK","원정",4,464,-24,"3점",0,FALSE,0.02,-0.325,-0.023
"2025_26","S47G01N197",20260211,"서울 SK","원정",4,151,-21,"3점",1,FALSE,0,0.675,0
"2025_26","S47G01N197",20260211,"서울 SK","원정",4,74,-19,"3점",0,FALSE,0,-0.325,-0
"2025_26","S47G01N20",20251012,"대구 한국가스공사","원정",1,490,1,"3점",0,FALSE,1.16,-0.325,-1.132
"2025_26","S47G01N20",20251012,"대구 한국가스공사","원정",1,360,2,"3점",1,FALSE,1.18,0.675,2.388
"2025_26","S47G01N20",20251012,"대구 한국가스공사","원정",1,246,3,"3점",0,FALSE,1.19,-0.325,-1.162
"2025_26","S47G01N20",20251012,"대구 한국가스공사","원정",1,158,5,"3점",0,FALSE,1.16,-0.325,-1.131
"2025_26","S47G01N20",20251012,"대구 한국가스공사","원정",1,46,3,"2점",1,FALSE,0.82,0.479,0.788
"2025_26","S47G01N20",20251012,"대구 한국가스공사","원정",2,8,4,"3점",0,FALSE,1.46,-0.325,-1.42
"2025_26","S47G01N20",20251012,"대구 한국가스공사","원정",3,500,4,"2점",0,FALSE,1.01,-0.521,-1.049
"2025_26","S47G01N20",20251012,"대구 한국가스공사","원정",3,471,4,"3점",0,FALSE,1.53,-0.325,-1.489
"2025_26","S47G01N20",20251012,"대구 한국가스공사","원정",3,311,10,"2점",1,FALSE,0.7,0.479,0.666
"2025_26","S47G01N20",20251012,"대구 한국가스공사","원정",3,256,13,"2점",1,FALSE,0.48,0.479,0.457
"2025_26","S47G01N20",20251012,"대구 한국가스공사","원정",3,133,11,"3점",0,FALSE,0.85,-0.325,-0.828
"2025_26","S47G01N20",20251012,"대구 한국가스공사","원정",3,115,11,"3점",0,FALSE,0.84,-0.325,-0.819
"2025_26","S47G01N20",20251012,"대구 한국가스공사","원정",4,514,7,"2점",0,FALSE,0.96,-0.521,-1.004
"2025_26","S47G01N20",20251012,"대구 한국가스공사","원정",4,444,7,"3점",0,FALSE,1.36,-0.325,-1.324
"2025_26","S47G01N20",20251012,"대구 한국가스공사","원정",4,252,6,"2점",0,FALSE,1.04,-0.521,-1.081
"2025_26","S47G01N20",20251012,"대구 한국가스공사","원정",4,90,4,"2점",1,TRUE,1.27,0.479,1.219
"2025_26","S47G01N20",20251012,"대구 한국가스공사","원정",4,8,6,"2점",0,FALSE,0,-0.521,-0
"2025_26","S47G01N200",20260214,"울산 현대모비스","원정",1,377,3,"2점",0,FALSE,0.76,-0.521,-0.794
"2025_26","S47G01N200",20260214,"울산 현대모비스","원정",1,39,-0,"2점",1,FALSE,0.85,0.479,0.816
"2025_26","S47G01N200",20260214,"울산 현대모비스","원정",2,588,2,"3점",0,FALSE,1.29,-0.325,-1.259
"2025_26","S47G01N200",20260214,"울산 현대모비스","원정",2,470,2,"2점",0,FALSE,0.88,-0.521,-0.914
"2025_26","S47G01N200",20260214,"울산 현대모비스","원정",2,426,2,"3점",0,FALSE,1.35,-0.325,-1.317
"2025_26","S47G01N200",20260214,"울산 현대모비스","원정",2,288,1,"2점",0,FALSE,0.94,-0.521,-0.979
"2025_26","S47G01N200",20260214,"울산 현대모비스","원정",3,377,-1,"2점",1,FALSE,1.17,0.479,1.12
"2025_26","S47G01N200",20260214,"울산 현대모비스","원정",3,351,1,"2점",1,FALSE,1.17,0.479,1.118
"2025_26","S47G01N200",20260214,"울산 현대모비스","원정",3,317,2,"2점",0,FALSE,1.16,-0.521,-1.212
"2025_26","S47G01N200",20260214,"울산 현대모비스","원정",3,253,5,"2점",0,FALSE,1.05,-0.521,-1.098
"2025_26","S47G01N200",20260214,"울산 현대모비스","원정",3,91,8,"3점",0,FALSE,1.24,-0.325,-1.208
"2025_26","S47G01N200",20260214,"울산 현대모비스","원정",4,496,10,"3점",0,FALSE,0.83,-0.325,-0.809
"2025_26","S47G01N200",20260214,"울산 현대모비스","원정",4,304,9,"2점",0,FALSE,0.53,-0.521,-0.557
"2025_26","S47G01N200",20260214,"울산 현대모비스","원정",4,221,9,"2점",0,FALSE,0.38,-0.521,-0.393
"2025_26","S47G01N200",20260214,"울산 현대모비스","원정",4,131,9,"2점",1,FALSE,0.14,0.479,0.133
"2025_26","S47G01N200",20260214,"울산 현대모비스","원정",4,82,10,"3점",0,FALSE,0.01,-0.325,-0.01
"2025_26","S47G01N200",20260214,"울산 현대모비스","원정",4,40,13,"2점",0,FALSE,0,-0.521,-0
"2025_26","S47G01N206",20260216,"창원 LG","원정",1,527,3,"2점",0,FALSE,0.74,-0.521,-0.77
"2025_26","S47G01N206",20260216,"창원 LG","원정",1,382,3,"3점",1,FALSE,1.16,0.675,2.341
"2025_26","S47G01N206",20260216,"창원 LG","원정",1,252,12,"2점",0,FALSE,0.57,-0.521,-0.596
"2025_26","S47G01N206",20260216,"창원 LG","원정",1,160,12,"2점",0,FALSE,0.58,-0.521,-0.6
"2025_26","S47G01N206",20260216,"창원 LG","원정",1,32,12,"3점",0,FALSE,0.86,-0.325,-0.841
"2025_26","S47G01N206",20260216,"창원 LG","원정",1,11,12,"2점",1,FALSE,0.58,0.479,0.556
"2025_26","S47G01N206",20260216,"창원 LG","원정",2,305,15,"2점",1,FALSE,0.46,0.479,0.44
"2025_26","S47G01N206",20260216,"창원 LG","원정",2,188,20,"3점",0,FALSE,0.37,-0.325,-0.358
"2025_26","S47G01N206",20260216,"창원 LG","원정",2,35,16,"3점",0,FALSE,0.56,-0.325,-0.546
"2025_26","S47G01N206",20260216,"창원 LG","원정",3,299,15,"2점",1,FALSE,0.37,0.479,0.351
"2025_26","S47G01N206",20260216,"창원 LG","원정",3,181,19,"3점",0,FALSE,0.21,-0.325,-0.202
"2025_26","S47G01N206",20260216,"창원 LG","원정",3,82,19,"2점",0,FALSE,0.12,-0.521,-0.122
"2025_26","S47G01N206",20260216,"창원 LG","원정",4,558,19,"2점",0,FALSE,0.07,-0.521,-0.078
"2025_26","S47G01N206",20260216,"창원 LG","원정",4,451,17,"3점",1,FALSE,0.11,0.675,0.222
"2025_26","S47G01N206",20260216,"창원 LG","원정",4,421,20,"3점",0,FALSE,0.03,-0.325,-0.027
"2025_26","S47G01N206",20260216,"창원 LG","원정",4,142,14,"3점",1,FALSE,0,0.675,0.01
"2025_26","S47G01N207",20260216,"울산 현대모비스","홈",1,415,-1,"3점",1,FALSE,1.19,0.675,2.411
"2025_26","S47G01N207",20260216,"울산 현대모비스","홈",1,255,-6,"2점",0,FALSE,0.76,-0.521,-0.796
"2025_26","S47G01N207",20260216,"울산 현대모비스","홈",1,116,2,"2점",0,FALSE,0.82,-0.521,-0.856
"2025_26","S47G01N207",20260216,"울산 현대모비스","홈",2,461,6,"3점",0,FALSE,1.2,-0.325,-1.167
"2025_26","S47G01N207",20260216,"울산 현대모비스","홈",3,531,16,"3점",0,FALSE,0.53,-0.325,-0.519
"2025_26","S47G01N207",20260216,"울산 현대모비스","홈",3,327,11,"3점",0,FALSE,0.91,-0.325,-0.886
"2025_26","S47G01N207",20260216,"울산 현대모비스","홈",3,69,11,"3점",1,FALSE,0.82,0.675,1.651
"2025_26","S47G01N207",20260216,"울산 현대모비스","홈",4,329,8,"2점",0,FALSE,0.73,-0.521,-0.757
"2025_26","S47G01N210",20260218,"안양 정관장","원정",1,536,3,"3점",0,FALSE,1.12,-0.325,-1.093
"2025_26","S47G01N210",20260218,"안양 정관장","원정",1,205,-9,"3점",0,FALSE,1.1,-0.325,-1.078
"2025_26","S47G01N210",20260218,"안양 정관장","원정",3,582,-15,"2점",1,FALSE,0.51,0.479,0.492
"2025_26","S47G01N210",20260218,"안양 정관장","원정",4,565,-18,"3점",0,FALSE,0.29,-0.325,-0.283
"2025_26","S47G01N213",20260219,"서울 삼성","홈",1,366,1,"3점",0,FALSE,1.19,-0.325,-1.163
"2025_26","S47G01N213",20260219,"서울 삼성","홈",1,168,1,"3점",1,FALSE,1.25,0.675,2.527
"2025_26","S47G01N213",20260219,"서울 삼성","홈",2,340,5,"2점",0,FALSE,0.85,-0.521,-0.883
"2025_26","S47G01N213",20260219,"서울 삼성","홈",2,287,5,"3점",0,FALSE,1.29,-0.325,-1.262
"2025_26","S47G01N213",20260219,"서울 삼성","홈",2,3,10,"3점",0,FALSE,1.02,-0.325,-0.995
"2025_26","S47G01N213",20260219,"서울 삼성","홈",3,467,8,"2점",0,FALSE,0.82,-0.521,-0.851
"2025_26","S47G01N213",20260219,"서울 삼성","홈",3,203,5,"3점",1,FALSE,1.59,0.675,3.222
"2025_26","S47G01N213",20260219,"서울 삼성","홈",3,135,7,"2점",1,FALSE,0.94,0.479,0.901
"2025_26","S47G01N213",20260219,"서울 삼성","홈",4,589,16,"3점",1,FALSE,0.26,0.675,0.526
"2025_26","S47G01N213",20260219,"서울 삼성","홈",4,232,18,"3점",0,FALSE,0,-0.325,-0.004
"2025_26","S47G01N214",20260305,"안양 정관장","홈",1,479,-1,"3점",0,FALSE,1.17,-0.325,-1.146
"2025_26","S47G01N214",20260305,"안양 정관장","홈",1,74,-4,"3점",1,FALSE,1.27,0.675,2.58
"2025_26","S47G01N214",20260305,"안양 정관장","홈",2,335,1,"2점",0,FALSE,0.93,-0.521,-0.964
"2025_26","S47G01N214",20260305,"안양 정관장","홈",2,276,-2,"3점",0,FALSE,1.46,-0.325,-1.421
"2025_26","S47G01N214",20260305,"안양 정관장","홈",2,133,0,"3점",0,FALSE,1.53,-0.325,-1.488
"2025_26","S47G01N214",20260305,"안양 정관장","홈",2,76,4,"3점",0,FALSE,1.42,-0.325,-1.39
"2025_26","S47G01N214",20260305,"안양 정관장","홈",3,543,4,"2점",1,FALSE,0.99,0.479,0.948
"2025_26","S47G01N214",20260305,"안양 정관장","홈",3,370,3,"3점",1,FALSE,1.65,0.675,3.346
"2025_26","S47G01N214",20260305,"안양 정관장","홈",3,183,2,"2점",0,FALSE,1.25,-0.521,-1.303
"2025_26","S47G01N214",20260305,"안양 정관장","홈",4,509,2,"3점",0,FALSE,2.25,-0.325,-2.197
"2025_26","S47G01N214",20260305,"안양 정관장","홈",4,174,-1,"3점",0,TRUE,4.17,-0.325,-4.07
"2025_26","S47G01N214",20260305,"안양 정관장","홈",4,37,-2,"2점",0,TRUE,5.04,-0.521,-5.252
"2025_26","S47G01N215",20260305,"부산 KCC","홈",1,443,-10,"3점",0,FALSE,1.03,-0.325,-1.001
"2025_26","S47G01N218",20260307,"원주 DB","원정",1,510,2,"3점",1,FALSE,1.14,0.675,2.313
"2025_26","S47G01N218",20260307,"원주 DB","원정",1,393,-1,"3점",1,FALSE,1.2,0.675,2.423
"2025_26","S47G01N218",20260307,"원주 DB","원정",1,305,-3,"3점",1,FALSE,1.22,0.675,2.46
"2025_26","S47G01N218",20260307,"원주 DB","원정",1,138,1,"3점",0,FALSE,1.26,-0.325,-1.227
"2025_26","S47G01N218",20260307,"원주 DB","원정",1,49,8,"3점",0,FALSE,1.06,-0.325,-1.038
"2025_26","S47G01N218",20260307,"고양 소노","홈",2,267,-17,"3점",0,FALSE,0.71,-0.325,-0.698
"2025_26","S47G01N218",20260307,"원주 DB","원정",2,24,9,"3점",0,FALSE,1.1,-0.325,-1.073
"2025_26","S47G01N218",20260307,"원주 DB","원정",3,536,10,"3점",0,FALSE,1.02,-0.325,-0.997
"2025_26","S47G01N218",20260307,"원주 DB","원정",3,332,13,"3점",1,FALSE,0.71,0.675,1.44
"2025_26","S47G01N218",20260307,"원주 DB","원정",3,165,16,"3점",0,FALSE,0.38,-0.325,-0.367
"2025_26","S47G01N218",20260307,"원주 DB","원정",3,35,12,"2점",1,FALSE,0.47,0.479,0.455
"2025_26","S47G01N218",20260307,"원주 DB","원정",4,421,14,"2점",0,FALSE,0.19,-0.521,-0.197
"2025_26","S47G01N218",20260307,"원주 DB","원정",4,173,18,"3점",0,FALSE,0,-0.325,-0
"2025_26","S47G01N223",20260308,"대구 한국가스공사","홈",2,372,10,"2점",1,FALSE,0.67,0.479,0.64
"2025_26","S47G01N223",20260308,"대구 한국가스공사","홈",2,111,8,"3점",1,FALSE,1.16,0.675,2.352
"2025_26","S47G01N223",20260308,"대구 한국가스공사","홈",2,86,11,"3점",0,FALSE,0.94,-0.325,-0.916
"2025_26","S47G01N223",20260308,"대구 한국가스공사","홈",2,64,9,"3점",0,FALSE,1.1,-0.325,-1.069
"2025_26","S47G01N223",20260308,"대구 한국가스공사","홈",2,1,4,"3점",0,FALSE,1.46,-0.325,-1.424
"2025_26","S47G01N226",20260311,"창원 LG","원정",1,477,-0,"2점",0,FALSE,0.77,-0.521,-0.798
"2025_26","S47G01N226",20260311,"창원 LG","원정",2,127,8,"2점",1,FALSE,0.78,0.479,0.746
"2025_26","S47G01N226",20260311,"창원 LG","원정",2,83,8,"3점",0,FALSE,1.17,-0.325,-1.139
"2025_26","S47G01N226",20260311,"창원 LG","원정",2,77,8,"2점",0,FALSE,0.79,-0.521,-0.82
"2025_26","S47G01N226",20260311,"창원 LG","원정",2,65,8,"2점",1,FALSE,0.79,0.479,0.755
"2025_26","S47G01N226",20260311,"창원 LG","원정",3,457,19,"3점",0,FALSE,0.32,-0.325,-0.313
"2025_26","S47G01N226",20260311,"창원 LG","원정",3,232,15,"3점",0,FALSE,0.49,-0.325,-0.478
"2025_26","S47G01N226",20260311,"창원 LG","원정",3,115,14,"3점",1,FALSE,0.51,0.675,1.034
"2025_26","S47G01N226",20260311,"창원 LG","원정",4,552,15,"2점",1,FALSE,0.22,0.479,0.211
"2025_26","S47G01N226",20260311,"창원 LG","원정",4,416,13,"3점",0,FALSE,0.33,-0.325,-0.325
"2025_26","S47G01N226",20260311,"창원 LG","원정",4,309,12,"3점",0,FALSE,0.28,-0.325,-0.269
"2025_26","S47G01N226",20260311,"창원 LG","원정",4,220,7,"2점",0,FALSE,0.74,-0.521,-0.776
"2025_26","S47G01N226",20260311,"창원 LG","원정",4,174,5,"2점",0,TRUE,1.2,-0.521,-1.246
"2025_26","S47G01N226",20260311,"창원 LG","원정",4,143,5,"2점",0,TRUE,1.1,-0.521,-1.149
"2025_26","S47G01N227",20260312,"서울 SK","원정",1,146,2,"3점",0,FALSE,1.24,-0.325,-1.21
"2025_26","S47G01N227",20260312,"서울 SK","원정",2,382,-7,"3점",0,FALSE,1.29,-0.325,-1.261
"2025_26","S47G01N227",20260312,"서울 SK","원정",2,28,-10,"3점",0,FALSE,1.23,-0.325,-1.201
"2025_26","S47G01N232",20260315,"창원 LG","홈",2,414,0,"3점",0,FALSE,1.39,-0.325,-1.355
"2025_26","S47G01N232",20260315,"창원 LG","홈",2,376,-2,"2점",1,FALSE,0.92,0.479,0.879
"2025_26","S47G01N232",20260315,"창원 LG","홈",2,210,-8,"2점",0,FALSE,0.83,-0.521,-0.869
"2025_26","S47G01N233",20260315,"서울 삼성","홈",1,573,0,"3점",0,FALSE,1.15,-0.325,-1.12
"2025_26","S47G01N233",20260315,"서울 삼성","홈",1,405,4,"3점",1,FALSE,1.13,0.675,2.286
"2025_26","S47G01N233",20260315,"서울 삼성","홈",1,200,8,"3점",1,FALSE,1.04,0.675,2.103
"2025_26","S47G01N233",20260315,"서울 삼성","홈",1,158,11,"2점",0,FALSE,0.61,-0.521,-0.633
"2025_26","S47G01N233",20260315,"서울 삼성","홈",1,60,12,"3점",0,FALSE,0.86,-0.325,-0.84
"2025_26","S47G01N233",20260315,"서울 삼성","홈",1,26,11,"2점",1,FALSE,0.62,0.479,0.589
"2025_26","S47G01N233",20260315,"서울 삼성","홈",3,548,10,"2점",1,FALSE,0.69,0.479,0.665
"2025_26","S47G01N233",20260315,"서울 삼성","홈",3,378,12,"3점",1,FALSE,0.82,0.675,1.659
"2025_26","S47G01N233",20260315,"서울 삼성","홈",3,342,12,"2점",0,FALSE,0.56,-0.521,-0.585
"2025_26","S47G01N233",20260315,"서울 삼성","홈",3,192,15,"2점",0,FALSE,0.33,-0.521,-0.347
"2025_26","S47G01N233",20260315,"서울 삼성","홈",3,127,19,"3점",1,FALSE,0.18,0.675,0.367
"2025_26","S47G01N233",20260315,"서울 삼성","홈",3,88,22,"3점",0,FALSE,0.07,-0.325,-0.07
"2025_26","S47G01N236",20260318,"수원 KT","원정",1,575,-0,"3점",0,FALSE,1.15,-0.325,-1.119
"2025_26","S47G01N236",20260318,"수원 KT","원정",1,521,-1,"3점",0,FALSE,1.16,-0.325,-1.136
"2025_26","S47G01N237",20260319,"부산 KCC","홈",1,531,-1,"2점",1,FALSE,0.76,0.479,0.726
"2025_26","S47G01N237",20260319,"부산 KCC","홈",1,328,0,"3점",0,FALSE,1.21,-0.325,-1.182
"2025_26","S47G01N237",20260319,"부산 KCC","홈",1,237,-5,"3점",1,FALSE,1.21,0.675,2.445
"2025_26","S47G01N237",20260319,"부산 KCC","홈",1,82,0,"2점",1,FALSE,0.84,0.479,0.806
"2025_26","S47G01N237",20260319,"부산 KCC","홈",2,132,11,"2점",0,FALSE,0.64,-0.521,-0.664
"2025_26","S47G01N237",20260319,"부산 KCC","홈",2,85,8,"2점",1,FALSE,0.79,0.479,0.752
"2025_26","S47G01N237",20260319,"부산 KCC","홈",2,27,8,"2점",1,FALSE,0.79,0.479,0.76
"2025_26","S47G01N237",20260319,"부산 KCC","홈",3,357,14,"3점",0,FALSE,0.63,-0.325,-0.615
"2025_26","S47G01N239",20260321,"울산 현대모비스","홈",1,473,4,"2점",0,FALSE,0.73,-0.521,-0.765
"2025_26","S47G01N239",20260321,"울산 현대모비스","홈",1,313,5,"3점",1,FALSE,1.12,0.675,2.274
"2025_26","S47G01N239",20260321,"울산 현대모비스","홈",1,261,6,"2점",0,FALSE,0.73,-0.521,-0.762
"2025_26","S47G01N239",20260321,"울산 현대모비스","홈",2,520,10,"3점",1,FALSE,0.98,0.675,1.983
"2025_26","S47G01N239",20260321,"울산 현대모비스","홈",2,241,11,"2점",0,FALSE,0.63,-0.521,-0.661
"2025_26","S47G01N239",20260321,"울산 현대모비스","홈",2,160,10,"2점",0,FALSE,0.68,-0.521,-0.713
"2025_26","S47G01N239",20260321,"울산 현대모비스","홈",3,471,5,"3점",0,FALSE,1.46,-0.325,-1.42
"2025_26","S47G01N239",20260321,"울산 현대모비스","홈",3,412,2,"2점",0,FALSE,1.11,-0.521,-1.158
"2025_26","S47G01N239",20260321,"울산 현대모비스","홈",3,357,4,"2점",1,FALSE,1.06,0.479,1.019
"2025_26","S47G01N239",20260321,"울산 현대모비스","홈",3,324,3,"2점",0,FALSE,1.12,-0.521,-1.17
"2025_26","S47G01N239",20260321,"울산 현대모비스","홈",3,219,2,"3점",0,FALSE,1.84,-0.325,-1.799
"2025_26","S47G01N239",20260321,"울산 현대모비스","홈",3,120,0,"2점",0,FALSE,1.36,-0.521,-1.414
"2025_26","S47G01N239",20260321,"울산 현대모비스","홈",4,583,-3,"2점",0,FALSE,1.46,-0.521,-1.525
"2025_26","S47G01N239",20260321,"울산 현대모비스","홈",4,421,-5,"2점",0,FALSE,1.49,-0.521,-1.557
"2025_26","S47G01N239",20260321,"울산 현대모비스","홈",4,305,-4,"2점",0,FALSE,1.82,-0.521,-1.894
"2025_26","S47G01N239",20260321,"울산 현대모비스","홈",4,212,-4,"2점",0,TRUE,2.05,-0.521,-2.135
"2025_26","S47G01N239",20260321,"울산 현대모비스","홈",4,151,-4,"3점",1,TRUE,3.7,0.675,7.484
"2025_26","S47G01N239",20260321,"울산 현대모비스","홈",4,81,-1,"2점",0,TRUE,4,-0.521,-4.168
"2025_26","S47G01N239",20260321,"울산 현대모비스","홈",4,32,-1,"3점",0,TRUE,8.93,-0.325,-8.716
"2025_26","S47G01N239",20260321,"울산 현대모비스","홈",4,3,-3,"3점",0,TRUE,6.11,-0.325,-5.959
"2025_26","S47G01N239",20260321,"울산 현대모비스","홈",5,197,0,"3점",0,TRUE,3.79,-0.325,-3.697
"2025_26","S47G01N239",20260321,"울산 현대모비스","홈",5,46,1,"3점",0,TRUE,4.92,-0.325,-4.802
"2025_26","S47G01N242",20260322,"대구 한국가스공사","홈",1,348,-3,"2점",1,FALSE,0.78,0.479,0.749
"2025_26","S47G01N242",20260322,"대구 한국가스공사","홈",1,211,-3,"2점",1,FALSE,0.81,0.479,0.774
"2025_26","S47G01N242",20260322,"대구 한국가스공사","홈",1,174,-1,"3점",0,FALSE,1.26,-0.325,-1.231
"2025_26","S47G01N244",20260324,"안양 정관장","홈",3,381,-4,"2점",1,FALSE,1.12,0.479,1.071
"2025_26","S47G01N245",20260325,"서울 SK","원정",1,426,-3,"3점",0,FALSE,1.18,-0.325,-1.154
"2025_26","S47G01N245",20260325,"서울 SK","원정",1,371,-1,"3점",0,FALSE,1.2,-0.325,-1.174
"2025_26","S47G01N245",20260325,"서울 SK","원정",1,341,1,"3점",0,FALSE,1.2,-0.325,-1.169
"2025_26","S47G01N245",20260325,"서울 SK","원정",1,29,2,"2점",1,FALSE,0.84,0.479,0.804
"2025_26","S47G01N245",20260325,"서울 SK","원정",2,526,-2,"2점",0,FALSE,0.88,-0.521,-0.915
"2025_26","S47G01N245",20260325,"서울 SK","원정",2,462,-2,"3점",0,FALSE,1.37,-0.325,-1.34
"2025_26","S47G01N245",20260325,"서울 SK","원정",2,94,-6,"3점",0,FALSE,1.45,-0.325,-1.415
"2025_26","S47G01N245",20260325,"서울 SK","원정",3,492,-7,"2점",1,FALSE,0.95,0.479,0.913
"2025_26","S47G01N245",20260325,"서울 SK","원정",3,429,-5,"3점",0,FALSE,1.65,-0.325,-1.611
"2025_26","S47G01N245",20260325,"서울 SK","원정",3,408,-5,"3점",0,FALSE,1.67,-0.325,-1.626
"2025_26","S47G01N245",20260325,"서울 SK","원정",3,130,-5,"3점",1,FALSE,1.91,0.675,3.876
"2025_26","S47G01N245",20260325,"서울 SK","원정",4,562,-1,"2점",0,FALSE,1.54,-0.521,-1.606
"2025_26","S47G01N245",20260325,"서울 SK","원정",4,417,-4,"3점",0,FALSE,2.54,-0.325,-2.48
"2025_26","S47G01N245",20260325,"서울 SK","원정",4,285,-5,"3점",0,TRUE,2.7,-0.325,-2.638
"2025_26","S47G01N245",20260325,"서울 SK","원정",4,41,-0,"3점",1,TRUE,6.91,0.675,13.983
"2025_26","S47G01N249",20260328,"원주 DB","홈",1,522,3,"2점",1,FALSE,0.74,0.479,0.708
"2025_26","S47G01N249",20260328,"원주 DB","홈",1,293,4,"3점",0,FALSE,1.16,-0.325,-1.128
"2025_26","S47G01N249",20260328,"원주 DB","홈",1,153,4,"2점",1,FALSE,0.79,0.479,0.753
"2025_26","S47G01N249",20260328,"원주 DB","홈",1,120,4,"3점",1,FALSE,1.2,0.675,2.429
"2025_26","S47G01N249",20260328,"원주 DB","홈",2,432,1,"3점",0,FALSE,1.37,-0.325,-1.334
"2025_26","S47G01N249",20260328,"원주 DB","홈",2,398,-1,"2점",0,FALSE,0.92,-0.521,-0.954
"2025_26","S47G01N249",20260328,"원주 DB","홈",2,154,-3,"2점",0,FALSE,0.98,-0.521,-1.021
"2025_26","S47G01N249",20260328,"원주 DB","홈",3,354,-2,"3점",0,FALSE,1.81,-0.325,-1.765
"2025_26","S47G01N249",20260328,"원주 DB","홈",3,54,-5,"3점",1,FALSE,2,0.675,4.056
"2025_26","S47G01N249",20260328,"원주 DB","홈",3,37,-2,"2점",0,FALSE,1.44,-0.521,-1.496
"2025_26","S47G01N249",20260328,"원주 DB","홈",3,1,-6,"2점",0,FALSE,1.23,-0.521,-1.286
"2025_26","S47G01N249",20260328,"원주 DB","홈",4,454,-2,"2점",1,FALSE,1.69,0.479,1.621
"2025_26","S47G01N249",20260328,"원주 DB","홈",4,382,-3,"3점",1,FALSE,2.77,0.675,5.598
"2025_26","S47G01N249",20260328,"고양 소노","원정",4,286,3,"2점",1,TRUE,1.73,0.479,1.654
"2025_26","S47G01N249",20260328,"원주 DB","홈",4,236,-9,"3점",0,FALSE,1.28,-0.325,-1.244
"2025_26","S47G01N249",20260328,"원주 DB","홈",4,231,-9,"3점",1,FALSE,1.26,0.675,2.551
"2025_26","S47G01N249",20260328,"고양 소노","원정",4,207,6,"3점",0,FALSE,1.29,-0.325,-1.257
"2025_26","S47G01N249",20260328,"원주 DB","홈",4,187,-8,"2점",0,FALSE,0.83,-0.521,-0.868
"2025_26","S47G01N249",20260328,"원주 DB","홈",4,135,-12,"2점",0,FALSE,0.06,-0.521,-0.066
"2025_26","S47G01N25",20251016,"부산 KCC","홈",2,33,0,"3점",0,FALSE,1.58,-0.325,-1.547
"2025_26","S47G01N257",20260402,"대구 한국가스공사","원정",1,450,4,"2점",0,FALSE,0.74,-0.521,-0.769
"2025_26","S47G01N257",20260402,"대구 한국가스공사","원정",1,388,4,"2점",1,FALSE,0.75,0.479,0.715
"2025_26","S47G01N257",20260402,"대구 한국가스공사","원정",1,322,4,"2점",1,FALSE,0.76,0.479,0.725
"2025_26","S47G01N257",20260402,"대구 한국가스공사","원정",1,252,1,"3점",0,FALSE,1.22,-0.325,-1.194
"2025_26","S47G01N257",20260402,"대구 한국가스공사","원정",1,186,1,"2점",1,FALSE,0.82,0.479,0.781
"2025_26","S47G01N257",20260402,"대구 한국가스공사","원정",1,92,3,"3점",0,FALSE,1.23,-0.325,-1.205
"2025_26","S47G01N257",20260402,"대구 한국가스공사","원정",1,4,2,"2점",1,FALSE,0.85,0.479,0.809
"2025_26","S47G01N257",20260402,"대구 한국가스공사","원정",2,565,7,"2점",1,FALSE,0.75,0.479,0.718
"2025_26","S47G01N257",20260402,"대구 한국가스공사","원정",2,25,18,"3점",0,FALSE,0.43,-0.325,-0.421
"2025_26","S47G01N257",20260402,"대구 한국가스공사","원정",2,19,18,"3점",0,FALSE,0.43,-0.325,-0.419
"2025_26","S47G01N257",20260402,"대구 한국가스공사","원정",2,6,18,"2점",1,FALSE,0.3,0.479,0.284
"2025_26","S47G01N257",20260402,"대구 한국가스공사","원정",3,550,23,"3점",0,FALSE,0.18,-0.325,-0.177
"2025_26","S47G01N257",20260402,"대구 한국가스공사","원정",3,400,13,"3점",0,FALSE,0.73,-0.325,-0.715
"2025_26","S47G01N257",20260402,"대구 한국가스공사","원정",4,563,11,"2점",1,FALSE,0.53,0.479,0.506
"2025_26","S47G01N257",20260402,"대구 한국가스공사","원정",4,477,8,"2점",1,FALSE,0.83,0.479,0.792
"2025_26","S47G01N257",20260402,"대구 한국가스공사","원정",4,160,7,"3점",0,FALSE,0.71,-0.325,-0.695
"2025_26","S47G01N260",20260404,"서울 삼성","홈",1,541,2,"2점",1,FALSE,0.75,0.479,0.714
"2025_26","S47G01N260",20260404,"서울 삼성","홈",1,420,7,"3점",1,FALSE,1.04,0.675,2.104
"2025_26","S47G01N260",20260404,"서울 삼성","홈",1,265,8,"3점",0,FALSE,1.03,-0.325,-1.004
"2025_26","S47G01N260",20260404,"서울 삼성","홈",2,248,10,"3점",1,FALSE,1,0.675,2.034
"2025_26","S47G01N260",20260404,"서울 삼성","홈",3,504,10,"3점",0,FALSE,1.02,-0.325,-0.997
"2025_26","S47G01N260",20260404,"서울 삼성","홈",3,363,8,"3점",1,FALSE,1.22,0.675,2.474
"2025_26","S47G01N263",20260405,"안양 정관장","홈",1,474,-2,"3점",0,FALSE,1.17,-0.325,-1.147
"2025_26","S47G01N263",20260405,"안양 정관장","홈",1,233,-7,"2점",0,FALSE,0.75,-0.521,-0.781
"2025_26","S47G01N263",20260405,"안양 정관장","홈",1,163,-10,"2점",1,FALSE,0.69,0.479,0.658
"2025_26","S47G01N263",20260405,"안양 정관장","홈",1,134,-11,"2점",1,FALSE,0.66,0.479,0.634
"2025_26","S47G01N263",20260405,"안양 정관장","홈",2,510,-6,"3점",0,FALSE,1.28,-0.325,-1.253
"2025_26","S47G01N263",20260405,"안양 정관장","홈",2,495,-6,"2점",0,FALSE,0.83,-0.521,-0.866
"2025_26","S47G01N263",20260405,"안양 정관장","홈",3,237,-12,"3점",1,FALSE,1.08,0.675,2.193
"2025_26","S47G01N263",20260405,"안양 정관장","홈",3,118,-11,"3점",0,FALSE,1.2,-0.325,-1.17
"2025_26","S47G01N263",20260405,"안양 정관장","홈",3,36,-8,"3점",0,FALSE,1.65,-0.325,-1.608
"2025_26","S47G01N263",20260405,"안양 정관장","홈",4,580,-10,"2점",1,FALSE,0.82,0.479,0.782
"2025_26","S47G01N263",20260405,"안양 정관장","홈",4,531,-10,"3점",1,FALSE,1.33,0.675,2.692
"2025_26","S47G01N263",20260405,"안양 정관장","홈",4,475,-7,"2점",0,FALSE,1.19,-0.521,-1.242
"2025_26","S47G01N263",20260405,"안양 정관장","홈",4,332,-7,"2점",0,FALSE,1.23,-0.521,-1.282
"2025_26","S47G01N263",20260405,"안양 정관장","홈",4,252,-3,"2점",0,TRUE,2.12,-0.521,-2.212
"2025_26","S47G01N263",20260405,"안양 정관장","홈",4,206,-2,"2점",1,TRUE,2.47,0.479,2.363
"2025_26","S47G01N263",20260405,"안양 정관장","홈",4,172,0,"3점",0,TRUE,4.02,-0.325,-3.927
"2025_26","S47G01N263",20260405,"안양 정관장","홈",4,132,-2,"3점",0,TRUE,4.72,-0.325,-4.601
"2025_26","S47G01N263",20260405,"안양 정관장","홈",4,91,-2,"2점",0,TRUE,3.56,-0.521,-3.712
"2025_26","S47G01N263",20260405,"안양 정관장","홈",4,44,0,"3점",0,TRUE,6.77,-0.325,-6.602
"2025_26","S47G01N269",20260408,"부산 KCC","원정",1,484,1,"3점",0,FALSE,1.16,-0.325,-1.133
"2025_26","S47G01N269",20260408,"부산 KCC","원정",3,327,-0,"3점",0,FALSE,1.82,-0.325,-1.779
"2025_26","S47G01N269",20260408,"부산 KCC","원정",3,118,1,"3점",0,FALSE,2.02,-0.325,-1.97
"2025_26","S47G01N27",20251018,"원주 DB","원정",1,509,-2,"2점",0,FALSE,0.76,-0.521,-0.792
"2025_26","S47G01N27",20251018,"원주 DB","원정",1,372,2,"2점",0,FALSE,0.77,-0.521,-0.806
"2025_26","S47G01N27",20251018,"원주 DB","원정",1,23,4,"2점",0,FALSE,0.81,-0.521,-0.845
"2025_26","S47G01N27",20251018,"고양 소노","홈",2,428,-5,"3점",0,FALSE,1.34,-0.325,-1.309
"2025_26","S47G01N27",20251018,"원주 DB","원정",2,369,7,"2점",1,FALSE,0.78,0.479,0.747
"2025_26","S47G01N27",20251018,"원주 DB","원정",3,407,10,"2점",0,FALSE,0.7,-0.521,-0.727
"2025_26","S47G01N27",20251018,"원주 DB","원정",3,376,8,"3점",1,FALSE,1.22,0.675,2.47
"2025_26","S47G01N27",20251018,"원주 DB","원정",4,493,5,"3점",0,FALSE,1.77,-0.325,-1.731
"2025_26","S47G01N27",20251018,"원주 DB","원정",4,460,6,"2점",1,FALSE,1.1,0.479,1.053
"2025_26","S47G01N27",20251018,"원주 DB","원정",4,216,-1,"2점",1,TRUE,2.48,0.479,2.371
"2025_26","S47G01N27",20251018,"원주 DB","원정",4,170,-0,"3점",0,TRUE,4.04,-0.325,-3.947
"2025_26","S47G01N27",20251018,"원주 DB","원정",4,9,-7,"3점",0,FALSE,0,-0.325,-0
"2025_26","S47G01N3",20251003,"울산 현대모비스","원정",2,445,5,"2점",0,FALSE,0.82,-0.521,-0.86
"2025_26","S47G01N3",20251003,"울산 현대모비스","원정",4,345,11,"3점",0,FALSE,0.46,-0.325,-0.449
"2025_26","S47G01N3",20251003,"울산 현대모비스","원정",4,226,9,"3점",0,FALSE,0.5,-0.325,-0.491
"2025_26","S47G01N3",20251003,"울산 현대모비스","원정",4,182,9,"2점",0,FALSE,0.28,-0.521,-0.292
"2025_26","S47G01N31",20251019,"부산 KCC","홈",1,556,-2,"2점",0,FALSE,0.75,-0.521,-0.784
"2025_26","S47G01N31",20251019,"부산 KCC","홈",1,522,-4,"2점",0,FALSE,0.75,-0.521,-0.777
"2025_26","S47G01N31",20251019,"부산 KCC","홈",1,482,-4,"3점",0,FALSE,1.16,-0.325,-1.13
"2025_26","S47G01N31",20251019,"부산 KCC","홈",1,434,-4,"3점",0,FALSE,1.17,-0.325,-1.142
"2025_26","S47G01N31",20251019,"부산 KCC","홈",1,323,-6,"2점",1,FALSE,0.75,0.479,0.721
"2025_26","S47G01N31",20251019,"부산 KCC","홈",1,297,-3,"3점",0,FALSE,1.22,-0.325,-1.188
"2025_26","S47G01N31",20251019,"부산 KCC","홈",1,244,-5,"2점",1,FALSE,0.78,0.479,0.748
"2025_26","S47G01N31",20251019,"부산 KCC","홈",2,518,-2,"3점",1,FALSE,1.35,0.675,2.734
"2025_26","S47G01N31",20251019,"부산 KCC","홈",2,473,2,"3점",0,FALSE,1.33,-0.325,-1.299
"2025_26","S47G01N31",20251019,"부산 KCC","홈",2,1,-12,"2점",0,FALSE,0.68,-0.521,-0.705
"2025_26","S47G01N31",20251019,"부산 KCC","홈",3,578,-12,"3점",0,FALSE,1.08,-0.325,-1.054
"2025_26","S47G01N31",20251019,"부산 KCC","홈",3,314,-9,"2점",0,FALSE,0.89,-0.521,-0.923
"2025_26","S47G01N31",20251019,"부산 KCC","홈",3,210,-13,"3점",0,FALSE,0.96,-0.325,-0.937
"2025_26","S47G01N31",20251019,"부산 KCC","홈",3,46,-10,"2점",1,FALSE,0.82,0.479,0.79
"2025_26","S47G01N31",20251019,"부산 KCC","홈",3,1,-6,"3점",0,FALSE,1.96,-0.325,-1.908
"2025_26","S47G01N31",20251019,"부산 KCC","홈",4,531,-8,"2점",1,FALSE,1.05,0.479,1.005
"2025_26","S47G01N31",20251019,"부산 KCC","홈",4,494,-8,"2점",1,FALSE,1.05,0.479,1.01
"2025_26","S47G01N31",20251019,"부산 KCC","홈",4,451,-6,"3점",0,FALSE,2.14,-0.325,-2.091
"2025_26","S47G01N31",20251019,"부산 KCC","홈",4,394,-4,"3점",0,FALSE,2.6,-0.325,-2.54
"2025_26","S47G01N31",20251019,"부산 KCC","홈",4,193,-5,"2점",0,TRUE,1.79,-0.521,-1.868
"2025_26","S47G01N31",20251019,"부산 KCC","홈",4,94,-7,"2점",1,FALSE,0.69,0.479,0.661
"2025_26","S47G01N31",20251019,"부산 KCC","홈",4,16,-6,"3점",0,FALSE,0.16,-0.325,-0.153
"2025_26","S47G01N32",20251019,"서울 SK","원정",2,371,-7,"3점",0,FALSE,1.3,-0.325,-1.265
"2025_26","S47G01N32",20251019,"서울 SK","원정",2,177,-4,"2점",0,FALSE,0.96,-0.521,-0.996
"2025_26","S47G01N32",20251019,"서울 SK","원정",3,434,-1,"2점",0,FALSE,1.14,-0.521,-1.186
"2025_26","S47G01N32",20251019,"서울 SK","원정",3,349,-3,"2점",0,FALSE,1.16,-0.521,-1.212
"2025_26","S47G01N34",20251021,"수원 KT","홈",2,532,-1,"3점",0,FALSE,1.35,-0.325,-1.314
"2025_26","S47G01N34",20251021,"수원 KT","홈",2,325,4,"3점",1,FALSE,1.32,0.675,2.679
"2025_26","S47G01N34",20251021,"수원 KT","홈",2,226,2,"3점",0,FALSE,1.43,-0.325,-1.4
"2025_26","S47G01N34",20251021,"수원 KT","홈",2,203,2,"3점",1,FALSE,1.45,0.675,2.925
"2025_26","S47G01N34",20251021,"수원 KT","홈",2,172,2,"2점",0,FALSE,0.96,-0.521,-1.004
"2025_26","S47G01N34",20251021,"수원 KT","홈",2,75,-3,"3점",0,FALSE,1.55,-0.325,-1.517
"2025_26","S47G01N34",20251021,"수원 KT","홈",3,325,-14,"3점",0,FALSE,0.88,-0.325,-0.857
"2025_26","S47G01N34",20251021,"수원 KT","홈",3,295,-16,"3점",0,FALSE,0.67,-0.325,-0.654
"2025_26","S47G01N37",20251024,"수원 KT","원정",2,570,-2,"2점",0,FALSE,0.87,-0.521,-0.904
"2025_26","S47G01N37",20251024,"수원 KT","원정",2,194,-4,"2점",0,FALSE,0.95,-0.521,-0.991
"2025_26","S47G01N37",20251024,"수원 KT","원정",2,63,-4,"3점",1,FALSE,1.54,0.675,3.116
"2025_26","S47G01N37",20251024,"수원 KT","원정",3,499,-2,"3점",1,FALSE,1.69,0.675,3.413
"2025_26","S47G01N37",20251024,"수원 KT","원정",3,461,1,"3점",0,FALSE,1.68,-0.325,-1.64
"2025_26","S47G01N37",20251024,"수원 KT","원정",3,291,-3,"3점",0,FALSE,1.85,-0.325,-1.806
"2025_26","S47G01N37",20251024,"수원 KT","원정",3,245,-3,"2점",0,FALSE,1.23,-0.521,-1.281
"2025_26","S47G01N37",20251024,"수원 KT","원정",4,519,-4,"3점",1,FALSE,2.31,0.675,4.683
"2025_26","S47G01N37",20251024,"수원 KT","원정",4,375,-5,"3점",0,FALSE,2.47,-0.325,-2.415
"2025_26","S47G01N37",20251024,"수원 KT","원정",4,255,-9,"3점",0,FALSE,1.32,-0.325,-1.292
"2025_26","S47G01N40",20251025,"서울 삼성","원정",2,373,18,"2점",1,FALSE,0.35,0.479,0.334
"2025_26","S47G01N40",20251025,"서울 삼성","원정",2,322,18,"2점",0,FALSE,0.34,-0.521,-0.358
"2025_26","S47G01N40",20251025,"서울 삼성","원정",2,237,20,"3점",0,FALSE,0.38,-0.325,-0.369
"2025_26","S47G01N40",20251025,"서울 삼성","원정",4,512,21,"3점",0,FALSE,0.04,-0.325,-0.038
"2025_26","S47G01N43",20251026,"서울 삼성","원정",2,440,-2,"2점",1,FALSE,0.9,0.479,0.862
"2025_26","S47G01N43",20251026,"서울 삼성","원정",2,334,-1,"2점",0,FALSE,0.93,-0.521,-0.974
"2025_26","S47G01N43",20251026,"서울 삼성","원정",2,240,-3,"2점",0,FALSE,0.95,-0.521,-0.991
"2025_26","S47G01N43",20251026,"서울 삼성","원정",2,233,-3,"3점",0,FALSE,1.47,-0.325,-1.433
"2025_26","S47G01N43",20251026,"서울 삼성","원정",2,204,-4,"2점",1,FALSE,0.95,0.479,0.907
"2025_26","S47G01N43",20251026,"서울 삼성","원정",2,82,-5,"3점",1,FALSE,1.5,0.675,3.029
"2025_26","S47G01N43",20251026,"서울 삼성","원정",2,2,-7,"3점",0,FALSE,1.44,-0.325,-1.407
"2025_26","S47G01N43",20251026,"서울 삼성","원정",3,421,-4,"2점",0,FALSE,1.1,-0.521,-1.144
"2025_26","S47G01N43",20251026,"서울 삼성","원정",3,287,-6,"2점",0,FALSE,1.08,-0.521,-1.126
"2025_26","S47G01N43",20251026,"서울 삼성","원정",3,4,-3,"2점",0,FALSE,1.44,-0.521,-1.5
"2025_26","S47G01N43",20251026,"서울 삼성","원정",4,537,1,"3점",0,FALSE,2.31,-0.325,-2.25
"2025_26","S47G01N43",20251026,"서울 삼성","원정",4,433,-6,"2점",0,FALSE,1.35,-0.521,-1.407
"2025_26","S47G01N43",20251026,"서울 삼성","원정",4,235,-2,"3점",1,TRUE,3.59,0.675,7.265
"2025_26","S47G01N43",20251026,"서울 삼성","원정",4,193,-1,"3점",0,TRUE,3.97,-0.325,-3.872
"2025_26","S47G01N43",20251026,"서울 삼성","원정",4,58,-6,"3점",1,FALSE,1.65,0.675,3.335
"2025_26","S47G01N43",20251026,"서울 삼성","원정",4,2,-2,"2점",0,TRUE,5.63,-0.521,-5.87
"2025_26","S47G01N46",20251029,"대구 한국가스공사","원정",1,443,-0,"3점",0,FALSE,1.18,-0.325,-1.151
"2025_26","S47G01N46",20251029,"대구 한국가스공사","원정",2,439,1,"2점",0,FALSE,0.9,-0.521,-0.934
"2025_26","S47G01N49",20251101,"창원 LG","홈",1,586,0,"2점",1,FALSE,0.75,0.479,0.717
"2025_26","S47G01N49",20251101,"창원 LG","홈",1,543,3,"2점",1,FALSE,0.74,0.479,0.705
"2025_26","S47G01N49",20251101,"창원 LG","홈",1,515,3,"3점",0,FALSE,1.13,-0.325,-1.098
"2025_26","S47G01N49",20251101,"창원 LG","홈",1,444,3,"3점",1,FALSE,1.14,0.675,2.311
"2025_26","S47G01N49",20251101,"창원 LG","홈",1,242,0,"3점",0,FALSE,1.24,-0.325,-1.206
"2025_26","S47G01N49",20251101,"창원 LG","홈",1,132,-3,"2점",1,FALSE,0.82,0.479,0.789
"2025_26","S47G01N49",20251101,"창원 LG","홈",2,273,0,"2점",1,FALSE,0.95,0.479,0.911
"2025_26","S47G01N49",20251101,"창원 LG","홈",3,520,8,"2점",1,FALSE,0.81,0.479,0.775
"2025_26","S47G01N49",20251101,"창원 LG","홈",3,464,10,"2점",1,FALSE,0.7,0.479,0.667
"2025_26","S47G01N49",20251101,"창원 LG","홈",3,433,12,"2점",1,FALSE,0.57,0.479,0.548
"2025_26","S47G01N49",20251101,"창원 LG","홈",3,363,14,"2점",0,FALSE,0.44,-0.521,-0.459
"2025_26","S47G01N49",20251101,"창원 LG","홈",3,3,20,"2점",0,FALSE,0.07,-0.521,-0.07
"2025_26","S47G01N49",20251101,"창원 LG","홈",4,525,16,"3점",0,FALSE,0.21,-0.325,-0.206
"2025_26","S47G01N49",20251101,"창원 LG","홈",4,379,17,"2점",0,FALSE,0.05,-0.521,-0.053
"2025_26","S47G01N49",20251101,"창원 LG","홈",4,291,14,"3점",0,FALSE,0.11,-0.325,-0.104
"2025_26","S47G01N49",20251101,"창원 LG","홈",4,105,8,"3점",0,FALSE,0.18,-0.325,-0.174
"2025_26","S47G01N49",20251101,"창원 LG","홈",4,54,10,"3점",0,FALSE,0,-0.325,-0.001
"2025_26","S47G01N51",20251101,"울산 현대모비스","홈",3,392,-6,"3점",1,FALSE,1.62,0.675,3.278
"2025_26","S47G01N51",20251101,"울산 현대모비스","홈",3,98,-5,"2점",1,FALSE,1.24,0.479,1.192
"2025_26","S47G01N51",20251101,"울산 현대모비스","홈",3,49,-6,"3점",1,FALSE,1.9,0.675,3.853
"2025_26","S47G01N51",20251101,"울산 현대모비스","홈",4,569,-1,"3점",1,FALSE,2.34,0.675,4.735
"2025_26","S47G01N53",20251102,"안양 정관장","원정",1,531,-2,"2점",0,FALSE,0.76,-0.521,-0.788
"2025_26","S47G01N53",20251102,"안양 정관장","원정",1,332,5,"2점",1,FALSE,0.74,0.479,0.708
"2025_26","S47G01N53",20251102,"안양 정관장","원정",1,267,4,"2점",1,FALSE,0.77,0.479,0.734
"2025_26","S47G01N53",20251102,"안양 정관장","원정",1,231,9,"2점",0,FALSE,0.66,-0.521,-0.689
"2025_26","S47G01N53",20251102,"안양 정관장","원정",1,211,9,"3점",0,FALSE,0.99,-0.325,-0.97
"2025_26","S47G01N53",20251102,"안양 정관장","원정",2,586,6,"3점",1,FALSE,1.16,0.675,2.357
"2025_26","S47G01N53",20251102,"안양 정관장","원정",2,80,-12,"3점",0,FALSE,1.07,-0.325,-1.045
"2025_26","S47G01N53",20251102,"안양 정관장","원정",2,57,-15,"2점",1,FALSE,0.52,0.479,0.498
"2025_26","S47G01N53",20251102,"안양 정관장","원정",3,418,-15,"3점",1,FALSE,0.8,0.675,1.622
"2025_26","S47G01N53",20251102,"안양 정관장","원정",3,383,-12,"3점",1,FALSE,1.09,0.675,2.206
"2025_26","S47G01N53",20251102,"안양 정관장","원정",3,279,-7,"3점",0,FALSE,1.62,-0.325,-1.577
"2025_26","S47G01N53",20251102,"안양 정관장","원정",3,140,-4,"3점",0,FALSE,1.97,-0.325,-1.926
"2025_26","S47G01N53",20251102,"안양 정관장","원정",3,82,-4,"3점",0,FALSE,2.05,-0.325,-1.999
"2025_26","S47G01N53",20251102,"안양 정관장","원정",4,517,-8,"3점",1,FALSE,1.71,0.675,3.454
"2025_26","S47G01N53",20251102,"안양 정관장","원정",4,424,-5,"2점",0,FALSE,1.49,-0.521,-1.553
"2025_26","S47G01N53",20251102,"안양 정관장","원정",4,374,-5,"2점",1,FALSE,1.55,0.479,1.484
"2025_26","S47G01N53",20251102,"안양 정관장","원정",4,336,-2,"2점",0,FALSE,1.96,-0.521,-2.04
"2025_26","S47G01N58",20251106,"울산 현대모비스","원정",1,410,-0,"2점",1,FALSE,0.78,0.479,0.745
"2025_26","S47G01N58",20251106,"울산 현대모비스","원정",1,376,2,"2점",1,FALSE,0.77,0.479,0.739
"2025_26","S47G01N58",20251106,"울산 현대모비스","원정",1,350,3,"2점",0,FALSE,0.77,-0.521,-0.799
"2025_26","S47G01N58",20251106,"울산 현대모비스","원정",1,325,-0,"3점",0,FALSE,1.21,-0.325,-1.182
"2025_26","S47G01N58",20251106,"울산 현대모비스","원정",1,242,4,"3점",0,FALSE,1.17,-0.325,-1.14
"2025_26","S47G01N58",20251106,"울산 현대모비스","원정",1,171,6,"2점",1,FALSE,0.74,0.479,0.712
"2025_26","S47G01N58",20251106,"울산 현대모비스","원정",2,566,4,"3점",0,FALSE,1.24,-0.325,-1.214
"2025_26","S47G01N58",20251106,"울산 현대모비스","원정",2,380,-0,"2점",0,FALSE,0.92,-0.521,-0.958
"2025_26","S47G01N58",20251106,"울산 현대모비스","원정",2,104,-9,"2점",1,FALSE,0.81,0.479,0.779
"2025_26","S47G01N58",20251106,"울산 현대모비스","원정",3,536,-6,"3점",0,FALSE,1.53,-0.325,-1.494
"2025_26","S47G01N58",20251106,"울산 현대모비스","원정",3,79,-10,"3점",0,FALSE,1.34,-0.325,-1.308
"2025_26","S47G01N58",20251106,"울산 현대모비스","원정",4,443,-11,"3점",0,FALSE,1.09,-0.325,-1.059
"2025_26","S47G01N58",20251106,"울산 현대모비스","원정",4,413,-11,"2점",0,FALSE,0.62,-0.521,-0.644
"2025_26","S47G01N58",20251106,"울산 현대모비스","원정",4,270,-14,"3점",0,FALSE,0.28,-0.325,-0.272
"2025_26","S47G01N6",20251004,"안양 정관장","원정",1,559,-3,"2점",0,FALSE,0.75,-0.521,-0.779
"2025_26","S47G01N6",20251004,"안양 정관장","원정",1,474,-0,"2점",1,FALSE,0.77,0.479,0.734
"2025_26","S47G01N6",20251004,"안양 정관장","원정",1,449,2,"3점",0,FALSE,1.16,-0.325,-1.129
"2025_26","S47G01N6",20251004,"안양 정관장","원정",1,414,2,"2점",0,FALSE,0.77,-0.521,-0.798
"2025_26","S47G01N6",20251004,"안양 정관장","원정",1,354,-4,"3점",0,FALSE,1.19,-0.325,-1.163
"2025_26","S47G01N6",20251004,"안양 정관장","원정",1,301,-7,"2점",0,FALSE,0.74,-0.521,-0.77
"2025_26","S47G01N6",20251004,"안양 정관장","원정",1,287,-7,"3점",0,FALSE,1.15,-0.325,-1.122
"2025_26","S47G01N6",20251004,"안양 정관장","원정",1,180,-9,"2점",1,FALSE,0.71,0.479,0.682
"2025_26","S47G01N6",20251004,"안양 정관장","원정",2,539,-10,"3점",0,FALSE,1.12,-0.325,-1.091
"2025_26","S47G01N6",20251004,"안양 정관장","원정",2,243,-11,"3점",0,FALSE,1.12,-0.325,-1.091
"2025_26","S47G01N6",20251004,"안양 정관장","원정",2,2,-23,"2점",0,FALSE,0.18,-0.521,-0.19
"2025_26","S47G01N6",20251004,"안양 정관장","원정",3,471,-20,"3점",0,FALSE,0.43,-0.325,-0.415
"2025_26","S47G01N6",20251004,"안양 정관장","원정",3,269,-18,"2점",0,FALSE,0.29,-0.521,-0.302
"2025_26","S47G01N6",20251004,"안양 정관장","원정",4,437,-14,"3점",0,FALSE,0.56,-0.325,-0.55
"2025_26","S47G01N61",20251108,"창원 LG","홈",1,247,-1,"2점",1,FALSE,0.81,0.479,0.775
"2025_26","S47G01N61",20251108,"창원 LG","홈",1,106,-2,"2점",1,FALSE,0.84,0.479,0.8
"2025_26","S47G01N61",20251108,"창원 LG","홈",3,200,7,"3점",1,FALSE,1.36,0.675,2.756
"2025_26","S47G01N61",20251108,"창원 LG","홈",3,114,12,"3점",0,FALSE,0.72,-0.325,-0.702
"2025_26","S47G01N61",20251108,"창원 LG","홈",3,85,10,"3점",0,FALSE,0.96,-0.325,-0.933
"2025_26","S47G01N64",20251109,"수원 KT","원정",1,569,-2,"3점",1,FALSE,1.15,0.675,2.33
"2025_26","S47G01N64",20251109,"수원 KT","원정",1,440,-1,"3점",0,FALSE,1.18,-0.325,-1.156
"2025_26","S47G01N64",20251109,"수원 KT","원정",1,194,3,"3점",0,FALSE,1.21,-0.325,-1.176
"2025_26","S47G01N64",20251109,"수원 KT","원정",1,56,-2,"2점",1,FALSE,0.85,0.479,0.811
"2025_26","S47G01N64",20251109,"수원 KT","원정",2,570,1,"3점",0,FALSE,1.31,-0.325,-1.283
"2025_26","S47G01N64",20251109,"수원 KT","원정",2,419,8,"3점",0,FALSE,1.1,-0.325,-1.078
"2025_26","S47G01N64",20251109,"수원 KT","원정",2,122,11,"3점",1,FALSE,0.94,0.675,1.901
"2025_26","S47G01N64",20251109,"수원 KT","원정",3,252,14,"3점",0,FALSE,0.59,-0.325,-0.572
"2025_26","S47G01N64",20251109,"수원 KT","원정",4,229,15,"3점",1,FALSE,0.03,0.675,0.055
"2025_26","S47G01N64",20251109,"수원 KT","원정",4,97,19,"2점",1,FALSE,0,0.479,0
"2025_26","S47G01N67",20251111,"수원 KT","홈",2,384,-4,"3점",0,FALSE,1.38,-0.325,-1.348
"2025_26","S47G01N67",20251111,"수원 KT","홈",2,326,-5,"2점",0,FALSE,0.89,-0.521,-0.93
"2025_26","S47G01N67",20251111,"수원 KT","홈",3,93,-13,"3점",0,FALSE,0.92,-0.325,-0.898
"2025_26","S47G01N67",20251111,"수원 KT","홈",4,425,-5,"3점",0,FALSE,2.37,-0.325,-2.311
"2025_26","S47G01N67",20251111,"수원 KT","홈",4,359,-5,"3점",0,FALSE,2.51,-0.325,-2.451
"2025_26","S47G01N69",20251113,"안양 정관장","원정",2,375,-4,"3점",0,FALSE,1.39,-0.325,-1.352
"2025_26","S47G01N70",20251113,"대구 한국가스공사","홈",1,584,0,"2점",1,FALSE,0.75,0.479,0.717
"2025_26","S47G01N70",20251113,"대구 한국가스공사","홈",1,415,2,"3점",0,FALSE,1.17,-0.325,-1.137
"2025_26","S47G01N70",20251113,"대구 한국가스공사","홈",1,242,3,"2점",0,FALSE,0.78,-0.521,-0.818
"2025_26","S47G01N70",20251113,"대구 한국가스공사","홈",1,120,1,"2점",0,FALSE,0.83,-0.521,-0.864
"2025_26","S47G01N70",20251113,"대구 한국가스공사","홈",2,370,-4,"2점",1,FALSE,0.9,0.479,0.861
"2025_26","S47G01N70",20251113,"대구 한국가스공사","홈",2,282,-6,"2점",0,FALSE,0.88,-0.521,-0.917
"2025_26","S47G01N70",20251113,"대구 한국가스공사","홈",2,277,-6,"3점",1,FALSE,1.37,0.675,2.772
"2025_26","S47G01N70",20251113,"대구 한국가스공사","홈",2,140,-2,"3점",0,FALSE,1.53,-0.325,-1.491
"2025_26","S47G01N70",20251113,"대구 한국가스공사","홈",2,108,0,"3점",0,FALSE,1.54,-0.325,-1.502
"2025_26","S47G01N70",20251113,"대구 한국가스공사","홈",3,590,-2,"3점",1,FALSE,1.62,0.675,3.281
"2025_26","S47G01N70",20251113,"대구 한국가스공사","홈",3,514,0,"2점",1,FALSE,1.09,0.479,1.047
"2025_26","S47G01N70",20251113,"대구 한국가스공사","홈",3,403,6,"3점",0,FALSE,1.4,-0.325,-1.369
"2025_26","S47G01N70",20251113,"대구 한국가스공사","홈",3,398,6,"3점",0,FALSE,1.4,-0.325,-1.371
"2025_26","S47G01N70",20251113,"대구 한국가스공사","홈",3,92,8,"3점",1,FALSE,1.24,0.675,2.506
"2025_26","S47G01N70",20251113,"대구 한국가스공사","홈",4,502,6,"2점",0,FALSE,1.09,-0.521,-1.138
"2025_26","S47G01N70",20251113,"대구 한국가스공사","홈",4,170,6,"2점",1,FALSE,0.86,0.479,0.827
"2025_26","S47G01N70",20251113,"대구 한국가스공사","홈",4,64,9,"3점",1,FALSE,0.01,0.675,0.018
"2025_26","S47G01N72",20251115,"서울 SK","홈",1,41,-9,"3점",1,FALSE,1.14,0.675,2.307
"2025_26","S47G01N72",20251115,"서울 SK","홈",1,14,-6,"3점",1,FALSE,1.25,0.675,2.531
"2025_26","S47G01N72",20251115,"서울 SK","홈",2,559,-3,"3점",0,FALSE,1.33,-0.325,-1.296
"2025_26","S47G01N72",20251115,"서울 SK","홈",4,503,1,"2점",0,FALSE,1.58,-0.521,-1.649
"2025_26","S47G01N75",20251116,"서울 삼성","홈",1,582,0,"3점",0,FALSE,1.15,-0.325,-1.117
"2025_26","S47G01N75",20251116,"서울 삼성","홈",1,472,-4,"2점",1,FALSE,0.75,0.479,0.722
"2025_26","S47G01N75",20251116,"서울 삼성","홈",1,40,-3,"2점",0,FALSE,0.84,-0.521,-0.88
"2025_26","S47G01N75",20251116,"서울 삼성","홈",2,528,-6,"3점",1,FALSE,1.28,0.675,2.587
"2025_26","S47G01N75",20251116,"서울 삼성","홈",2,464,-1,"2점",1,FALSE,0.9,0.479,0.859
"2025_26","S47G01N75",20251116,"서울 삼성","홈",2,252,-4,"2점",1,FALSE,0.93,0.479,0.893
"2025_26","S47G01N75",20251116,"서울 삼성","홈",2,213,-4,"2점",0,FALSE,0.94,-0.521,-0.984
"2025_26","S47G01N75",20251116,"서울 삼성","홈",3,589,-4,"3점",0,FALSE,1.58,-0.325,-1.545
"2025_26","S47G01N75",20251116,"서울 삼성","홈",3,397,-4,"3점",0,FALSE,1.72,-0.325,-1.679
"2025_26","S47G01N75",20251116,"서울 삼성","홈",3,283,-1,"3점",1,FALSE,1.88,0.675,3.809
"2025_26","S47G01N75",20251116,"서울 삼성","홈",3,150,3,"3점",0,FALSE,1.83,-0.325,-1.788
"2025_26","S47G01N75",20251116,"서울 삼성","홈",4,491,-1,"3점",0,FALSE,2.52,-0.325,-2.455
"2025_26","S47G01N75",20251116,"서울 삼성","홈",4,282,-1,"2점",1,TRUE,2.17,0.479,2.078
"2025_26","S47G01N75",20251116,"서울 삼성","홈",4,3,-6,"3점",0,FALSE,0,-0.325,-0
"2025_26","S47G01N79",20251118,"고양 소노","홈",1,564,0,"3점",0,FALSE,1.15,-0.325,-1.122
"2025_26","S47G01N79",20251118,"원주 DB","원정",1,382,4,"2점",1,FALSE,0.75,0.479,0.716
"2025_26","S47G01N79",20251118,"원주 DB","원정",1,341,6,"3점",0,FALSE,1.09,-0.325,-1.061
"2025_26","S47G01N79",20251118,"원주 DB","원정",1,235,13,"2점",0,FALSE,0.54,-0.521,-0.564
"2025_26","S47G01N79",20251118,"원주 DB","원정",2,404,16,"3점",0,FALSE,0.62,-0.325,-0.61
"2025_26","S47G01N79",20251118,"원주 DB","원정",2,314,15,"3점",0,FALSE,0.67,-0.325,-0.658
"2025_26","S47G01N79",20251118,"원주 DB","원정",2,289,14,"3점",1,FALSE,0.74,0.675,1.49
"2025_26","S47G01N79",20251118,"원주 DB","원정",2,138,9,"2점",0,FALSE,0.73,-0.521,-0.763
"2025_26","S47G01N79",20251118,"원주 DB","원정",3,407,7,"3점",1,FALSE,1.31,0.675,2.653
"2025_26","S47G01N79",20251118,"원주 DB","원정",3,301,5,"3점",0,FALSE,1.54,-0.325,-1.502
"2025_26","S47G01N79",20251118,"원주 DB","원정",3,3,3,"3점",1,FALSE,1.99,0.675,4.027
"2025_26","S47G01N79",20251118,"원주 DB","원정",4,332,12,"3점",1,FALSE,0.31,0.675,0.636
"2025_26","S47G01N79",20251118,"원주 DB","원정",4,148,9,"3점",1,FALSE,0.23,0.675,0.456
"2025_26","S47G01N8",20251005,"창원 LG","홈",2,508,6,"3점",0,FALSE,1.18,-0.325,-1.155
"2025_26","S47G01N8",20251005,"창원 LG","홈",4,491,-10,"2점",1,FALSE,0.79,0.479,0.76
"2025_26","S47G01N8",20251005,"창원 LG","홈",4,391,-6,"3점",1,FALSE,2.23,0.675,4.513
"2025_26","S47G01N83",20251120,"부산 KCC","원정",1,468,1,"2점",0,FALSE,0.76,-0.521,-0.796
"2025_26","S47G01N83",20251120,"부산 KCC","원정",1,435,4,"3점",1,FALSE,1.12,0.675,2.272
"2025_26","S47G01N83",20251120,"부산 KCC","원정",1,267,2,"2점",0,FALSE,0.79,-0.521,-0.825
"2025_26","S47G01N83",20251120,"부산 KCC","원정",1,229,2,"3점",0,FALSE,1.22,-0.325,-1.186
"2025_26","S47G01N83",20251120,"부산 KCC","원정",1,153,1,"3점",0,FALSE,1.25,-0.325,-1.223
"2025_26","S47G01N83",20251120,"부산 KCC","원정",2,569,-0,"3점",0,FALSE,1.33,-0.325,-1.295
"2025_26","S47G01N83",20251120,"부산 KCC","원정",2,546,-0,"3점",1,FALSE,1.34,0.675,2.703
"2025_26","S47G01N83",20251120,"부산 KCC","원정",2,491,1,"2점",1,FALSE,0.88,0.479,0.845
"2025_26","S47G01N83",20251120,"부산 KCC","원정",2,209,11,"3점",1,FALSE,0.94,0.675,1.898
"2025_26","S47G01N83",20251120,"부산 KCC","원정",2,51,10,"2점",0,FALSE,0.69,-0.521,-0.719
"2025_26","S47G01N83",20251120,"부산 KCC","원정",3,579,9,"3점",1,FALSE,1.1,0.675,2.236
"2025_26","S47G01N83",20251120,"부산 KCC","원정",3,537,12,"3점",0,FALSE,0.85,-0.325,-0.827
"2025_26","S47G01N83",20251120,"부산 KCC","원정",3,444,12,"2점",1,FALSE,0.57,0.479,0.549
"2025_26","S47G01N83",20251120,"부산 KCC","원정",3,363,12,"2점",1,FALSE,0.56,0.479,0.54
"2025_26","S47G01N83",20251120,"부산 KCC","원정",3,309,12,"2점",1,FALSE,0.56,0.479,0.532
"2025_26","S47G01N83",20251120,"부산 KCC","원정",4,452,7,"2점",1,FALSE,0.96,0.479,0.917
"2025_26","S47G01N83",20251120,"부산 KCC","원정",4,404,10,"3점",1,FALSE,0.72,0.675,1.448
"2025_26","S47G01N83",20251120,"부산 KCC","원정",4,296,11,"3점",0,FALSE,0.37,-0.325,-0.357
"2025_26","S47G01N83",20251120,"부산 KCC","원정",4,283,11,"2점",1,FALSE,0.26,0.479,0.249
"2025_26","S47G01N86",20251205,"서울 SK","홈",1,545,-2,"3점",0,FALSE,1.16,-0.325,-1.129
"2025_26","S47G01N86",20251205,"서울 SK","홈",1,500,1,"2점",1,FALSE,0.76,0.479,0.726
"2025_26","S47G01N86",20251205,"서울 SK","홈",1,484,3,"3점",1,FALSE,1.13,0.675,2.292
"2025_26","S47G01N86",20251205,"서울 SK","홈",1,440,6,"2점",0,FALSE,0.71,-0.521,-0.737
"2025_26","S47G01N86",20251205,"서울 SK","홈",1,355,1,"3점",0,FALSE,1.19,-0.325,-1.166
"2025_26","S47G01N86",20251205,"서울 SK","홈",1,332,1,"2점",0,FALSE,0.79,-0.521,-0.821
"2025_26","S47G01N86",20251205,"서울 SK","홈",1,227,1,"2점",0,FALSE,0.81,-0.521,-0.841
"2025_26","S47G01N86",20251205,"서울 SK","홈",1,138,2,"3점",0,FALSE,1.24,-0.325,-1.212
"2025_26","S47G01N86",20251205,"서울 SK","홈",2,402,0,"2점",0,FALSE,0.91,-0.521,-0.951
"2025_26","S47G01N86",20251205,"서울 SK","홈",2,193,-5,"2점",1,FALSE,0.93,0.479,0.89
"2025_26","S47G01N86",20251205,"서울 SK","홈",2,157,-5,"3점",1,FALSE,1.46,0.675,2.952
"2025_26","S47G01N86",20251205,"서울 SK","홈",3,533,-13,"2점",0,FALSE,0.62,-0.521,-0.647
"2025_26","S47G01N86",20251205,"서울 SK","홈",3,391,-11,"3점",0,FALSE,1.19,-0.325,-1.161
"2025_26","S47G01N86",20251205,"서울 SK","홈",4,487,-21,"2점",1,FALSE,0.05,0.479,0.044
"2025_26","S47G01N86",20251205,"서울 SK","홈",4,456,-18,"2점",1,FALSE,0.11,0.479,0.103
"2025_26","S47G01N86",20251205,"서울 SK","홈",4,393,-16,"3점",1,FALSE,0.28,0.675,0.561
"2025_26","S47G01N86",20251205,"서울 SK","홈",4,357,-15,"3점",0,FALSE,0.32,-0.325,-0.315
"2025_26","S47G01N86",20251205,"서울 SK","홈",4,324,-15,"3점",1,FALSE,0.27,0.675,0.55
"2025_26","S47G01N86",20251205,"서울 SK","홈",4,294,-12,"3점",0,FALSE,0.64,-0.325,-0.621
"2025_26","S47G01N86",20251205,"서울 SK","홈",4,56,-11,"3점",1,FALSE,0.01,0.675,0.022
"2025_26","S47G01N9",20251005,"울산 현대모비스","홈",1,221,-6,"3점",0,FALSE,1.19,-0.325,-1.162
"2025_26","S47G01N9",20251005,"울산 현대모비스","홈",2,375,-6,"2점",1,FALSE,0.86,0.479,0.821
"2025_26","S47G01N9",20251005,"울산 현대모비스","홈",2,342,-4,"2점",1,FALSE,0.91,0.479,0.868
"2025_26","S47G01N9",20251005,"울산 현대모비스","홈",2,112,-4,"3점",0,FALSE,1.51,-0.325,-1.475
"2025_26","S47G01N9",20251005,"울산 현대모비스","홈",2,19,0,"2점",0,FALSE,1.05,-0.521,-1.089
"2025_26","S47G01N9",20251005,"울산 현대모비스","홈",3,583,0,"3점",0,FALSE,1.62,-0.325,-1.578
"2025_26","S47G01N9",20251005,"울산 현대모비스","홈",4,524,-12,"3점",0,FALSE,0.97,-0.325,-0.947
"2025_26","S47G01N92",20251207,"서울 삼성","원정",1,534,-2,"2점",1,FALSE,0.76,0.479,0.724
"2025_26","S47G01N92",20251207,"서울 삼성","원정",1,304,-4,"3점",0,FALSE,1.21,-0.325,-1.176
"2025_26","S47G01N92",20251207,"서울 삼성","원정",1,143,-1,"2점",1,FALSE,0.83,0.479,0.795
"2025_26","S47G01N92",20251207,"서울 삼성","원정",1,57,1,"3점",0,FALSE,1.28,-0.325,-1.253
"2025_26","S47G01N92",20251207,"서울 삼성","원정",1,39,1,"2점",1,FALSE,0.85,0.479,0.811
"2025_26","S47G01N92",20251207,"서울 삼성","원정",2,587,5,"2점",1,FALSE,0.8,0.479,0.763
"2025_26","S47G01N92",20251207,"서울 삼성","원정",2,473,9,"2점",1,FALSE,0.7,0.479,0.667
"2025_26","S47G01N92",20251207,"서울 삼성","원정",2,253,11,"3점",0,FALSE,0.94,-0.325,-0.914
"2025_26","S47G01N92",20251207,"서울 삼성","원정",2,142,12,"3점",1,FALSE,0.86,0.675,1.75
"2025_26","S47G01N92",20251207,"서울 삼성","원정",3,94,21,"2점",1,FALSE,0.07,0.479,0.069
"2025_26","S47G01N92",20251207,"서울 삼성","원정",4,577,23,"3점",0,FALSE,0.03,-0.325,-0.028
"2025_26","S47G01N92",20251207,"서울 삼성","원정",4,335,16,"2점",0,FALSE,0.05,-0.521,-0.055
"2025_26","S47G01N92",20251207,"서울 삼성","원정",4,213,10,"3점",0,FALSE,0.3,-0.325,-0.293
"2025_26","S47G01N92",20251207,"서울 삼성","원정",4,97,13,"2점",0,FALSE,0,-0.521,-0.001
"2025_26","S47G01N94",20251208,"울산 현대모비스","홈",3,529,-6,"2점",0,FALSE,0.98,-0.521,-1.026
"2025_26","S47G01N95",20251209,"안양 정관장","홈",1,480,2,"2점",0,FALSE,0.75,-0.521,-0.787
"2025_26","S47G01N95",20251209,"안양 정관장","홈",1,249,6,"2점",0,FALSE,0.73,-0.521,-0.764
"2025_26","S47G01N95",20251209,"안양 정관장","홈",1,226,3,"3점",0,FALSE,1.2,-0.325,-1.168
"2025_26","S47G01N95",20251209,"안양 정관장","홈",1,88,-1,"2점",0,FALSE,0.84,-0.521,-0.878
"2025_26","S47G01N95",20251209,"안양 정관장","홈",2,548,-4,"2점",0,FALSE,0.85,-0.521,-0.89
"2025_26","S47G01N95",20251209,"안양 정관장","홈",2,81,-8,"3점",1,FALSE,1.35,0.675,2.733
"2025_26","S47G01N95",20251209,"안양 정관장","홈",2,50,-7,"2점",0,FALSE,0.91,-0.521,-0.947
"2025_26","S47G01N95",20251209,"안양 정관장","홈",3,466,-10,"3점",0,FALSE,1.27,-0.325,-1.239
"2025_26","S47G01N95",20251209,"안양 정관장","홈",3,242,-12,"3점",0,FALSE,1.08,-0.325,-1.058
"2025_26","S47G01N95",20251209,"안양 정관장","홈",3,96,-11,"3점",0,FALSE,1.2,-0.325,-1.168
"2025_26","S47G01N95",20251209,"안양 정관장","홈",4,542,-5,"2점",1,FALSE,1.37,0.479,1.311
"2025_26","S47G01N95",20251209,"안양 정관장","홈",4,434,-9,"2점",0,FALSE,0.91,-0.521,-0.949
"2025_26","S47G01N95",20251209,"안양 정관장","홈",4,39,-10,"2점",0,FALSE,0,-0.521,-0.001
"2025_26","S47G01N97",20251211,"서울 SK","홈",2,197,2,"2점",1,FALSE,0.95,0.479,0.914
"2025_26","S47G01N97",20251211,"서울 SK","홈",2,108,2,"3점",0,FALSE,1.49,-0.325,-1.457
